date,symbol,open,high,low,close,volume,log_ret_close,log_ret_vol,volatility,rsi,macd,target_log_ret_close_next_1d
2020-08-22,BTCUSDT,11531.23,11686.0,11376.81,11662.96,43678.701646,,,,,,-0.001272355947377651
2020-08-23,BTCUSDT,11663.51,11718.07,11514.13,11648.13,37900.00469,-0.001272355947377651,-0.14190937093818953,,,,0.008554385259456227
2020-08-24,BTCUSDT,11648.12,11824.9,11585.09,11748.2,46212.391867,0.008554385259456227,0.19829674851690415,,,,-0.03726855030411857
2020-08-25,BTCUSDT,11748.19,11767.85,11117.64,11318.42,69590.923272,-0.03726855030411857,0.4093861617252909,,,,0.01255599829022591
2020-08-26,BTCUSDT,11318.42,11539.32,11244.0,11461.43,53998.231231,0.01255599829022591,-0.2536828550309334,,,,-0.011499871598155137
2020-08-27,BTCUSDT,11461.42,11592.2,11125.0,11330.38,63246.036383,-0.011499871598155137,0.1580811687162815,,,,0.017196688078947187
2020-08-28,BTCUSDT,11330.38,11542.65,11276.89,11526.91,45953.908365,0.017196688078947187,-0.3193935576683715,,,,-0.005312121743530515
2020-08-29,BTCUSDT,11526.9,11580.02,11417.04,11465.84,32973.7992,-0.005312121743530515,-0.33192561962018996,0.6401255421949392,,,0.02117005324622385
2020-08-30,BTCUSDT,11465.84,11719.0,11458.0,11711.16,43177.879054,0.02117005324622385,0.26961502269387405,0.863865376293828,,,-0.005278114294061569
2020-08-31,BTCUSDT,11711.17,11800.77,11570.0,11649.51,55353.617744,-0.005278114294061569,0.24841371307930857,1.0910090564393773,,,0.023118797396930114
2020-09-01,BTCUSDT,11649.51,12050.85,11515.0,11921.97,78148.193668,0.023118797396930114,0.34486492469989066,1.5016353883295206,,,-0.04577532981158565
2020-09-02,BTCUSDT,11921.97,11954.57,11160.1,11388.54,87221.845602,-0.04577532981158565,0.10984787955088317,1.6375223057078157,,,-0.11603576554688845
2020-09-03,BTCUSDT,11388.54,11462.6,9960.8,10140.85,121950.106015,-0.11603576554688845,0.3351571714952314,2.1021982477519066,,,0.02967124125373026
2020-09-04,BTCUSDT,10138.29,10627.05,9875.5,10446.25,92733.599113,0.02967124125373026,-0.27388113711213624,1.396652399213996,,,-0.027126372308919018
2020-09-05,BTCUSDT,10446.25,10565.68,9825.0,10166.69,90001.605568,-0.027126372308919018,-0.02990334706552351,1.2315513737931514,28.153421167053537,,0.008765710743617944
2020-09-06,BTCUSDT,10166.69,10347.14,9994.86,10256.2,56368.788815,0.008765710743617944,-0.46791189429318786,0.6939687823428962,30.34801351271109,,0.011366292597355596
2020-09-07,BTCUSDT,10255.89,10410.75,9875.0,10373.44,62620.230676,0.011366292597355596,0.10517278411229072,0.7534520008984973,33.22508115181769,,-0.0240781306870189
2020-09-08,BTCUSDT,10373.45,10438.0,9850.0,10126.65,73491.878418,-0.0240781306870189,0.16008650276449526,0.8733521201471293,30.38032280246034,,0.009097741146643187
2020-09-09,BTCUSDT,10126.66,10343.0,9981.01,10219.2,49347.113776,0.009097741146643187,-0.3982956230121621,0.5910966077168358,32.70724150532725,,0.011448811499434249
2020-09-10,BTCUSDT,10219.29,10483.35,10070.83,10336.87,58253.75375,0.011448811499434249,0.16592925304257466,0.746141511195806,35.652055687964804,,0.004923589278497632
2020-09-11,BTCUSDT,10336.86,10397.6,10200.0,10387.89,43830.254467,0.004923589278497632,-0.28448421224342907,0.6354618836104422,36.94059832755269,,0.00509199657416824
2020-09-12,BTCUSDT,10387.89,10477.97,10269.25,10440.92,35379.153096,0.00509199657416824,-0.21420156910677388,0.5707450910391436,38.32305904258276,,-0.010406496224025646
2020-09-13,BTCUSDT,10440.67,10580.11,10200.0,10332.83,43837.609865,-0.010406496224025646,0.21436937057138813,0.8090440561257619,36.56351761344597,,0.03227573226362602
2020-09-14,BTCUSDT,10332.84,10750.0,10212.34,10671.77,67059.291361,0.03227573226362602,0.425085052093174,1.279897063869962,45.07883876045909,,0.010583085836546963
2020-09-15,BTCUSDT,10671.77,10930.04,10606.48,10785.31,61822.452786,0.010583085836546963,-0.08131056157342655,1.1658358607978627,47.615572519632636,,0.015520576216204314
2020-09-16,BTCUSDT,10785.23,11093.0,10661.22,10954.01,64991.51244,0.015520576216204314,0.04999007135292603,1.2653771768896325,51.22070765856132,,-0.0012807163530045075
2020-09-17,BTCUSDT,10954.01,11045.46,10745.83,10939.99,55601.614529,-0.0012807163530045075,-0.15604444439715354,1.037415367000811,50.90715119629304,,-0.0006034732812486935
2020-09-18,BTCUSDT,10940.0,11038.03,10812.84,10933.39,47266.728275,-0.0006034732812486935,-0.16240561027692219,0.8881816293216822,50.749650006715804,,0.013378934222998818
2020-09-19,BTCUSDT,10933.4,11179.79,10887.37,11080.65,38440.036858,0.013378934222998818,-0.20670708590279313,0.7157182415697065,54.15763448128078,,-0.014578732844710519
2020-09-20,BTCUSDT,11080.64,11080.64,10723.0,10920.28,39157.922565,-0.014578732844710519,0.018503223385136245,0.7231966734284401,50.092421279332584,,-0.047161404910191086
2020-09-21,BTCUSDT,10920.28,10988.86,10296.35,10417.22,70683.431179,-0.047161404910191086,0.5906084252018194,1.3217518870316507,39.95967946113086,,0.010731082319475616
2020-09-22,BTCUSDT,10417.22,10572.71,10353.0,10529.61,43991.235476,0.010731082319475616,-0.47422077118425787,0.8147307517800033,42.74613630077455,,-0.027747100849892316
2020-09-23,BTCUSDT,10529.61,10537.15,10136.82,10241.46,51876.568079,-0.027747100849892316,0.16487678577363718,1.0083399731675813,37.890805818471954,,0.047188198471375946
2020-09-24,BTCUSDT,10241.46,10795.24,10190.93,10736.32,57676.619427,0.047188198471375946,0.105984676034251,1.163446491853737,48.67318613033724,12.163495136749589,-0.00463521561603508
2020-09-25,BTCUSDT,10736.33,10760.53,10556.24,10686.67,48101.117008,-0.00463521561603508,-0.181546482695554,0.9645230954031604,47.77699798537338,19.459831725630664,0.0039159023986676655
2020-09-26,BTCUSDT,10686.57,10820.94,10644.68,10728.6,28420.836659,0.0039159023986676655,-0.5261828381337957,0.5685354261714782,48.63709860372877,26.91308392750014,0.004245955171710726
2020-09-27,BTCUSDT,10728.59,10799.0,10594.82,10774.25,30549.483253,0.004245955171710726,0.07222520935130847,0.6291306835644828,49.61013970134614,34.250037346470194,-0.007277969114733297
2020-09-28,BTCUSDT,10774.26,10950.0,10626.0,10696.12,50095.251734,-0.007277969114733297,0.49457845715171894,1.0584591382426616,47.9363223212237,33.152068528902774,0.013406216589902006
2020-09-29,BTCUSDT,10696.11,10867.54,10635.87,10840.48,41874.898399,0.013406216589902006,-0.17923966398109936,0.9433981528681116,51.21173997391014,40.94804295743772,-0.005911086565506154
2020-09-30,BTCUSDT,10840.58,10849.34,10665.13,10776.59,39596.027322,-0.005911086565506154,-0.055957770773232926,0.898175257990338,49.72086502774032,40.526533483668715,-0.014719097354311225
2020-10-01,BTCUSDT,10776.59,10920.0,10437.0,10619.13,60866.332893,-0.014719097354311225,0.42995140271555443,1.437880066658223,46.15463732036062,28.91277355127761,-0.004599449436267366
2020-10-02,BTCUSDT,10619.13,10664.64,10374.0,10570.4,50130.393705,-0.004599449436267366,-0.1940527108670682,1.1716465146317379,45.077088152372006,17.765736875348466,-0.0026846721814158783
2020-10-03,BTCUSDT,10570.4,10603.56,10496.46,10542.06,22298.221341,-0.0026846721814158783,-0.8101205701332407,0.5176462723892662,44.42746513279622,8.75632983405849,0.011747206689254342
2020-10-04,BTCUSDT,10542.07,10696.87,10517.87,10666.63,23212.001595,0.011747206689254342,0.04016254025105531,0.5500276781161904,47.9764476323509,11.297437166881878,0.011704400948838524
2020-10-05,BTCUSDT,10666.62,10798.0,10615.64,10792.21,34025.761653,0.011704400948838524,0.3824484783433613,0.8268051034836543,51.34949689634634,20.98368078929734,-0.018002652442652742
2020-10-06,BTCUSDT,10792.2,10800.0,10525.0,10599.66,48674.740471,-0.018002652442652742,0.3580422859831909,1.2526420130633882,46.383629311758064,14.290449073896383,0.006275751163339584
2020-10-07,BTCUSDT,10599.65,10681.87,10546.17,10666.39,32811.990279,0.006275751163339584,-0.3943662134924724,0.8238201789780263,48.25138454478379,14.195822857027707,0.0240082372384519
2020-10-08,BTCUSDT,10666.4,10950.0,10530.41,10925.57,51959.691572,0.0240082372384519,0.4596742500341351,1.3371023718526611,54.832686973599365,30.491389442955757,0.011382431304897278
2020-10-09,BTCUSDT,10925.44,11104.64,10829.0,11050.64,48240.073237,0.011382431304897278,-0.07427818531332128,1.283405869529806,57.63282214873254,47.5776878803941,0.02171420080767896
2020-10-10,BTCUSDT,11050.64,11491.0,11050.51,11293.22,43648.036943,0.02171420080767896,-0.10003176199235843,1.1696399882119382,62.49004282760832,71.65468422603341,0.006689566668831729
2020-10-11,BTCUSDT,11293.22,11445.0,11221.0,11369.02,29043.851339,0.006689566668831729,-0.4073515055758685,0.7194865258584007,63.88340493795572,88.0443331633078,0.013908432475919988
2020-10-12,BTCUSDT,11369.02,11720.01,11172.0,11528.25,52825.28371,0.013908432475919988,0.5981831312106984,1.2821486505910606,66.68316931178025,103.88016604127698,-0.009385304987830363
2020-10-13,BTCUSDT,11528.24,11557.0,11300.0,11420.56,42205.283709,-0.009385304987830363,-0.2244445146614728,0.9616974573194293,63.119375715632536,101.26776247811911,-0.00023381621889088832
2020-10-14,BTCUSDT,11420.57,11547.98,11280.0,11417.89,41415.106015,-0.00023381621889088832,-0.018899725710438048,0.9639932262591918,63.02943418242471,93.70062956604966,0.007610730096360131
2020-10-15,BTCUSDT,11417.89,11617.34,11250.83,11505.12,48760.717679,0.007610730096360131,0.16327932923779406,1.103407169084119,64.79444774752929,88.94829518722489,-0.016281153381309317
2020-10-16,BTCUSDT,11505.13,11541.15,11200.0,11319.32,48797.749502,-0.016281153381309317,0.000759171927330016,1.1157839048170761,58.399120430191346,68.58247930906639,0.003605018472487021
2020-10-17,BTCUSDT,11319.24,11402.42,11255.0,11360.2,22368.915241,0.003605018472487021,-0.7800119123924102,0.5105459214784493,59.349807210051196,53.8079201228083,0.012504022806047878
2020-10-18,BTCUSDT,11360.31,11505.0,11346.22,11503.14,23284.041191,0.012504022806047878,0.040095915835827285,0.571053375705051,62.5706860114054,49.70295075178433,0.021358297570117018
2020-10-19,BTCUSDT,11503.14,11823.99,11407.96,11751.47,47414.534692,0.021358297570117018,0.7111606222917964,1.1868168065415468,67.40294529263929,59.11312336132448,0.013399204588298025
2020-10-20,BTCUSDT,11751.46,12038.38,11677.59,11909.99,62134.750663,0.013399204588298025,0.2703766036543881,1.5859582370628587,70.06016420130243,70.63483318174357,0.07057901976281855
2020-10-21,BTCUSDT,11910.0,13217.68,11886.95,12780.96,114584.456767,0.07057901976281855,0.6120067403536101,2.7265708345716715,79.80230797573168,128.1819300652766,0.014568318834834563
2020-10-22,BTCUSDT,12780.75,13185.0,12678.08,12968.52,70038.824144,0.014568318834834563,-0.4922624458493969,1.334635146285492,81.21951602850153,167.65435181255717,-0.0035107961066538486
2020-10-23,BTCUSDT,12968.84,13027.69,12720.08,12923.07,50386.999841,-0.0035107961066538486,-0.32931651678474255,0.9075858913191457,79.75905420863532,178.47643574908062,0.014493163177937982
2020-10-24,BTCUSDT,12923.06,13166.73,12870.0,13111.73,35952.20907,0.014493163177937982,-0.3375426714627318,0.6449446108302358,81.26501538957201,185.30730084971316,-0.006342655085969485
2020-10-25,BTCUSDT,13111.73,13350.0,12888.0,13028.83,38481.579504,-0.006342655085969485,0.06798914167659541,0.6670971951886402,78.50114083526262,171.525784461949,0.0017913414618498272
2020-10-26,BTCUSDT,13029.64,13238.81,12765.0,13052.19,60951.672986,0.0017913414618498272,0.4599016316930152,1.0183018564264303,78.72076178899678,151.9375995457455,0.04376988541595295
2020-10-27,BTCUSDT,13052.15,13789.29,13019.87,13636.17,80811.01945,0.04376988541595295,0.28203203151057055,1.307831806861062,83.31069551907474,165.1679144773055,-0.027491298279312352
2020-10-28,BTCUSDT,13636.16,13859.48,12888.0,13266.4,94440.561226,-0.027491298279312352,0.15585731931233357,1.4651463244930378,72.62817248169583,137.03212638945064,0.01416828517726635
2020-10-29,BTCUSDT,13266.4,13642.91,12920.77,13455.7,74872.602132,0.01416828517726635,-0.23218262389769423,1.2158509952821985,74.43541116574615,119.81000820311704,0.007728849021307219
2020-10-30,BTCUSDT,13455.69,13669.98,13115.0,13560.1,70657.778881,0.007728849021307219,-0.0579398234323198,1.1346828628711612,75.40008370708871,104.63998786977686,0.016884548375875077
2020-10-31,BTCUSDT,13560.1,14100.0,13411.5,13791.0,67339.238515,0.016884548375875077,-0.04810510193680312,1.0333369845827398,77.42872522747834,99.3858590221812,-0.0021413673004317957
2020-11-01,BTCUSDT,13791.0,13895.0,13603.0,13761.5,36285.648526,-0.0021413673004317957,-0.6183207999194432,0.5209665059533684,76.5600515449402,83.77760883681071,-0.015534786411904644
2020-11-02,BTCUSDT,13761.49,13830.0,13195.05,13549.37,64566.421908,-0.015534786411904644,0.5762721852617836,0.9311981414441101,70.44021286587784,50.6518401956904,0.03439658130142223
2020-11-03,BTCUSDT,13549.63,14066.11,13284.99,14023.53,74115.630787,0.03439658130142223,0.13793196090404677,1.061017946506709,75.21020992901686,51.96491659894332,0.00855457982732576
2020-11-04,BTCUSDT,14023.53,14259.0,13525.0,14144.01,93016.988262,0.00855457982732576,0.22715569410326747,1.3500907716679245,76.25854211879135,52.10529035451191,0.09733975303388694
2020-11-05,BTCUSDT,14144.01,15750.0,14093.56,15590.02,143741.522673,0.09733975303388694,0.4352345592738477,2.092506274469056,84.64922614620188,135.97674760900736,-0.0006480603012701369
2020-11-06,BTCUSDT,15590.02,15960.0,15166.0,15579.92,122618.197695,-0.0006480603012701369,-0.15894126129796243,1.5613809599505164,84.42478900526399,174.69708850508175,-0.050120002204518566
2020-11-07,BTCUSDT,15579.93,15753.52,14344.22,14818.3,101431.206553,-0.050120002204518566,-0.18969464318840282,1.1800527533018492,69.46743851503828,134.72937942353474,0.04336937714861154
2020-11-08,BTCUSDT,14818.3,15650.0,14703.88,15475.1,65547.178574,0.04336937714861154,-0.43661063380856197,0.7216858246517573,73.78137789462818,137.74987361402668,-0.009524311280312406
2020-11-09,BTCUSDT,15475.1,15840.0,14805.54,15328.41,108976.334134,-0.009524311280312406,0.5083605736849045,1.147055232941125,71.35646484044554,115.96538697218682,-0.0020375104761155144
2020-11-10,BTCUSDT,15328.41,15460.0,15072.46,15297.21,61681.919606,-0.0020375104761155144,-0.5691398898312579,0.6086055780491593,70.82329654514382,86.8815911039062,0.024985927702935035
2020-11-11,BTCUSDT,15297.21,15965.0,15272.68,15684.24,78469.746458,0.024985927702935035,0.24072230427730806,0.7880598372735812,73.47131735678339,81.23979107972161,0.03800921004285134
2020-11-12,BTCUSDT,15684.25,16340.7,15440.64,16291.86,102196.356592,0.03800921004285134,0.2641828722844361,1.0482198165981937,77.00051089571411,104.47910892813138,0.0017686441983009846
2020-11-13,BTCUSDT,16291.85,16480.0,15952.35,16320.7,75691.881014,0.0017686441983009846,-0.30022512478473345,0.826690367487066,77.15585066673128,107.42779200850032,-0.015452058926512477
2020-11-14,BTCUSDT,16320.04,16326.99,15670.0,16070.45,59116.347179,-0.015452058926512477,-0.24716341438636147,0.696663596399373,72.5753085965938,79.44840200837473,-0.007084577418178802
2020-11-15,BTCUSDT,16069.56,16180.0,15774.72,15957.0,43596.841513,-0.007084577418178802,-0.304522782809776,0.5531794181163014,70.53101511280963,42.099798266615835,0.04632335988450774
2020-11-16,BTCUSDT,15957.0,16880.0,15864.0,16713.57,81300.675924,0.04632335988450774,0.6231696250990151,1.0743309754046624,75.48937493081196,56.263318305696885,0.055046122658961215
2020-11-17,BTCUSDT,16713.08,17858.82,16538.0,17659.38,115221.403102,0.055046122658961215,0.3487011913532432,1.6065008823009983,80.01617190582729,113.91978366791727,0.006588896577796588
2020-11-18,BTCUSDT,17659.38,18476.93,17214.45,17776.12,149019.788134,0.006588896577796588,0.2572235815751569,1.8775219346027978,80.49500369329314,142.645380601336,0.00150088816654907
2020-11-19,BTCUSDT,17777.75,18179.8,17335.65,17802.82,93009.561008,0.00150088816654907,-0.47137680898928336,1.0398049996836258,80.60944185014426,145.66056630287062,0.04679324961628493
2020-11-20,BTCUSDT,17802.81,18815.22,17740.04,18655.67,88423.018489,0.04679324961628493,-0.05056996851163436,1.0032492267378783,83.86571471158028,184.79387638911794,0.0025765904402387323
2020-11-21,BTCUSDT,18655.66,18965.9,18308.58,18703.8,75577.458394,0.0025765904402387323,-0.15697425656240446,0.8401661062707417,84.02871866235685,192.73736128430755,-0.0155921153820781
2020-11-22,BTCUSDT,18703.8,18750.0,17610.86,18414.43,81645.737778,-0.0155921153820781,0.07723154759456564,0.8845024732852156,78.86954596735406,158.73750842128788,-0.002524576253394546
2020-11-23,BTCUSDT,18413.88,18766.0,18000.0,18368.0,82961.506093,-0.002524576253394546,0.015987101277221322,0.8487760060818285,78.04158800891948,115.37278085495404,0.04221527432609045
2020-11-24,BTCUSDT,18368.01,19418.97,18018.0,19160.01,113581.509241,0.04221527432609045,0.31414400406819853,1.1592341510510413,81.59161255210078,121.65590607439663,-0.023280367279034576
2020-11-25,BTCUSDT,19160.0,19484.21,18500.27,18719.11,93266.576887,-0.023280367279034576,-0.19705891132237974,0.9541775948739294,74.38229557525551,79.76925745900371,-0.08757765783988204
2020-11-26,BTCUSDT,18718.83,18915.03,16188.0,17149.47,181005.246693,-0.08757765783988204,0.6630642071496196,2.01608042636451,55.56055374942801,-62.3288649886033,-0.000580361234278455
2020-11-27,BTCUSDT,17149.47,17457.62,16438.08,17139.52,85297.024787,-0.000580361234278455,-0.7523864436126243,0.8333728267987381,55.464742843859085,-160.11074725974322,0.03329857201976857
2020-11-28,BTCUSDT,17139.53,17880.49,16865.56,17719.85,64910.69997,0.03329857201976857,-0.27312709579948075,0.6369726168666033,59.81711586020808,-186.95496551259725,0.02591104840521473
2020-11-29,BTCUSDT,17719.84,18360.05,17517.0,18184.99,55329.016303,0.02591104840521473,-0.15971500066340125,0.5511891077515905,62.94308546366885,-174.85466048258377,0.07981244056034183
2020-11-30,BTCUSDT,18185.0,19863.16,18184.99,19695.87,115463.466888,0.07981244056034183,0.7356566979028463,1.1950061065090882,70.87015670167449,-71.84378782275712,-0.0484176681386951
2020-12-01,BTCUSDT,19695.87,19888.0,18001.12,18764.96,127698.762652,-0.0484176681386951,0.10071989757336883,1.2610381230433887,62.06117148770607,-72.91751957353654,0.023131976224671752
2020-12-02,BTCUSDT,18764.96,19342.0,18330.0,19204.09,75911.013478,0.023131976224671752,-0.5201122945137104,0.7349910931722943,64.31449930527118,-51.57423220882151,0.011278018177224554
2020-12-03,BTCUSDT,19204.08,19598.0,18867.2,19421.9,66689.391279,0.011278018177224554,-0.1295158900046201,0.6615868232363927,65.4118297786542,-31.30581919263841,-0.04052726761991646
2020-12-04,BTCUSDT,19422.34,19527.0,18565.31,18650.52,71283.6682,-0.04052726761991646,0.06662135469684219,0.8438799332381078,58.545645050554945,-75.83006287394619,0.02630648721030668
2020-12-05,BTCUSDT,18650.51,19177.0,18500.0,19147.66,42922.748573,0.02630648721030668,-0.5072652885215275,0.520468589645002,61.360679312373314,-77.50423914618227,0.01099757468367193
2020-12-06,BTCUSDT,19147.66,19420.0,18857.0,19359.4,37043.091861,0.01099757468367193,-0.14732007529417127,0.4669593831898287,62.52784126152489,-70.26997363857754,-0.009993256658502918
2020-12-07,BTCUSDT,19358.67,19420.91,18902.88,19166.9,41372.296293,-0.009993256658502918,0.11052960530594064,0.5392914813254253,60.731743805065065,-83.4687944981074,-0.044967153911558415
2020-12-08,BTCUSDT,19166.9,19294.84,18200.0,18324.11,61626.947614,-0.044967153911558415,0.3984877509781157,0.9318839695707001,53.487661192746835,-150.0925203757496,0.011781918605685223
2020-12-09,BTCUSDT,18324.11,18639.57,17650.0,18541.28,79585.553801,0.011781918605685223,0.25573335532047275,1.4038051142657866,54.97790884683096,-178.72315375063556,-0.015580851185682042
2020-12-10,BTCUSDT,18541.29,18557.32,17911.12,18254.63,52890.675094,-0.015580851185682042,-0.4086055423572704,0.9243765796058807,52.58308734617939,-213.78485684716554,-0.01201960068239654
2020-12-11,BTCUSDT,18254.81,18292.73,17572.33,18036.53,72610.724259,-0.01201960068239654,0.31688557887714736,1.3143062750320813,50.77096001756336,-246.17747765397223,0.041919851281025024
2020-12-12,BTCUSDT,18036.53,18948.66,18020.7,18808.69,49519.978432,0.041919851281025024,-0.38273643515272415,0.8932818682300218,56.48819504164213,-211.44192664110517,0.019287828659587614
2020-12-13,BTCUSDT,18808.69,19411.0,18711.12,19174.99,56560.821744,0.019287828659587614,0.13294035736059753,1.0032344792188732,58.92518954009285,-161.8717511182441,0.005105590997883581
2020-12-14,BTCUSDT,19174.99,19349.0,19000.0,19273.14,47257.201294,0.005105590997883581,-0.17971149953024274,0.7987126238083744,59.57846792463338,-122.34583894732077,0.007922093279086292
2020-12-15,BTCUSDT,19273.69,19570.0,19050.0,19426.43,61834.366011,0.007922093279086292,0.26885424356103793,1.0304454277456265,60.63159019542499,-87.3897331872555,0.09373877942102818
2020-12-16,BTCUSDT,19426.43,21560.0,19278.6,21335.52,114306.33557,0.09373877942102818,0.614422704347011,1.903930049144429,70.82595093726165,55.119882630284906,0.06626267735967427
2020-12-17,BTCUSDT,21335.52,23800.0,21230.0,22797.16,184882.476748,0.06626267735967427,0.4808383638195982,2.844470187592586,75.9588825218967,228.89052230964194,0.013516512987803837
2020-12-18,BTCUSDT,22797.15,23285.18,22350.0,23107.39,79646.134315,0.013516512987803837,-0.8421268606108859,0.9498290060403128,76.88833678478593,339.1436379481231,0.030440672117046565
2020-12-19,BTCUSDT,23107.39,24171.47,22750.0,23821.61,86045.064677,0.030440672117046565,0.07727766509925207,1.0139865931405108,78.9098897350801,428.81427060341457,-0.015487290255670515
2020-12-20,BTCUSDT,23821.6,24295.0,23060.0,23455.52,76690.145685,-0.015487290255670515,-0.11509794544548214,0.8513932344941352,75.27536736232821,430.963304074544,-0.03187303196066846
2020-12-21,BTCUSDT,23455.54,24102.77,21815.0,22719.71,88030.297243,-0.03187303196066846,0.13790782064142426,0.9470544488596406,68.45105982750765,353.5659196549482,0.046906009597780754
2020-12-22,BTCUSDT,22719.88,23837.1,22353.4,23810.79,87033.12616,0.046906009597780754,-0.011392235433875079,0.8811125290169839,72.44082641619016,346.149683957962,-0.02457548767882941
2020-12-23,BTCUSDT,23810.79,24100.0,22600.0,23232.76,119047.259733,-0.02457548767882941,0.3132317482420288,1.1628408728323747,67.5658928450456,275.6774018468268,0.02114300567337218
2020-12-24,BTCUSDT,23232.39,23794.43,22703.42,23729.2,69013.834252,0.02114300567337218,-0.5452135739791759,0.6696893731474384,69.46637890796438,237.31892559966286,0.04060161725614667
2020-12-25,BTCUSDT,23728.99,24789.86,23433.6,24712.47,79519.943569,0.04060161725614667,0.14170087179635624,0.9192968059543669,72.85861071020028,251.6270308697135,0.06958729338063542
2020-12-26,BTCUSDT,24712.47,26867.03,24500.0,26493.39,97806.513386,0.06958729338063542,0.20698332115931456,1.1309358839392403,77.69266208091724,348.526125234127,-0.008023910388927925
2020-12-27,BTCUSDT,26493.4,28422.0,25700.0,26281.66,148455.586214,-0.008023910388927925,0.4172946569125781,1.6838759722425425,75.96049553711939,364.15141151953503,0.02990230298266988
2020-12-28,BTCUSDT,26281.54,27500.0,26101.0,27079.41,79721.742496,0.02990230298266988,-0.6217434779669122,0.8100549906518518,77.95480557732193,391.6094266532307,0.011221757725855123
2020-12-29,BTCUSDT,27079.42,27410.0,25880.0,27385.0,69411.592606,0.011221757725855123,-0.13848845881233887,0.7139032793135184,78.6843029185354,392.7435139431732,0.05299945173010715
2020-12-30,BTCUSDT,27385.0,28996.0,27320.0,28875.54,95356.057826,0.05299945173010715,0.3175639685552733,1.0068116029979661,81.84073981526979,452.0444213387732,0.0016640381201618827
2020-12-31,BTCUSDT,28875.55,29300.0,27850.0,28923.63,75508.505152,0.0016640381201618827,-0.2333725616204123,0.826797613803064,81.93369268243949,451.61042329304223,0.014009593427538712
2021-01-01,BTCUSDT,28923.63,29600.0,28624.57,29331.69,54182.925011,0.014009593427538712,-0.33187947881649843,0.5873215484882287,82.74099167202192,435.7016276071845,0.09262474311680098
2021-01-02,BTCUSDT,29331.7,33300.0,28946.53,32178.33,129993.873362,0.09262474311680098,0.8751214992467102,1.466625019409218,87.07873054421604,565.5589204048156,0.025215831986554423
2021-01-03,BTCUSDT,32176.45,34778.11,31962.99,33000.05,120957.56675,0.025215831986554423,-0.07204752528561893,1.2973700267016632,88.01512146902581,649.4575526399626,-0.031126048570094073
2021-01-04,BTCUSDT,33000.05,33600.0,28130.0,31988.71,140899.88569,-0.031126048570094073,0.15260981154491654,1.5777448355912447,80.30189930352275,581.6902298922432,0.059491981974053296
2021-01-05,BTCUSDT,31989.75,34360.0,29900.0,33949.53,116049.997038,0.059491981974053296,-0.19402850042274197,1.1836480573428632,83.34874669576854,610.7646178522609,0.07978987964728743
2021-01-06,BTCUSDT,33949.53,36939.21,33288.0,36769.36,127139.20131,0.07978987964728743,0.091261452318938,1.214238151452073,86.56669525994833,752.4413417751098,0.06991988054158309
2021-01-07,BTCUSDT,36769.36,40365.0,36300.0,39432.28,132825.700437,0.06991988054158309,0.04375518618947015,1.2158245746305596,88.77321345160475,945.5395047812199,0.028759807724559636
2021-01-08,BTCUSDT,39432.48,41950.0,36500.0,40582.81,139789.957499,0.028759807724559636,0.051103246742995025,1.1903542543308054,89.57032641692209,1062.0728324459542,-0.012262052365310671
2021-01-09,BTCUSDT,40586.96,41380.0,38720.0,40088.22,75785.979675,-0.012262052365310671,-0.6122276816178859,0.584474460919537,86.71986562920156,1017.0995411075864,-0.04955624359220215
2021-01-10,BTCUSDT,40088.22,41350.0,35111.11,38150.02,118209.544503,-0.04955624359220215,0.44454553963785576,0.9695570578426737,76.45205148237932,778.8086108719499,-0.07468819862209011
2021-01-11,BTCUSDT,38150.02,38264.74,30420.0,35404.47,251156.138287,-0.07468819862209011,0.7536159601497313,2.066642080601948,64.75564420441711,378.5432808364212,-0.03897163438842312
2021-01-12,BTCUSDT,35410.37,36628.0,32531.0,34051.24,133948.151996,-0.03897163438842312,-0.6286220109450912,0.9757330801945566,59.89202795519455,-14.270062042393874,0.09303872186648503
2021-01-13,BTCUSDT,34049.15,37850.0,32380.0,37371.38,124477.914938,0.09303872186648503,-0.07332448955991747,0.890168303805657,66.5334627656664,-83.54463929988651,0.04635475642223115
2021-01-14,BTCUSDT,37371.38,40100.0,36701.23,39144.5,102950.389421,0.04635475642223115,-0.1898810940237838,0.7382274201983442,69.44351644174006,-44.936685589661465,-0.06333342468810564
2021-01-15,BTCUSDT,39145.21,39747.76,34408.0,36742.22,118300.920916,-0.06333342468810564,0.13898433944633698,0.8750825617039663,61.625112146997765,-207.0957979389841,-0.020547018278436267
2021-01-16,BTCUSDT,36737.43,37950.0,35357.8,35994.98,86348.431508,-0.020547018278436267,-0.31484091546227183,0.6535683835452898,59.38542449920537,-380.4983696259719,-0.004632748030488363
2021-01-17,BTCUSDT,35994.98,36852.5,33850.0,35828.61,80157.727384,-0.004632748030488363,-0.07439435413668842,0.5998601620235174,58.872396538316906,-513.9210753287562,0.02215551096647076
2021-01-18,BTCUSDT,35824.99,37469.83,34800.0,36631.27,70698.11875,0.02215551096647076,-0.1255773222990409,0.5515044585021023,60.639114864321066,-552.2783760124012,-0.020402027184059653
2021-01-19,BTCUSDT,36622.46,37850.0,35844.06,35891.49,79611.307769,-0.020402027184059653,0.11873717652302539,0.7773656231315208,58.15935766206013,-626.2159327142826,-0.011862853824953393
2021-01-20,BTCUSDT,35901.94,36415.31,33400.0,35468.23,89368.422918,-0.011862853824953393,0.11561126841700552,0.9442062639933357,56.72994381338488,-696.9517359532674,-0.13949640193442464
2021-01-21,BTCUSDT,35468.23,35600.0,30071.0,30850.13,135004.076658,-0.13949640193442464,0.4125375668715183,1.5061768257088872,44.01805645762369,-1028.0890493626403,0.06570370018688361
2021-01-22,BTCUSDT,30851.99,33826.53,28850.0,32945.17,142971.684049,0.06570370018688361,0.05734162156009896,1.5175412772388226,49.54191004411301,-1074.322084798394,-0.02667422755262735
2021-01-23,BTCUSDT,32950.0,33456.0,31390.16,32078.0,64595.287675,-0.02667422755262735,-0.7945051350888389,0.6609085102477099,47.454682174742686,-1126.1517507924032,0.005654535963060998
2021-01-24,BTCUSDT,32078.0,33071.0,30900.0,32259.9,57978.037966,0.005654535963060998,-0.10807717884081729,0.6126844906444362,47.95005313827791,-1109.256355441376,-0.00017670555784965065
2021-01-25,BTCUSDT,32259.45,34875.0,31910.0,32254.2,88499.226921,-0.00017670555784965065,0.4229295335401935,0.9676171898132035,47.93480298144511,-1059.6150817262449,0.006599637655448867
2021-01-26,BTCUSDT,32254.19,32921.88,30837.37,32467.77,84972.20691,0.006599637655448867,-0.040669591127701576,0.9039211228659617,48.59450053832439,-975.6432271873919,-0.06691940379282074
2021-01-27,BTCUSDT,32464.01,32557.29,29241.72,30366.15,95911.961711,-0.06691940379282074,0.12110647970348394,1.0120514352299521,42.841894235513806,-1020.0819018808711,0.09417474914995402
2021-01-28,BTCUSDT,30362.19,33783.98,29842.1,33364.86,92621.145617,0.09417474914995402,-0.03491323521709476,0.967781137421332,51.63896482774599,-814.8601415180676,0.026247545889008964
2021-01-29,BTCUSDT,33368.18,38531.9,31915.4,34252.2,231827.005626,0.026247545889008964,0.9174739581359254,2.585913793080657,53.89997087450144,-596.7995907423846,0.00031175618817061364
2021-01-30,BTCUSDT,34246.28,34933.0,32825.0,34262.88,84889.68134,0.00031175618817061364,-1.0046388811706142,0.8294580233209956,53.92789053349301,-436.7091954392047,-0.03474137711240443
2021-01-31,BTCUSDT,34262.89,34342.69,32171.67,33092.98,68742.280384,-0.03474137711240443,-0.21098810202522147,0.6531782843239059,50.33193194161946,-395.6920825325326,0.013011118061134976
2021-02-01,BTCUSDT,33092.97,34717.27,32296.16,33526.37,82718.276882,0.013011118061134976,0.185076134894407,0.7746571325321471,51.61896941897309,-328.2378965167127,0.056248964732994594
2021-02-02,BTCUSDT,33517.09,35984.33,33418.0,35466.24,78056.65988,0.056248964732994594,-0.05800560811255616,0.7366987573324484,56.991145351561386,-150.86137039111134,0.05892452811562625
2021-02-03,BTCUSDT,35472.71,37662.63,35362.38,37618.87,80784.333663,0.05892452811562625,0.03434808471806158,0.7696185686572256,62.02964481333492,100.03566809846598,-0.018301232416527882
2021-02-04,BTCUSDT,37620.26,38708.27,36161.95,36936.66,92080.735898,-0.018301232416527882,0.13088269990499382,0.8956779828361537,59.64485714109393,202.72063444384548,0.03599047963365647
2021-02-05,BTCUSDT,36936.65,38310.12,36570.0,38290.24,66681.334275,0.03599047963365647,-0.32274068851811266,0.6491030539799613,62.70832185252615,336.5835501908382,0.023148494595260992
2021-02-06,BTCUSDT,38289.32,40955.51,38215.94,39186.94,98757.311183,0.023148494595260992,0.39274037053143956,1.2479412531404368,64.62420126933051,453.046729124321,-0.010034370035014157
2021-02-07,BTCUSDT,39181.01,39700.0,37351.0,38795.69,84363.679763,-0.010034370035014157,-0.1575284639169987,1.0400211138560078,63.10090733574228,469.2723525744825,0.1784485597042829
2021-02-08,BTCUSDT,38795.69,46794.45,37988.89,46374.87,138597.536914,0.1784485597042829,0.4964373409948226,1.6628597308504247,75.26449819472968,929.4050997856787,0.0009817309404045217
2021-02-09,BTCUSDT,46374.86,48142.19,44961.09,46420.42,115499.861712,0.0009817309404045217,-0.18230498275220214,1.2646202515872464,75.31715955773693,1160.7523444296874,-0.03536212709216373
2021-02-10,BTCUSDT,46420.42,47310.0,43727.0,44807.58,97154.1822,-0.03536212709216373,-0.17297010887209438,1.0048975390331834,69.66187914873467,1128.0934986412742,0.06818827920686066
2021-02-11,BTCUSDT,44807.58,48678.9,43994.02,47969.51,89561.081454,0.06818827920686066,-0.08137835694286925,0.9044816580207031,73.81321641709975,1233.8162940735624,-0.01431749606359439
2021-02-12,BTCUSDT,47968.66,48985.8,46125.0,47287.6,85870.035697,-0.01431749606359439,-0.04208592645336559,0.8703695412896459,71.53966015637164,1172.6148518914288,-0.0028358377938660748
2021-02-13,BTCUSDT,47298.15,48150.0,46202.53,47153.69,63768.097399,-0.0028358377938660748,-0.2975819158734591,0.6288734318502862,71.07667262194366,1042.2962654912508,0.029754163680420775
2021-02-14,BTCUSDT,47156.78,49707.43,47014.17,48577.79,73735.475533,0.029754163680420775,0.14523100937825617,0.7648744177052256,73.07253270431913,972.5408621378028,-0.013819220219635515
2021-02-15,BTCUSDT,48580.47,49010.92,45570.79,47911.1,79398.156784,-0.013819220219635515,0.07399111977743117,0.8367940167256909,70.61583305560148,808.7560314403918,0.025192855227892837
2021-02-16,BTCUSDT,47911.1,50689.18,47003.62,49133.45,88813.266298,0.025192855227892837,0.11206088041118428,1.0276137773588596,72.44500510906673,713.332049871221,0.05900312258279128
2021-02-17,BTCUSDT,49133.45,52618.74,48947.0,52119.71,85743.637818,0.05900312258279128,-0.03517414533628938,1.0378785373906378,76.32282613861055,776.7003943111345,-0.010940542497739106
2021-02-18,BTCUSDT,52117.67,52530.0,50901.9,51552.6,60758.046954,-0.010940542497739106,-0.344462355154489,0.7502452248263598,74.18760361877044,707.7367896594633,0.0810690632665145
2021-02-19,BTCUSDT,51552.61,56368.0,50710.2,55906.0,79659.77802,0.0810690632665145,0.27086525755986013,1.0362984795176915,79.03609684810986,871.8476468132494,-0.001159939811759115
2021-02-20,BTCUSDT,55906.0,57700.46,53863.93,55841.19,80948.205314,-0.001159939811759115,0.016044718418628284,1.0653553617884017,78.79879769358566,889.4951413121007,0.027681826201509746
2021-02-21,BTCUSDT,55841.19,58352.8,55477.59,57408.57,58166.708511,0.027681826201509746,-0.33049633721429056,0.7415756121607404,80.33642192942102,916.5523400961065,-0.05958734671550698
2021-02-22,BTCUSDT,57412.35,57508.47,47622.0,54087.67,134019.434944,-0.05958734671550698,0.8346716539686673,1.7584957802920838,68.92966754793122,634.0413582904521,-0.10101291813933688
2021-02-23,BTCUSDT,54087.67,54183.59,44892.56,48891.0,169375.025051,-0.10101291813933688,0.23413051320693734,2.015995365474116,55.620805995612706,51.15636294880642,0.015932614704777116
2021-02-24,BTCUSDT,48891.0,51374.99,46988.69,49676.2,91881.209252,0.015932614704777116,-0.6116188005919736,0.961861097491234,56.97262760326806,-307.8090772759997,-0.053810849213675946
2021-02-25,BTCUSDT,49676.21,52041.73,46674.34,47073.73,83310.673121,-0.053810849213675946,-0.09791986927606659,0.8642078327619865,51.385707760545365,-723.1001428920863,-0.017072827721116277
2021-02-26,BTCUSDT,47073.73,48424.11,44106.78,46276.87,109423.200663,-0.017072827721116277,0.27264626970918,1.0983728184718828,49.776143159581544,-1035.0468719396044,-0.0036898485630648403
2021-02-27,BTCUSDT,46276.88,48394.0,45000.0,46106.43,66060.834292,-0.0036898485630648403,-0.5046468901880917,0.6359651854422207,49.41957769158658,-1223.5308677759808,-0.02127979822740345
2021-02-28,BTCUSDT,46103.67,46638.46,43000.0,45135.66,83055.369042,-0.02127979822740345,0.2289314330883548,0.8162837836690564,47.339538294694975,-1373.0366883301285,0.09405668615894246
2021-03-01,BTCUSDT,45134.11,49790.0,44950.53,49587.03,85086.111648,0.09405668615894246,0.02415633960672965,0.8080070252234515,56.40122165042713,-1141.1166655482407,-0.023389970343295822
2021-03-02,BTCUSDT,49595.76,50200.0,47047.6,48440.65,64221.06214,-0.023389970343295822,-0.2813325942756737,0.6532292712192898,53.832097388785726,-1036.9184363641225,0.03864676941605752
2021-03-03,BTCUSDT,48436.61,52640.0,48100.71,50349.37,81035.913705,0.03864676941605752,0.23256120787405926,0.9729227738788934,57.318181200628956,-820.9033047851563,-0.04002176686968146
2021-03-04,BTCUSDT,50349.37,51773.88,47500.0,48374.09,82649.716829,-0.04002176686968146,0.019718962631707943,1.0111061326577018,52.8690963162495,-792.1241767684587,0.007775933948251446
2021-03-05,BTCUSDT,48374.09,49448.93,46300.0,48751.71,78192.496372,0.007775933948251446,-0.055437709489659204,0.9576843905505648,53.61042312651152,-730.2476054406288,0.002673048282055846
2021-03-06,BTCUSDT,48746.81,49200.0,47070.0,48882.2,44399.234242,0.002673048282055846,-0.5659514661374548,0.5752244577832856,53.88038135770193,-664.9767472171575,0.04185823565066163
2021-03-07,BTCUSDT,48882.2,51450.03,48882.2,50971.75,55235.028032,0.04185823565066163,0.21837509534076013,0.7454983568722876,58.0865773857987,-474.4617729723036,0.02716106637595351
2021-03-08,BTCUSDT,50959.11,52402.78,49274.67,52375.17,66987.359664,0.02716106637595351,0.19290662203235018,0.9553643599951042,60.6803562823188,-258.1391422688441,0.04679835308017754
2021-03-09,BTCUSDT,52375.18,54895.0,51789.41,54884.5,71656.737076,0.04679835308017754,0.06738323757161212,1.061085418447925,64.86686096436902,34.18418168181847,0.017467017083068827
2021-03-10,BTCUSDT,54874.67,57387.69,53005.0,55851.59,84749.238943,0.017467017083068827,0.16780958876426827,1.2355236053186252,66.3537300421043,260.3191295878894,0.03382631374464177
2021-03-11,BTCUSDT,55851.59,58150.0,54272.82,57773.16,81914.812859,0.03382631374464177,-0.034016926502497755,1.1850371252563308,69.14767398149729,493.4334818388188,-0.009590761378339105
2021-03-12,BTCUSDT,57773.15,58081.51,54962.84,57221.72,73405.406047,-0.009590761378339105,-0.10968225491935314,1.0635494034568955,67.41753740941596,559.7557944572145,0.06702391904951818
2021-03-13,BTCUSDT,57221.72,61844.0,56078.23,61188.39,83245.091346,0.06702391904951818,0.12579157953657819,1.2181839633834708,72.70756140623041,805.1187911015322,-0.03695728467773086
2021-03-14,BTCUSDT,61188.38,61724.79,58966.78,58968.31,52601.05275,-0.03695728467773086,-0.4590530305094308,0.7119332423882158,66.22668159512104,753.1797259639911,-0.05872345889857389
2021-03-15,BTCUSDT,58976.08,60633.43,54600.0,55605.2,102771.427298,-0.05872345889857389,0.6697712360133921,1.3980884879334434,57.81890129596395,442.9580665978174,0.023031800001562738
2021-03-16,BTCUSDT,55605.2,56938.29,53271.34,56900.75,77986.694355,0.023031800001562738,-0.27596914286935353,0.9919379375119001,59.92933955077348,283.40741962127186,0.03475274808665303
2021-03-17,BTCUSDT,56900.74,58974.73,54123.69,58912.97,70421.620841,0.03475274808665303,-0.10203789671314693,0.8855301139433394,63.023787307848664,271.7486150788932,-0.02170294068462528
2021-03-18,BTCUSDT,58912.97,60129.97,57023.0,57648.16,66580.406675,-0.02170294068462528,-0.05608999003911846,0.8593457978254763,59.892906350071506,143.64495710925212,0.006601961060385554
2021-03-19,BTCUSDT,57641.0,59468.0,56270.74,58030.01,52392.652961,0.006601961060385554,-0.23964396936508708,0.6959021426009718,60.53040159923414,54.02992474347684,0.001244615245755456
2021-03-20,BTCUSDT,58030.01,59880.0,57820.17,58102.28,44476.941776,0.001244615245755456,-0.1637954782860031,0.6152949423197877,60.65785860113846,-26.643232156246995,-0.013004861172545526
2021-03-21,BTCUSDT,58100.02,58589.1,55450.11,57351.56,48564.470274,-0.013004861172545526,0.0879213066850081,0.727587509965209,58.543003554038854,-149.94334838585473,-0.05867551851751849
2021-03-22,BTCUSDT,57351.56,58430.73,53650.0,54083.25,62581.626169,-0.05867551851751849,0.2535795241181258,0.9457617771813595,50.3178250399461,-453.8225820947696,0.004752456139708097
2021-03-23,BTCUSDT,54083.25,55830.9,53000.0,54340.89,59789.365427,0.004752456139708097,-0.045643913872701655,0.9894118006247371,50.90341863263296,-628.903211471857,-0.038210823911918046
2021-03-24,BTCUSDT,54342.8,57200.0,51700.0,52303.65,83537.465021,-0.038210823911918046,0.33446740464191793,1.4445455084212924,46.260222576166605,-859.097837707307,-0.019496661048352345
2021-03-25,BTCUSDT,52303.66,53287.0,50427.56,51293.78,87400.534538,-0.019496661048352345,0.04520618452324053,1.4639152349220563,44.11220986884214,-1044.2472557260617,0.07022885249165932
2021-03-26,BTCUSDT,51293.78,55073.46,51214.6,55025.59,63813.774692,0.07022885249165932,-0.3145323273281147,1.0181276183548096,52.82876890043181,-886.4743805715982,0.014282640925523643
2021-03-27,BTCUSDT,55025.59,56700.36,53950.0,55817.14,50105.475055,0.014282640925523643,-0.2418387866552477,0.7791342416971501,54.45149700774732,-707.655240175762,-0.0007080977298643483
2021-03-28,BTCUSDT,55817.14,56559.75,54691.84,55777.63,39050.387511,-0.0007080977298643483,-0.24927748496128402,0.5997303288850696,54.35099161161253,-576.4421215407233,0.0327652838371849
2021-03-29,BTCUSDT,55777.65,58405.82,54800.01,57635.47,67857.937398,0.0327652838371849,0.5525635642403715,1.0643699508424929,58.253021294760714,-359.54767092000384,0.019094591554397786
2021-03-30,BTCUSDT,57635.46,59368.0,57071.35,58746.57,55122.443122,0.019094591554397786,-0.20785941451703932,0.854507542670032,60.43142873531483,-147.15550724469585,-0.00010247931867370034
2021-03-31,BTCUSDT,58746.57,59800.0,56769.0,58740.55,60975.542666,-0.00010247931867370034,0.10091589445688282,0.9551135454592571,60.41303488103205,-19.675829420717946,-0.00034241155632151754
2021-04-01,BTCUSDT,58739.46,59490.0,57935.45,58720.44,47415.61722,-0.00034241155632151754,-0.2515211922232568,0.7822034149327528,60.34695556978126,47.0453062502138,0.003901919152452414
2021-04-02,BTCUSDT,58720.45,60200.0,58428.57,58950.01,47382.418781,0.003901919152452414,-0.0007004035475337186,0.8629752697405734,60.873091709173124,88.01330113763174,-0.03272771563018565
2021-04-03,BTCUSDT,58950.01,59791.72,56880.0,57051.94,47409.852113,-0.03272771563018565,0.0005788094853551044,0.9020388833593129,54.44130149832993,-25.289498046785184,0.019957809235045493
2021-04-04,BTCUSDT,57051.95,58492.85,56388.0,58202.01,41314.081973,0.019957809235045493,-0.13762664786844078,0.7918601597433006,57.379757296662525,-34.763908605477354,0.015818350490323988
2021-04-05,BTCUSDT,58202.01,59272.0,56777.77,59129.99,54258.01579,0.015818350490323988,0.2725473282834458,1.033548187476522,59.64169084027306,7.241936615947225,-0.019447828016770405
2021-04-06,BTCUSDT,59129.99,59495.24,57413.02,57991.15,54201.000727,-0.019447828016770405,-0.001051366130412186,1.0721407814786705,55.73254748571455,-52.603536765869194,-0.035770317641772804
2021-04-07,BTCUSDT,57990.03,58655.0,55473.0,55953.45,71228.405659,-0.035770317641772804,0.2731923228680865,1.4126352631702939,49.48298319445649,-230.3934960538927,0.03725857482507307
2021-04-08,BTCUSDT,55953.44,58153.31,55700.0,58077.52,44283.147019,0.03725857482507307,-0.4752875185362107,0.8534526797383639,55.13105219477725,-206.66917856590817,0.001118911946587532
2021-04-09,BTCUSDT,58077.52,58894.9,57654.0,58142.54,40831.884911,0.001118911946587532,-0.08114090708461813,0.7937837080483191,55.29582033920099,-188.81600412123566,0.027591725106052453
2021-04-10,BTCUSDT,58142.55,61500.0,57900.01,59769.13,69906.424117,0.027591725106052453,0.5376942802886091,1.3841822991534003,59.320394329793245,-75.49254214384996,0.003895754468994307
2021-04-11,BTCUSDT,59769.13,60699.0,59232.52,60002.43,41156.715391,0.003895754468994307,-0.5297704426233361,0.7661686605169826,59.8783147753414,2.9847933108301277,-0.0023765589774449635
2021-04-12,BTCUSDT,59998.8,61300.0,59350.59,59860.0,56375.037117,-0.0023765589774449635,0.314639349431837,1.0499105704904332,59.343211014573164,31.522326366625066,0.060211808883630515
2021-04-13,BTCUSDT,59860.01,63777.77,59805.15,63575.0,82848.688746,0.060211808883630515,0.38498946068632844,1.5343055428952044,67.50111999927987,273.362899316782,-0.009728172284078391
2021-04-14,BTCUSDT,63575.01,64854.0,61301.0,62959.53,82616.343993,-0.009728172284078391,-0.0028083867855725614,1.4222117824009994,65.16812524879816,359.2364748738544,0.0031787337071748686
2021-04-15,BTCUSDT,62959.53,63800.0,62020.0,63159.98,51649.70034,0.0031787337071748686,-0.4697231363117403,0.864909390702203,65.58531196829753,394.1026589875339,-0.02932349103283781
2021-04-16,BTCUSDT,63158.74,63520.61,60000.0,61334.8,91764.139884,-0.02932349103283781,0.5747371944312558,1.5100421719807033,58.69215732361531,265.00144129943305,-0.021891825636385424
2021-04-17,BTCUSDT,61334.81,62506.05,59580.91,60006.66,58912.256128,-0.021891825636385424,-0.44317243555920566,0.8657800371678935,54.22592565898805,71.01227163420799,-0.06642869678323018
2021-04-18,BTCUSDT,60006.67,60499.0,50931.3,56150.01,124882.131824,-0.06642869678323018,0.7513211943632397,1.878641599923159,43.80248735181901,-315.00362888696304,-0.00924779241999631
2021-04-19,BTCUSDT,56150.01,57526.81,54221.58,55633.14,78229.042267,-0.00924779241999631,-0.46772938394800295,0.9973681693064536,42.6200615969565,-587.2876585124322,0.014133255844769198
2021-04-20,BTCUSDT,55633.14,57076.24,53329.96,56425.0,72744.482151,0.014133255844769198,-0.07268790664016268,0.8919413570743062,45.0666610163558,-689.1545375140383,-0.0478688076233732
2021-04-21,BTCUSDT,56425.0,56757.91,53536.02,53787.63,66984.756909,-0.0478688076233732,-0.0824879717674316,0.8361178492164474,39.088601160825604,-896.1419426099782,-0.03976060378705051
2021-04-22,BTCUSDT,53787.62,55521.48,50500.0,51690.96,104656.631337,-0.03976060378705051,0.44621972901159107,1.3438030520746225,35.10218421351804,-1121.6175355489395,-0.011006558547651292
2021-04-23,BTCUSDT,51690.95,52131.85,47500.0,51125.14,132230.780719,-0.011006558547651292,0.23386392110386783,1.5474031482562958,34.09173476975241,-1246.6096993908868,-0.02129700475873513
2021-04-24,BTCUSDT,51110.56,51166.22,48657.14,50047.84,55361.512573,-0.02129700475873513,-0.8706641013761481,0.606805929250344,32.19167578979196,-1331.868683815317,-0.019797324384079943
2021-04-25,BTCUSDT,50047.84,50567.91,46930.0,49066.77,58255.645004,-0.019797324384079943,0.050956364264935654,0.6420978762664434,30.523286863446856,-1378.5774923642061,0.09582776337101846
2021-04-26,BTCUSDT,49066.76,54356.62,48753.44,54001.39,86310.802124,0.09582776337101846,0.39311376202146847,1.0628233909176115,45.75234610985027,-1018.0076719563777,0.018541010943021647
2021-04-27,BTCUSDT,54001.38,55460.0,53222.0,55011.97,54064.034675,0.018541010943021647,-0.46778558837051126,0.6564075626146517,48.25391780212321,-669.167983136749,-0.003017528793609669
2021-04-28,BTCUSDT,55011.97,56428.0,53813.16,54846.22,55130.459015,-0.003017528793609669,0.01953318727323829,0.6917691410643755,47.864057489973376,-419.51272975068264,-0.023824105906546798
2021-04-29,BTCUSDT,54846.23,55195.84,52330.94,53555.0,52486.019455,-0.023824105906546798,-0.04915552057521603,0.672885527231674,44.82572590776296,-315.9804116178349,0.07444869860711945
2021-04-30,BTCUSDT,53555.0,57963.0,53013.01,57694.27,68578.910045,0.07444869860711945,0.2674382156788027,0.9720822450818294,54.74351130739246,37.81891483392087,0.001837315218213768
2021-05-01,BTCUSDT,57697.25,58458.07,56956.14,57800.37,42600.351836,0.001837315218213768,-0.47612254141578975,0.6931920244800809,54.96696401268645,272.46032416767434,-0.02137124828966742
2021-05-02,BTCUSDT,57797.35,57911.02,56035.25,56578.21,36812.878863,-0.02137124828966742,-0.14601475924900825,0.6173310117205119,51.79457525200502,334.7281267862245,0.01039468653491475
2021-05-03,BTCUSDT,56578.21,58981.44,56435.0,57169.39,57649.931286,0.01039468653491475,0.4485413017443751,1.0191070179173132,53.20156940387921,400.6515204391013,-0.07196003096966748
2021-05-04,BTCUSDT,57169.39,57200.0,53046.69,53200.01,85324.625903,-0.07196003096966748,0.3920740556081599,1.6260159473625813,43.930141810328294,173.45290374435547,0.07661461528794215
2021-05-05,BTCUSDT,53205.05,58069.82,52900.0,57436.11,77263.923439,0.07661461528794215,-0.0992359721764087,1.3569249684692142,53.28624774207804,297.70044644479503,-0.018316104117848727
2021-05-06,BTCUSDT,57436.11,58360.0,55200.0,56393.68,70181.671908,-0.018316104117848727,-0.09613994521757137,1.1677020960956295,51.02965251781832,298.17239918540474,0.016200912209963583
2021-05-07,BTCUSDT,56393.68,58650.0,55241.63,57314.75,74542.747829,0.016200912209963583,0.06028556417794425,1.190202106102311,52.926554672928084,345.66585722248107,0.02663856290765698
2021-05-08,BTCUSDT,57315.49,59500.0,56900.0,58862.05,69709.906028,0.02663856290765698,-0.06703032573423189,1.0980998034876936,56.00931021932706,459.3184914748392,-0.010609743743877945
2021-05-09,BTCUSDT,58866.53,59300.0,56235.66,58240.84,69806.11991,-0.010609743743877945,0.001379252263039047,1.036389554657814,54.46709180105796,469.04443485522444,-0.04252375198618774
2021-05-10,BTCUSDT,58240.83,59500.0,53400.0,55816.14,89586.34925,-0.04252375198618774,0.24948127253503596,1.2430736192404372,48.81693585049222,296.9577261047887,0.01518224822672772
2021-05-11,BTCUSDT,55816.14,56862.43,54370.0,56670.02,64329.54055,0.01518224822672772,-0.33118401293608213,0.8394740916021605,50.754329255706786,228.48992844080772,-0.13262323703978
2021-05-12,BTCUSDT,56670.02,58000.01,48600.0,49631.32,99842.789836,-0.13262323703978,0.4395779039821238,1.3559799343638417,37.989051196975886,-275.64913995455845,0.0007985717571492955
2021-05-13,BTCUSDT,49537.15,51367.19,46000.0,49670.97,147332.002121,0.0007985717571492955,0.3890917106913136,1.916962252031218,38.08352227010685,-574.078696641852,0.0034263093346637553
2021-05-14,BTCUSDT,49671.92,51483.0,48799.75,49841.45,80082.204306,0.0034263093346637553,-0.6096348970641162,0.9112833070208728,38.51723164996744,-718.2716397219215,-0.06375488905286
2021-05-15,BTCUSDT,49844.16,50700.0,46555.0,46762.99,89437.449359,-0.06375488905286,0.11048583017305287,1.0086568865789427,33.899481888853444,-963.9359034343524,-0.007113969892819319
2021-05-16,BTCUSDT,46762.99,49795.89,43825.39,46431.5,114269.812775,-0.007113969892819319,0.24502293961336638,1.2490133299437591,33.43465232656166,-1082.8200855629184,-0.06434306949225864
2021-05-17,BTCUSDT,46426.83,46686.0,42001.0,43538.04,166657.172736,-0.06434306949225864,0.3773764138343515,1.703364029784139,29.617178271794174,-1277.039837583032,-0.0159345278743997
2021-05-18,BTCUSDT,43538.02,45799.29,42250.02,42849.78,116979.860784,-0.0159345278743997,-0.3539370546171989,1.074687290809934,28.775545611766375,-1364.6558006256746,-0.15519381949293082
2021-05-19,BTCUSDT,42849.78,43584.9,30000.0,36690.09,354347.243161,-0.15519381949293082,1.1082755553068924,3.04496288765981,22.58879092978016,-1726.9251541653764,0.0994528443006428
2021-05-20,BTCUSDT,36671.23,42451.67,34850.0,40526.64,203017.596923,0.0994528443006428,-0.5569846856026192,1.3292634379579713,32.34548728104694,-1600.4784783059067,-0.084253632547951
2021-05-21,BTCUSDT,40525.39,42200.0,33488.0,37252.01,202100.888258,-0.084253632547951,-0.004525640093733979,1.2577499198657225,28.987245613722635,-1624.5136873049887,0.005293597223083863
2021-05-22,BTCUSDT,37263.35,38829.0,35200.62,37449.73,126542.243689,0.005293597223083863,-0.46819082491411546,0.7104496184463157,29.463441416997668,-1516.3082007868475,-0.07755027101425602
2021-05-23,BTCUSDT,37458.51,38270.64,31111.01,34655.25,217136.046593,-0.07755027101425602,0.5399479052919739,1.1838420309945106,26.734715819178916,-1518.3883592188972,0.11287539419061506
2021-05-24,BTCUSDT,34681.44,39920.0,34031.0,38796.29,161630.893971,0.11287539419061506,-0.2952087965403998,0.8158578861802307,36.168852191573535,-1143.4149800056848,-0.012229504705664857
2021-05-25,BTCUSDT,38810.99,39791.77,36419.62,38324.72,111996.228404,-0.012229504705664857,-0.3668501076146003,0.5673753504833847,35.6065685358227,-843.5283925633125,0.02365018953907607
2021-05-26,BTCUSDT,38324.72,40841.0,37800.44,39241.91,104780.773396,0.02365018953907607,-0.06659490066952206,0.5327431640089358,37.637259111339496,-515.8753113445127,-0.018308668772305418
2021-05-27,BTCUSDT,39241.92,40411.14,37134.27,38529.98,86547.158794,-0.018308668772305418,-0.19118084134768248,0.5374623855087217,36.67057935879988,-290.78569398478066,-0.07730916315521141
2021-05-28,BTCUSDT,38529.99,38877.83,34684.0,35663.49,135377.62972,-0.07730916315521141,0.4473786768337233,0.9375792142003704,32.995877292888906,-278.6166648108774,-0.030124961488519942
2021-05-29,BTCUSDT,35661.79,37338.58,33632.76,34605.15,112663.092689,-0.030124961488519942,-0.18366624596381398,0.835415763238065,31.731562322270733,-284.51312340289587,0.02950172116854018
2021-05-30,BTCUSDT,34605.15,36488.0,33379.0,35641.27,73535.386967,0.02950172116854018,-0.42663513892680704,0.5534137159128404,34.38241371155003,-167.11157051823102,0.04424998538763259
2021-05-31,BTCUSDT,35641.26,37499.0,34153.84,37253.81,94160.735289,0.04424998538763259,0.24723652616344538,0.8380152970931015,38.39189672890223,58.58306273169637,-0.015165767520091036
2021-06-01,BTCUSDT,37253.82,37894.81,35666.0,36693.09,81234.66377,-0.015165767520091036,-0.1476612220594934,0.7908127992355524,37.53307599760818,201.49651643283414,0.02358227059865497
2021-06-02,BTCUSDT,36694.85,38225.0,35920.0,37568.68,67587.372495,0.02358227059865497,-0.18392088160477768,0.6873630567466364,39.79779728258025,376.2352685328824,0.04369893289158691
2021-06-03,BTCUSDT,37568.68,39476.0,37170.0,39246.79,75889.106011,0.04369893289158691,0.11585197509431991,0.8158789961496634,43.989032469139964,612.1188422690975,-0.06358407913456297
2021-06-04,BTCUSDT,39246.78,39289.07,35555.15,36829.0,91317.799245,-0.06358407913456297,0.18507257871219243,0.9980897867571678,39.700502151822384,611.1754870292207,-0.03638111995464031
2021-06-05,BTCUSDT,36829.15,37925.0,34800.0,35513.2,70459.62149,-0.03638111995464031,-0.2593059210808209,0.8270072855783115,37.55472484707895,530.7764878350777,0.007940357113332096
2021-06-06,BTCUSDT,35516.07,36480.0,35222.0,35796.31,47650.206637,0.007940357113332096,-0.39115283426551256,0.6018777770776879,38.32710831670511,505.61983258670534,-0.06472479604498639
2021-06-07,BTCUSDT,35796.31,36900.0,33300.0,33552.79,77574.952573,-0.06472479604498639,0.4873576323155692,1.027872755769014,34.66764691579682,354.0107279325466,-0.005138835456786614
2021-06-08,BTCUSDT,33556.96,34068.01,31000.0,33380.81,123251.189037,-0.005138835456786614,0.46297986127067564,1.6860175637158117,34.396528875203416,262.4852588169051,0.11336995068009252
2021-06-09,BTCUSDT,33380.8,37534.79,32396.82,37388.05,136607.597517,0.11336995068009252,0.10288810407362291,1.7269296502350147,45.15857555779514,479.5267647529636,-0.019236178908744933
2021-06-10,BTCUSDT,37388.05,38491.0,35782.0,36675.72,109527.284943,-0.019236178908744933,-0.2209388685302863,1.2311367529130035,43.78358432348338,576.3095282113836,0.01773537623175507
2021-06-11,BTCUSDT,36677.83,37680.4,35936.77,37331.98,78466.0053,0.01773537623175507,-0.3335082182881968,0.8367939267282322,45.432038235966175,678.6696198313884,-0.04901960505525715
2021-06-12,BTCUSDT,37331.98,37463.63,34600.36,35546.11,87717.54999,-0.04901960505525715,0.11145651577864978,0.9541378132065457,41.83677687188709,621.7617308641384,0.09325821606697823
2021-06-13,BTCUSDT,35546.12,39380.0,34757.0,39020.57,86921.025555,0.09325821606697823,-0.009122039112444804,0.9207808411608174,50.10884270975406,802.2958135296853,0.03761517248338315
2021-06-14,BTCUSDT,39020.56,41064.05,38730.0,40516.29,108522.391949,0.03761517248338315,0.22195657494112925,1.0851222204170927,53.194915856977865,994.0828705181475,-0.009230129428558456
2021-06-15,BTCUSDT,40516.28,41330.0,39506.4,40144.04,80679.622838,-0.009230129428558456,-0.29647049081197124,0.7725681015907873,52.327393199084575,1061.394081939774,-0.04574527341953061
2021-06-16,BTCUSDT,40143.8,40527.14,38116.01,38349.01,87771.976937,-0.04574527341953061,0.08425624212746191,0.8924561609242464,48.241793318798166,953.9400523915524,-0.006698961944875928
2021-06-17,BTCUSDT,38349.0,39559.88,37365.0,38092.97,79541.307119,-0.006698961944875928,-0.09846580728872847,0.8705191537783155,47.67006036542522,838.6199974541892,-0.06152782082782359
2021-06-18,BTCUSDT,38092.97,38202.84,35129.29,35819.84,95228.042935,-0.06152782082782359,0.17999799394092586,1.0934622094118063,42.8182899876551,593.7775819107662,-0.00942793009744289
2021-06-19,BTCUSDT,35820.48,36457.0,34803.52,35483.72,68712.449461,-0.00942793009744289,-0.326344069392861,0.7678815957564978,42.13539121549476,402.85021778368673,0.0032761324830971688
2021-06-20,BTCUSDT,35483.72,36137.72,33336.0,35600.16,89878.17085,0.0032761324830971688,0.26852469841386484,1.0358432830395363,42.47765121792569,283.6876360990759,-0.11891045662276035
2021-06-21,BTCUSDT,35600.17,35750.0,31251.23,31608.93,168778.873159,-0.11891045662276035,0.6301343192316942,1.9357469606790758,34.865199885269604,-47.03595546741508,0.028094524319938106
2021-06-22,BTCUSDT,31614.12,33298.78,28805.0,32509.56,204208.179762,0.028094524319938106,0.190550547210522,2.131639770023743,37.58344230282338,-180.7305308652874,0.0353126837670968
2021-06-23,BTCUSDT,32509.56,34881.0,31683.0,33678.07,126966.100563,0.0353126837670968,-0.4752198364016075,1.1191807571553163,41.02244541843133,-166.4152482315144,0.028828548379449724
2021-06-24,BTCUSDT,33675.07,35298.0,32286.57,34663.09,86625.80426,0.028828548379449724,-0.3823223842733731,0.7276744028933342,43.83188627396874,-71.411293902338,-0.09301052120369376
2021-06-25,BTCUSDT,34663.08,35500.0,31275.0,31584.45,116061.130356,-0.09301052120369376,0.2925192962719919,0.9667184820620371,37.7751595086068,-189.98403459181282,0.021895999249812816
2021-06-26,BTCUSDT,31576.09,32730.0,30151.0,32283.65,107820.375287,0.021895999249812816,-0.07365038742745472,0.8763535944991162,39.80940631818375,-194.68079593012794,0.07218857505595316
2021-06-27,BTCUSDT,32283.65,34749.0,31973.45,34700.34,96613.244211,0.07218857505595316,-0.1097508152440609,0.7511537145688858,46.339223377297394,-17.706171221080922,-0.005938288050668354
2021-06-28,BTCUSDT,34702.49,35297.71,33862.72,34494.89,82222.267819,-0.005938288050668354,-0.16128967203692082,0.6345194110598967,45.88350259497489,96.56076338184425,0.04025278594807432
2021-06-29,BTCUSDT,34494.89,36600.0,34225.43,35911.73,90788.79622,0.04025278594807432,0.09910972492929405,0.7745378759212862,49.56703055004706,268.84434746981196,-0.024431033120821895
2021-06-30,BTCUSDT,35911.72,36100.0,34017.55,35045.0,77152.197634,-0.024431033120821895,-0.1627558247324392,0.7637775786049634,47.43975180145028,322.11540010911244,-0.04494752092035272
2021-07-01,BTCUSDT,35045.0,35057.57,32711.0,33504.69,71708.266112,-0.04494752092035272,-0.07317403517802548,0.7636851094271655,43.838939156421716,254.27867893828648,0.008377365268202767
2021-07-02,BTCUSDT,33502.33,33977.04,32699.0,33786.55,56172.181378,0.008377365268202767,-0.2441843873600662,0.6121200370156656,44.66660574591409,229.79714434341759,0.025786871340954098
2021-07-03,BTCUSDT,33786.54,34945.61,33316.73,34669.13,43044.578641,0.025786871340954098,-0.2661853498164196,0.5172940398893408,47.28629041620448,271.58595609549934,0.017651072284598005
2021-07-04,BTCUSDT,34669.12,35967.85,34357.15,35286.51,43703.475789,0.017651072284598005,0.015191345184734356,0.5909279992513835,49.10159311970421,335.17765472854353,-0.04629552498009569
2021-07-05,BTCUSDT,35288.13,35293.78,33125.55,33690.14,64123.874245,-0.04629552498009569,0.38338911125897784,0.9657381108587273,44.805059469106,267.0611075928691,0.01560534774517823
2021-07-06,BTCUSDT,33690.15,35118.88,33532.0,34220.01,58210.596349,0.01560534774517823,-0.09674934168601748,0.9122010797376917,46.479101983723695,255.0461488107751,-0.010513575195606917
2021-07-07,BTCUSDT,34220.02,35059.09,33777.77,33862.12,53807.521675,-0.010513575195606917,-0.07865414053628478,0.9095359911359651,45.47584338360178,221.58835173901116,-0.029562898272273284
2021-07-08,BTCUSDT,33862.11,33929.64,32077.0,32875.71,70136.48032,-0.029562898272273284,0.26502979719063896,1.256377770432546,42.73768395064132,135.82878931397636,0.028194357383748637
2021-07-09,BTCUSDT,32875.71,34100.0,32261.07,33815.81,47153.939899,0.028194357383748637,-0.39702549612879484,0.8480952587239992,46.07045872629245,144.41893782755187,-0.009297337803434783
2021-07-10,BTCUSDT,33815.81,34262.0,33004.78,33502.87,34761.175468,-0.009297337803434783,-0.3049164500315793,0.6400334826472891,45.12886580755802,131.4001020778237,0.022317905214544593
2021-07-11,BTCUSDT,33502.87,34666.0,33306.47,34258.99,31572.647448,0.022317905214544593,-0.09620995784382932,0.5942733989627293,47.899607095898666,173.44506677882794,-0.034819738727865
2021-07-12,BTCUSDT,34259.0,34678.43,32658.34,33086.63,48181.403762,-0.034819738727865,0.4226819738773325,0.9374693707853446,44.17497563114314,124.33248360302105,-0.01084421199366593
2021-07-13,BTCUSDT,33086.94,33340.0,32202.25,32729.77,41126.361008,-0.01084421199366593,-0.15832382958738847,0.8373025847185023,43.07693671809171,72.41860416127497,0.002753633750060858
2021-07-14,BTCUSDT,32729.12,33114.03,31550.0,32820.02,46777.823484,0.002753633750060858,0.12875993048094056,1.0021584006346171,43.45970286633968,49.83879685596719,-0.029059841124266395
2021-07-15,BTCUSDT,32820.03,33185.25,31133.0,31880.0,51639.576353,-0.029059841124266395,0.0988791286528667,1.13064097184794,40.4116244639916,-19.034328720132294,-0.015684787261425026
2021-07-16,BTCUSDT,31874.49,32249.18,31020.0,31383.87,48499.864154,-0.015684787261425026,-0.06272736510012673,1.1271065023127678,38.86240778559651,-84.94136041018646,0.004330419138805793
2021-07-17,BTCUSDT,31383.86,31955.92,31164.31,31520.07,34012.242132,0.004330419138805793,-0.3548404744760378,0.7869070549559429,39.54755832533191,-104.98692450379019,0.008167362765899914
2021-07-18,BTCUSDT,31520.07,32435.0,31108.97,31778.56,35923.716186,0.008167362765899914,0.054677172861625066,0.8331933379932236,40.90121201078221,-87.19303905283027,-0.029990648832101084
2021-07-19,BTCUSDT,31778.57,31899.0,30407.44,30839.65,47340.468499,-0.029990648832101084,0.27596780513254726,1.0823824506663609,37.607168993303056,-122.83144465955388,-0.03461668416799106
2021-07-20,BTCUSDT,30839.65,31063.07,29278.0,29790.35,61034.049017,-0.03461668416799106,0.25406638854582353,1.3993130833623517,34.28405203899062,-196.856825234374,0.07605715848404894
2021-07-21,BTCUSDT,29790.34,32858.0,29482.61,32144.51,82796.265128,0.07605715848404894,0.30495106416907797,1.7820554181751522,45.84590131127667,-73.41234264741524,0.0044487049941116285
2021-07-22,BTCUSDT,32144.51,32591.35,31708.0,32287.83,46148.092433,0.0044487049941116285,-0.5845273271923509,0.8942285444163817,46.46343764363455,26.40793848685803,0.040849756917323884
2021-07-23,BTCUSDT,32287.58,33650.0,31924.32,33634.09,50112.863626,0.040849756917323884,0.08242210810411711,0.9860447319425312,52.00044635751536,182.89691522441126,0.01838406474345351
2021-07-24,BTCUSDT,33634.1,34500.0,33401.14,34258.14,47977.550138,0.01838406474345351,-0.04354453809461931,0.9397683499811815,54.35698300430113,320.19470771287274,0.03225131745929758
2021-07-25,BTCUSDT,34261.51,35398.0,33851.12,35381.02,47852.928313,0.03225131745929758,-0.002600882250942633,0.9020757477958198,58.321978813161216,469.3708372874952,0.05114348533727734
2021-07-26,BTCUSDT,35381.02,40550.0,35205.78,37237.6,152452.512724,0.05114348533727734,1.1587208417908463,2.7844320188733804,63.90512429195508,663.9252480728129,0.05791451692422995
2021-07-27,BTCUSDT,37241.33,39542.61,36383.0,39457.87,88397.267015,0.05791451692422995,-0.5450121025353729,1.2670218683469863,69.2160789770427,898.4196489135293,0.014134814167452743
2021-07-28,BTCUSDT,39456.61,40900.0,38772.0,40019.56,101344.528441,0.014134814167452743,0.13668483162627226,1.3755286894098804,70.40254944675789,1037.7606968128944,-7.696532715802908e-05
2021-07-29,BTCUSDT,40019.57,40640.0,39200.0,40016.48,53998.439283,-7.696532715802908e-05,-0.6295707406921155,0.7074661455084242,70.38652949302865,1071.7494099946093,0.05327978825254109
2021-07-30,BTCUSDT,40018.49,42316.71,38313.23,42206.37,73602.784805,0.05327978825254109,0.309727718063553,0.9503508502305416,74.78057300509468,1175.4310648047572,-0.017797912555153794
2021-07-31,BTCUSDT,42206.36,42448.0,41000.15,41461.83,44849.791012,-0.017797912555153794,-0.49536393325968114,0.5550461455705012,70.92722331807474,1127.4122291815784,-0.03976527538307319
2021-08-01,BTCUSDT,41461.84,42599.0,39422.01,39845.44,53953.186326,-0.03976527538307319,0.18479782189921568,0.6714195167939255,63.301102029623195,928.6186610706194,-0.017663231962589804
2021-08-02,BTCUSDT,39850.27,40480.01,38690.0,39147.82,50837.351954,-0.017663231962589804,-0.059485391595544605,0.6258571868656281,60.288229675235975,702.2607441763962,-0.024324684058787516
2021-08-03,BTCUSDT,39146.86,39780.0,37642.03,38207.05,57117.435853,-0.024324684058787516,0.11647806740753266,0.856180529707524,56.39039160973242,453.3742242713331,0.03891484283709042
2021-08-04,BTCUSDT,38207.04,39969.66,37508.56,39723.18,52329.35243,0.03891484283709042,-0.08755198092470323,0.8407218490351398,60.790106996249925,359.1745417578602,0.028276896761954197
2021-08-05,BTCUSDT,39723.17,41350.0,37332.7,40862.46,84343.755621,0.028276896761954197,0.47734333129191375,1.5268272294113816,63.749704568062675,341.9993571104683,0.04718738719477047
2021-08-06,BTCUSDT,40862.46,43392.43,39853.86,42836.87,75753.941347,0.04718738719477047,-0.10741030284280596,1.2715462631261492,68.22583473237968,426.5185469427295,0.03971879398871793
2021-08-07,BTCUSDT,42836.87,44700.0,42446.41,44572.54,73396.740808,0.03971879398871793,-0.03161094254555474,1.225657914674523,71.55140739400395,554.139213854935,-0.01761270403291667
2021-08-08,BTCUSDT,44572.54,45310.0,43261.0,43794.37,69329.092698,-0.01761270403291667,-0.05701490532079784,1.083916057647749,68.10955422423334,540.3945739731776,0.05462970446216788
2021-08-09,BTCUSDT,43794.36,46454.15,42779.0,46253.4,74587.884845,0.05462970446216788,0.07311346632654221,1.1274164237301596,72.5956424510166,644.1242879944725,-0.01455647910352678
2021-08-10,BTCUSDT,46248.87,46700.0,44589.46,45584.99,53814.643421,-0.01455647910352678,-0.326432479800344,0.7737417201969329,69.7244893100357,614.9929640963524,-0.0016244406865866849
2021-08-11,BTCUSDT,45585.0,46743.47,45341.14,45511.0,52734.901977,-0.0016244406865866849,-0.020268099736896337,0.763396097555452,69.39729696725917,540.6468300733827,-0.02473710831782772
2021-08-12,BTCUSDT,45510.67,46218.12,43770.0,44399.0,55266.108781,-0.02473710831782772,0.04688234660672238,0.7993677029111056,64.49855863434533,374.38265951050516,0.07380869283538957
2021-08-13,BTCUSDT,44400.06,47886.0,44217.39,47800.0,48239.370431,0.07380869283538957,-0.13598435798231426,0.7423345344083278,71.19565088500589,446.3777099504073,-0.015421439567330678
2021-08-14,BTCUSDT,47799.99,48144.0,45971.03,47068.51,46114.359022,-0.015421439567330678,-0.04505112453114651,0.7553208288409091,68.21502951012346,399.19168211267606,-0.002013774690601655
2021-08-15,BTCUSDT,47068.5,47372.27,45500.0,46973.82,42110.711334,-0.002013774690601655,-0.09082224272234156,0.7367783757293936,67.81921971085006,319.50808260955637,-0.023097203992741226
2021-08-16,BTCUSDT,46973.82,48053.83,45660.0,45901.29,52480.574014,-0.023097203992741226,0.22014094802950335,0.985238845889127,63.33641360950744,160.50109278844184,-0.02661032775885209
2021-08-17,BTCUSDT,45901.3,47160.0,44376.0,44695.95,57039.341629,-0.02661032775885209,0.08329815142805962,1.1383128917049883,58.64490761242285,-48.73029056966334,0.00020894564849409231
2021-08-18,BTCUSDT,44695.95,46000.0,44203.28,44705.29,54099.415985,0.00020894564849409231,-0.05291784307833987,1.0698066841104095,58.67045470168837,-200.8439898590791,0.0449495565754806
2021-08-19,BTCUSDT,44699.37,47033.0,43927.7,46760.62,53411.75392,0.0449495565754806,-0.012792558085773793,1.0521525325451793,63.94830944345671,-178.1553137811884,0.05333836243326847
2021-08-20,BTCUSDT,46760.62,49382.99,46622.99,49322.47,56850.352228,0.05333836243326847,0.06239158331380444,1.1257637960002616,69.2238598470677,-14.362298124954577,-0.010201389940111036
2021-08-21,BTCUSDT,49322.47,49757.04,48222.0,48821.87,46745.136584,-0.010201389940111036,-0.19571219588613523,0.9036456090668186,67.15587207614925,33.88021342205093,0.008512092205915797
2021-08-22,BTCUSDT,48821.88,49500.0,48050.0,49239.22,37007.887795,0.008512092205915797,-0.23357914646193204,0.71416759396368,68.01379664420702,65.67316004815302,0.005056931265299252
2021-08-23,BTCUSDT,49239.22,50500.0,49029.0,49488.85,52462.541954,0.005056931265299252,0.3489683547819416,1.0268523661426059,68.54308044680792,74.63601827381808,-0.03736100600577641
2021-08-24,BTCUSDT,49488.85,49860.0,47600.0,47674.01,51014.594748,-0.03736100600577641,-0.02798766503993405,0.9985619596424488,60.68152237314082,-63.10019146081959,0.026889274355853948
2021-08-25,BTCUSDT,47674.01,49264.3,47126.28,48973.32,44655.830342,0.026889274355853948,-0.1331268857484358,0.8890733976882447,63.876000762199055,-86.68257936920236,-0.044455503018913885
2021-08-26,BTCUSDT,48973.32,49352.84,46250.0,46843.87,49371.277774,-0.044455503018913885,0.10038395595781809,1.010085827954323,55.86507033705152,-256.09722140069243,0.04642565518730656
2021-08-27,BTCUSDT,46843.86,49149.93,46348.0,49069.9,42068.104965,0.04642565518730656,-0.16007898174225146,0.8709556250577499,61.32540505274585,-229.4954438213158,-0.0035635122599486395
2021-08-28,BTCUSDT,49069.9,49299.0,48346.88,48895.35,26681.063786,-0.0035635122599486395,-0.45533575949007166,0.577645497159222,60.691335290415196,-234.10522190579104,-0.002611425769036323
2021-08-29,BTCUSDT,48895.35,49632.27,47762.54,48767.83,32652.283473,-0.002611425769036323,0.20196069890266785,0.7536932120351738,60.20161522875905,-254.5012283428764,-0.03728695560163383
2021-08-30,BTCUSDT,48767.84,48888.61,46853.0,46982.91,40288.35083,-0.03728695560163383,0.21014757468184458,0.943503113526715,53.67325283708076,-388.9138807527861,0.0025079782457921107
2021-08-31,BTCUSDT,46982.91,48246.11,46700.0,47100.89,48645.52737,0.0025079782457921107,0.18849750368900156,1.1875872883232517,54.028117470070384,-465.4187787612036,0.03565396658703159
2021-09-01,BTCUSDT,47100.89,49156.0,46512.0,48810.52,49904.65528,0.03565396658703159,0.025554421025347822,1.2284765482866715,58.93677151001164,-398.98153684171916,0.008895278543618722
2021-09-02,BTCUSDT,48810.51,50450.13,48584.06,49246.64,54410.770538,0.008895278543618722,0.08644783150537881,1.3151263151577415,60.106960008036936,-326.79675428893006,0.015164663339698799
2021-09-03,BTCUSDT,49246.63,51000.0,48316.84,49999.14,59025.644157,0.015164663339698799,0.08140987410723019,1.4022686191908191,62.1131691128864,-233.85810181080524,-0.0016714247769793876
2021-09-04,BTCUSDT,49998.0,50535.69,49370.0,49915.64,34664.65959,-0.0016714247769793876,-0.5322512838481138,0.7787103895679021,61.742125215171306,-185.60188050242436,0.036222989665486205
2021-09-05,BTCUSDT,49917.54,51900.0,49450.0,51756.88,40544.835873,0.036222989665486205,0.15668770801271806,0.8880508513892297,66.49503319699696,-44.62597778382133,0.017372841164721087
2021-09-06,BTCUSDT,51756.88,52780.0,50969.33,52663.9,49249.667081,0.017372841164721087,0.19449418745099104,1.0527146442048487,68.56669902065035,87.55660893036338,-0.11668618261666851
2021-09-07,BTCUSDT,52666.2,52920.0,42843.05,46863.73,123048.802719,-0.11668618261666851,0.9156784389345565,2.5601202978963786,48.08954092262176,-220.93826989292097,-0.017552965928858206
2021-09-08,BTCUSDT,46868.57,47340.99,44412.02,46048.31,65069.3152,-0.017552965928858206,-0.6371279573526647,1.1086437287996618,46.00923697896837,-470.85077273895945,0.007503649579212201
2021-09-09,BTCUSDT,46048.31,47399.97,45513.08,46395.14,50651.66002,0.007503649579212201,-0.25048108490920434,0.832277516356605,47.058282105862546,-595.6989069651761,-0.03385083421309653
2021-09-10,BTCUSDT,46395.14,47033.0,44132.29,44850.91,49048.26618,-0.03385083421309653,-0.03216716711690418,0.8131063006757364,43.047723155186695,-754.9396853746096,0.007170959564001218
2021-09-11,BTCUSDT,44842.2,45987.93,44722.22,45173.69,30440.4081,0.007170959564001218,-0.4770338977690595,0.5168436509617091,44.11975201130158,-806.5205653489177,0.018675103944809108
2021-09-12,BTCUSDT,45173.68,46460.0,44742.06,46025.24,32094.28052,0.018675103944809108,0.0529068977082074,0.5505657067101797,46.95646912865376,-752.3352621336703,-0.023845431156868976
2021-09-13,BTCUSDT,46025.23,46880.0,43370.0,44940.73,65429.15056,-0.023845431156868976,0.7122900490598788,1.1461494078271475,43.899932214647876,-756.5383494248407,0.047173046597374216
2021-09-14,BTCUSDT,44940.72,47250.0,44594.44,47111.52,44855.85099,0.047173046597374216,-0.3775138495211737,0.7551819103772748,50.80299483733799,-587.6478709773007,0.021209635319469546
2021-09-15,BTCUSDT,47103.28,48500.0,46682.32,48121.41,43204.71174,0.021209635319469546,-0.03750447949410447,0.8958616645797515,53.65977925507411,-391.86577442188917,-0.00800323656818104
2021-09-16,BTCUSDT,48121.4,48557.0,47021.1,47737.82,40725.08895,-0.00800323656818104,-0.059105218710346116,0.902925740175075,52.41477617422592,-277.52725044014096,-0.009214083189828333
2021-09-17,BTCUSDT,47737.81,48150.0,46699.56,47299.98,34461.92776,-0.009214083189828333,-0.16698916715100104,0.788866133797199,50.96134240770297,-223.05936180629436,0.02077136613693967
2021-09-18,BTCUSDT,47299.98,48843.2,47035.56,48292.74,30906.47038,0.02077136613693967,-0.10888961210265997,0.7429148681230375,54.07119748575847,-117.16657698428202,-0.0220032032815168
2021-09-19,BTCUSDT,48292.75,48372.83,46829.18,47241.75,29847.24349,-0.0220032032815168,-0.034873069213247274,0.7163072849687383,50.42542046771777,-114.75304235528017,-0.09371472997414354
2021-09-20,BTCUSDT,47241.75,47347.25,42500.0,43015.62,78003.524443,-0.09371472997414354,0.9606615206545616,1.8865488502178829,39.029568139557234,-379.69329019279564,-0.054490852225822076
2021-09-21,BTCUSDT,43016.64,43639.0,39600.0,40734.38,84534.080485,-0.054490852225822076,0.08040076156541467,1.9593679590865465,34.49748813599355,-673.3333697974638,0.06669051131367976
2021-09-22,BTCUSDT,40734.09,44000.55,40565.39,43543.61,58349.05542,0.06669051131367976,-0.3707116019741263,1.1953867516392878,43.23844730913574,-643.1722836705308,0.029900811262542855
2021-09-23,BTCUSDT,43546.37,44978.0,43069.09,44865.26,48699.57655,0.029900811262542855,-0.18077283544785472,0.9553555711164158,46.833095240020135,-505.1079545146731,-0.04687874118217047
2021-09-24,BTCUSDT,44865.26,45200.0,40675.0,42810.57,84113.426292,-0.04687874118217047,0.5464958660117069,1.614010285308352,42.343535627637095,-520.96841118929,-0.00327393879868255
2021-09-25,BTCUSDT,42810.58,42966.84,41646.28,42670.64,33594.57189,-0.00327393879868255,-0.9178016979650298,0.567402791836718,42.047908360843024,-509.09160789505455,0.011423896898211428
2021-09-26,BTCUSDT,42670.63,43950.0,40750.0,43160.9,49879.99765,0.011423896898211428,0.3952555706732129,0.8370301240407765,43.535331264833914,-439.0746527522631,-0.023763181042317418
2021-09-27,BTCUSDT,43160.9,44350.0,42098.0,42147.35,39776.84383,-0.023763181042317418,-0.22633514404399968,0.6369037467539034,41.18203526848504,-431.255882355174,-0.026952637413386934
2021-09-28,BTCUSDT,42147.35,42787.38,40888.0,41026.54,43372.2624,-0.026952637413386934,0.08653519192303717,0.7610169186123017,38.691343339292544,-468.693765272835,0.012059142038448096
2021-09-29,BTCUSDT,41025.01,42590.0,40753.88,41524.28,33511.53487,0.012059142038448096,-0.2579304175352366,0.6556458846093046,40.414821103258454,-428.1747583652534,0.053905577976211407
2021-09-30,BTCUSDT,41524.29,44141.37,41410.17,43824.1,46381.22781,0.053905577976211407,0.32500510026754004,0.9751324125592654,47.72685949964716,-224.93752399002494,0.09396298154418624
2021-10-01,BTCUSDT,43820.01,48495.0,43283.03,48141.61,66244.87492,0.09396298154418624,0.35646329786569864,1.4025173582000812,58.117781464272156,198.9112515520775,-0.01058119005719298
2021-10-02,BTCUSDT,48141.6,48336.59,47430.18,47634.9,30508.98131,-0.01058119005719298,-0.7753369927296484,0.6828301968324095,56.693424037564505,430.49240483063204,0.01179354266560912
2021-10-03,BTCUSDT,47634.89,49228.08,47088.0,48200.01,30825.05601,0.01179354266560912,0.010306756634233201,0.6967785208539693,57.93171572459308,596.8439397554241,0.02104117710619458
2021-10-04,BTCUSDT,48200.01,49536.12,46891.0,49224.94,46796.49372,0.02104117710619458,0.4174804135237114,1.1271577164708202,60.156910409541986,741.5747013689712,0.04463737058465869
2021-10-05,BTCUSDT,49224.93,51886.3,49022.4,51471.99,52125.66793,0.04463737058465869,0.10784921443756439,1.2259076303412682,64.58035536942424,941.4696000102693,0.07200634327060802
2021-10-06,BTCUSDT,51471.99,55750.0,50382.41,55315.0,79877.545181,0.07200634327060802,0.4268372826992324,1.8249153524968376,70.59341687936194,1265.1661292244905,-0.02804541125150523
2021-10-07,BTCUSDT,55315.0,55332.31,53357.0,53785.22,54917.37766,-0.02804541125150523,-0.3746649453423673,1.089754537028362,65.80437779403118,1303.7279395929017,0.00308548914159256
2021-10-08,BTCUSDT,53785.22,56100.0,53617.61,53951.43,46160.25785,0.00308548914159256,-0.1737106232090864,0.8943409500066443,66.07367623225032,1266.8140183130877,0.018334387918285084
2021-10-09,BTCUSDT,53955.67,55489.0,53661.67,54949.72,55177.08013,0.018334387918285084,0.17842844383174392,1.1319656492516057,67.71807449763031,1234.7425357064453,-0.005304699876692706
2021-10-10,BTCUSDT,54949.72,56561.31,54080.0,54659.0,89237.836128,-0.005304699876692706,0.4807574694678998,1.7072967729411437,66.70410327298983,1122.3116051211687,0.05017267734198954
2021-10-11,BTCUSDT,54659.01,57839.04,54415.06,57471.35,52933.165751,0.05017267734198954,-0.5222750272622696,0.8732946518526776,71.1971025546737,1160.879447422997,-0.02598969495671528
2021-10-12,BTCUSDT,57471.35,57680.0,53879.0,55996.93,53471.2855,-0.02598969495671528,0.010114695963440192,0.8695953544575986,66.15679950958312,1015.8510794082094,0.024172357303921338
2021-10-13,BTCUSDT,55996.91,57777.0,54167.19,57367.0,55808.44492,0.024172357303921338,0.042780410398195225,0.9047756892308642,68.39575748268474,942.564166773162,-0.00033230196825961595
2021-10-14,BTCUSDT,57370.83,58532.54,56818.05,57347.94,43053.336781,-0.00033230196825961595,-0.2594854632875178,0.7391938444543198,68.32803415904729,827.2859038321594,0.07269990621610015
2021-10-15,BTCUSDT,57347.94,62933.0,56850.0,61672.42,82512.908022,0.07269990621610015,0.6505150046737035,1.4591458747175767,74.49795723709761,967.0403766397012,-0.013004884546981205
2021-10-16,BTCUSDT,61672.42,62378.42,60150.0,60875.57,35467.88096,-0.013004884546981205,-0.8443272167273106,0.5744529860268924,71.72524906946533,930.2828701415751,0.010665774343540647
2021-10-17,BTCUSDT,60875.57,61718.39,58963.0,61528.33,39099.24124,0.010665774343540647,0.09747553592910373,0.663526632143334,72.6241043502749,875.2083846582768,0.007795362977312687
2021-10-18,BTCUSDT,61528.32,62695.78,59844.45,62009.84,51798.44844,0.007795362977312687,0.28125713474465736,1.0006702867689943,73.29842176931126,798.6167152673656,0.035964637291379095
2021-10-19,BTCUSDT,62005.6,64486.0,61322.22,64280.59,53628.107744,0.035964637291379095,0.03471313291593311,1.0392711930376117,76.26729696940183,824.9184615029653,0.0264183860137485
2021-10-20,BTCUSDT,64280.59,67000.0,63481.4,66001.41,51428.934856,0.0264183860137485,-0.04187237982270231,0.9962204104300696,78.24167902335478,877.3576223764385,-0.05943124037142096
2021-10-21,BTCUSDT,66001.4,66639.74,62000.0,62193.15,68538.64537,-0.05943124037142096,0.2871968031574629,1.3439369514782187,65.29546360130571,588.5776167609024,-0.024495255024330125
2021-10-22,BTCUSDT,62193.15,63732.39,60000.0,60688.22,52119.35886,-0.024495255024330125,-0.273861301218733,0.9538827556189667,61.00001061345028,246.71802534006565,0.009814059457965237
2021-10-23,BTCUSDT,60688.23,61747.64,59562.15,61286.75,27626.93678,0.009814059457965237,-0.6347451838894423,0.5492735125542042,62.068763421077755,23.185605385614053,-0.007115367573461971
2021-10-24,BTCUSDT,61286.75,61500.0,59510.63,60852.22,31226.57676,-0.007115367573461971,0.12247828439049313,0.6349821193789456,60.766803259522376,-180.44401751624264,0.03593611946449075
2021-10-25,BTCUSDT,60852.22,63710.63,60650.0,63078.78,36853.83806,0.03593611946449075,0.16569021535329562,0.7669505619254134,64.83695331008101,-190.68853606774155,-0.044574653976376374
2021-10-26,BTCUSDT,63078.78,63293.48,59817.55,60328.81,40217.50083,-0.044574653976376374,0.08734247811271308,0.8758646167320866,56.97517761811203,-396.34188388625125,-0.03226376706842764
2021-10-27,BTCUSDT,60328.81,61496.0,58000.0,58413.44,62124.49016,-0.03226376706842764,0.4348380327829296,1.4118661788226057,52.225240038876514,-659.5274463251835,0.03635095878154798
2021-10-28,BTCUSDT,58413.44,62499.0,57820.0,60575.89,61056.35301,0.03635095878154798,-0.017343020152578045,1.341024847197465,56.622156820851494,-683.2363218996029,0.027321172837900806
2021-10-29,BTCUSDT,60575.9,62980.0,60174.81,62253.71,43973.90414,0.027321172837900806,-0.3282008873055682,0.9890506068481129,59.71975984349423,-584.9737117809241,-0.006357458874696461
2021-10-30,BTCUSDT,62253.7,62359.25,60673.0,61859.19,31478.12566,-0.006357458874696461,-0.33430348912904123,0.7270264307100409,58.65903903193522,-546.3314498225727,-0.009084092793678443
2021-10-31,BTCUSDT,61859.19,62405.3,59945.36,61299.8,39267.63794,-0.009084092793678443,0.22110783644170542,0.8955552058360328,57.11012780847866,-556.360176626185,-0.006360992003154558
2021-11-01,BTCUSDT,61299.81,62437.74,59405.0,60911.11,44687.66672,-0.006360992003154558,0.12929683368691428,0.9931480138260915,56.00355365811024,-584.2074812450155,0.03720496031871912
2021-11-02,BTCUSDT,60911.12,64270.0,60624.68,63219.99,46368.2841,0.03720496031871912,0.03691814194542485,1.0054903316709143,60.8555479829072,-448.2791811042116,-0.005130348313391929
2021-11-03,BTCUSDT,63220.57,63500.0,60382.76,62896.48,43336.09049,-0.005130348313391929,-0.06762990673420641,0.9221665135703734,59.85944012374677,-383.79635199072663,-0.024161638804099172
2021-11-04,BTCUSDT,62896.49,63086.31,60677.01,61395.01,35930.93314,-0.024161638804099172,-0.18738721461267416,0.810904031541925,55.33254466401502,-441.77436219376887,-0.007486048650989339
2021-11-05,BTCUSDT,61395.01,62595.72,60721.0,60937.12,31604.48749,-0.007486048650989339,-0.12829945215528127,0.7761344433600025,53.99156282386682,-505.8634201807081,0.008716661568431403
2021-11-06,BTCUSDT,60940.18,61560.49,60050.0,61470.61,25590.57408,0.008716661568431403,-0.21107503600447994,0.6569549254615825,55.34931402716783,-506.00258959030725,0.02890884809094554
2021-11-07,BTCUSDT,61470.62,63286.35,61322.78,63273.59,25515.6883,0.02890884809094554,-0.0029305932427139483,0.6694880405264172,59.67996267256327,-383.8827439690692,0.06504216884637133
2021-11-08,BTCUSDT,63273.58,67789.0,63273.58,67525.83,54442.094554,0.06504216884637133,0.7578441611433789,1.5061022513981073,67.64926804183474,-34.3540426711063,-0.008599071276880508
2021-11-09,BTCUSDT,67525.82,68524.25,66222.4,66947.66,44661.378068,-0.008599071276880508,-0.1980285487738095,1.189664160706879,65.7464625251231,131.20006996341817,-0.03133425720348249
2021-11-10,BTCUSDT,66947.67,69000.0,62822.9,64882.43,65171.504046,-0.03133425720348249,0.3779132160771369,1.7473508154960438,59.32723241284392,77.5641277990735,-0.0016685606442103456
2021-11-11,BTCUSDT,64882.42,65600.07,64100.0,64774.26,37237.98058,-0.0016685606442103456,-0.559693095123806,0.921352119584175,59.00229289572965,14.074003235391046,-0.010117196545531833
2021-11-12,BTCUSDT,64774.25,65450.7,62278.0,64122.23,44490.10816,-0.010117196545531833,0.17793765215967008,1.095724069880999,56.97652433662615,-87.00422685099375,0.004011920193832118
2021-11-13,BTCUSDT,64122.22,65000.0,63360.22,64380.0,22504.97383,0.004011920193832118,-0.6815305320315891,0.5302250790402909,57.59635576909802,-148.08365465796714,0.01753867731607232
2021-11-14,BTCUSDT,64380.01,65550.51,63576.27,65519.1,25705.07347,0.01753867731607232,0.13295203981065687,0.6119761687149718,60.31708800104189,-124.30878931152438,-0.029622263612827583
2021-11-15,BTCUSDT,65519.11,66401.82,63400.0,63606.74,37829.37124,-0.029622263612827583,0.3863974341332108,0.9000468954040594,54.04734852347078,-243.04893820205052,-0.057394191714532264
2021-11-16,BTCUSDT,63606.73,63617.31,58574.07,60058.87,77455.15609,-0.057394191714532264,0.71661331995556,1.9531171905543396,44.75308756205889,-548.7106518845578,0.004750691928607092
2021-11-17,BTCUSDT,60058.87,60840.23,58373.0,60344.87,46289.38491,0.004750691928607092,-0.5147864705871861,1.0439168270057424,45.565723348783884,-709.5886396439078,-0.058927885424531284
2021-11-18,BTCUSDT,60344.86,60976.0,56474.26,56891.62,62146.99931,-0.058927885424531284,0.29458986817144367,1.4923190919098843,38.24987600949009,-1008.2984063503206,0.020195240460608506
2021-11-19,BTCUSDT,56891.62,58320.0,55600.0,58052.24,50715.88726,0.020195240460608506,-0.20326331567908598,1.1219582001118165,41.64127490314286,-1080.9950817059462,0.028114513307780045
2021-11-20,BTCUSDT,58057.1,59845.0,57353.0,59707.51,33811.5901,0.028114513307780045,-0.4054355736178631,0.7335609616320511,46.18110205397759,-974.1890362949599,-0.018347414213866074
2021-11-21,BTCUSDT,59707.52,60029.76,58486.65,58622.02,31902.22785,-0.018347414213866074,-0.05812780016806266,0.6687027388741158,43.77611677382911,-933.1616388551165,-0.0413544874234942
2021-11-22,BTCUSDT,58617.7,59444.0,55610.0,56247.18,51724.32047,-0.0413544874234942,0.48325224027407276,1.0644409430704216,38.99185201502994,-1015.6701882969334,0.022746522987712518
2021-11-23,BTCUSDT,56243.83,58009.99,55317.0,57541.27,49917.85017,0.022746522987712518,-0.0355494285552478,0.986949095698799,42.66877077113879,-934.8259823358833,-0.007027959623695437
2021-11-24,BTCUSDT,57541.26,57735.0,55837.0,57138.29,39612.04964,-0.007027959623695437,-0.23124530181513864,0.849241447737197,41.82345343140486,-862.0058060477264,0.0313908838384089
2021-11-25,BTCUSDT,57138.29,59398.9,57000.0,58960.36,42153.51522,0.0313908838384089,0.06218472302134407,0.9225956080529709,46.941786218578144,-654.0701116025932,-0.09295843321180253
2021-11-26,BTCUSDT,58960.37,59150.0,53500.0,53726.53,65927.87066,-0.09295843321180253,0.44724319678677776,1.5391509930421057,36.89935992333197,-821.1472567414205,0.0183411757514558
2021-11-27,BTCUSDT,53723.72,55280.0,53610.0,54721.03,29716.99957,0.0183411757514558,-0.7968420174637896,0.6602741699263345,39.545877729867065,-815.1676937108134,0.04561403694585218
2021-11-28,BTCUSDT,54716.47,57445.05,53256.64,57274.88,36163.7137,0.04561403694585218,0.19633697397281696,0.8140924937089702,45.82909954551114,-599.6609911004839,0.008715658399547181
2021-11-29,BTCUSDT,57274.89,58865.97,56666.67,57776.25,40125.28009,0.008715658399547181,0.10395032973092416,0.8910609740571325,46.993843403277765,-393.74168401040833,-0.014394268550105557
2021-11-30,BTCUSDT,57776.25,59176.99,55875.55,56950.56,49161.05194,-0.014394268550105557,0.20309512089823362,1.1334248322649936,45.26762612695308,-288.4186530391595,0.004091840063051094
2021-12-01,BTCUSDT,56950.56,59053.55,56458.01,57184.07,44956.63656,0.004091840063051094,-0.08940328958167128,1.0390806191284974,45.87316257393466,-183.41559241998448,-0.012382750098007033
2021-12-02,BTCUSDT,57184.07,57375.47,55777.77,56480.34,37574.05976,-0.012382750098007033,-0.1793844808731847,0.8533877143833364,44.28308208630856,-143.51194296581411,-0.05232395555977342
2021-12-03,BTCUSDT,56484.26,57600.0,51680.0,53601.05,58927.69027,-0.05232395555977342,0.4499971913083541,1.3585607248100104,38.41583087011395,-285.0152224343842,-0.08664155778315352
2021-12-04,BTCUSDT,53601.05,53859.1,42000.3,49152.47,114203.373748,-0.08664155778315352,0.6616697356236931,2.6950609431643633,31.47667853237577,-632.3018290905227,0.004949030282182365
2021-12-05,BTCUSDT,49152.46,49699.05,47727.21,49396.33,45580.82012,0.004949030282182365,-0.9184938226023358,0.8371972102671376,32.19966781689341,-789.4623985828998,0.020946445463868552
2021-12-06,BTCUSDT,49396.32,50891.11,47100.0,50441.92,58571.21575,0.020946445463868552,0.25075636046481015,1.0498544336652622,35.3493856252056,-766.2531544753972,0.0029105975984963822
2021-12-07,BTCUSDT,50441.91,51936.33,50039.74,50588.95,38253.46877,0.0029105975984963822,-0.4260091341417221,0.6547451086603198,35.80103051502023,-686.8058265389136,-0.002330494560926045
2021-12-08,BTCUSDT,50588.95,51200.0,48600.0,50471.19,38425.92466,-0.002330494560926045,0.004498110197813889,0.6757186442720072,35.58659957024375,-591.6072271791359,-0.05971363822672122
2021-12-09,BTCUSDT,50471.19,50797.76,47320.0,47545.59,37692.68665,-0.05971363822672122,-0.019266265583758758,0.6738803937353899,30.67153452408587,-669.3679005639406,-0.008555687528783013
2021-12-10,BTCUSDT,47535.9,50125.0,46852.0,47140.54,44233.57391,-0.008555687528783013,0.16001800389241974,0.7905806771030032,30.05265795684265,-689.078514954685,0.0466144194002914
2021-12-11,BTCUSDT,47140.54,49485.71,46751.0,49389.99,28889.19358,0.0466144194002914,-0.4260164908409171,0.536459530128799,37.58468842983328,-500.3966760820349,0.013352652721007085
2021-12-12,BTCUSDT,49389.99,50777.0,48638.0,50053.9,26017.93421,0.013352652721007085,-0.10468152308154144,0.6244727779080429,39.650230372235725,-291.0344519570831,-0.06929737535263912
2021-12-13,BTCUSDT,50053.9,50189.97,45672.75,46702.75,50869.52093,-0.06929737535263912,0.6704778637132879,1.3087379255765965,33.60496153803888,-335.2536996464569,0.034524176232671906
2021-12-14,BTCUSDT,46702.76,48700.41,46290.0,48343.28,39955.98445,0.034524176232671906,-0.2414854817637038,1.0579070092176066,38.54470298763128,-216.7733880251485,0.010733758816394861
2021-12-15,BTCUSDT,48336.95,49500.0,46547.0,48864.98,51629.181,0.010733758816394861,0.2563085764035851,1.3582295644928166,40.071644132745746,-73.43412476584308,-0.025548202428183887
2021-12-16,BTCUSDT,48864.98,49436.43,47511.0,47632.38,31949.86739,-0.025548202428183887,-0.47991900562811746,0.8007827471552853,37.688977199767216,-33.8157896655016,-0.03202327139996514
2021-12-17,BTCUSDT,47632.38,47995.96,45456.0,46131.2,43104.4887,-0.03202327139996514,0.29945910759136046,1.10304022777354,34.962371438893015,-78.347656642336,0.015130173120065147
2021-12-18,BTCUSDT,46133.83,47392.37,45500.0,46834.48,25020.05271,0.015130173120065147,-0.5439495261073856,0.6429147315405035,37.25262587441312,-32.426748631395185,-0.0032775271061218484
2021-12-19,BTCUSDT,46834.47,48300.01,46406.91,46681.23,29305.70665,-0.0032775271061218484,0.15810465151897535,0.7638883476610108,36.9473034637483,13.193120031439776,0.00497739217481098
2021-12-20,BTCUSDT,46681.24,47537.57,45558.85,46914.16,35848.50609,0.00497739217481098,0.2015196317775072,0.9231325089380297,37.78199782655817,80.84786978827651,0.041250873237454126
2021-12-21,BTCUSDT,46914.17,49328.96,46630.0,48889.88,37713.92924,0.041250873237454126,0.05072760702897909,1.02797247676691,44.49394914712981,269.80360002751877,-0.0061905422711137255
2021-12-22,BTCUSDT,48887.59,49576.13,48421.87,48588.16,27004.2022,-0.0061905422711137255,-0.3340370111454567,0.7425389067288843,43.718310407763695,378.92722596393605,0.04528015945422746
2021-12-23,BTCUSDT,48588.17,51375.0,47920.42,50838.81,35192.54046,0.04528015945422746,0.2648416504649211,1.0713253395729685,50.631759008028006,594.3158335395883,-0.0003700613889668522
2021-12-24,BTCUSDT,50838.82,51810.0,50384.43,50820.0,31684.84269,-0.0003700613889668522,-0.10499572344279144,0.9511318870112206,50.57584298719386,718.832044860007,-0.008305548869195585
2021-12-25,BTCUSDT,50819.99,51156.23,50142.32,50399.66,19135.51613,-0.008305548869195585,-0.504292326353442,0.6039984928777945,49.266476112140055,752.6007829600837,0.007429328815574095
2021-12-26,BTCUSDT,50399.67,51280.0,49412.0,50775.49,22569.88914,0.007429328815574095,0.1650705873876521,0.7318203942423365,50.50041925110533,776.8149298468297,-0.0014594452777345129
2021-12-27,BTCUSDT,50775.48,52088.0,50449.0,50701.44,28792.21566,-0.0014594452777345129,0.24348838203623557,0.9636436184538331,50.24113397583436,763.2902895155444,-0.06430418312979821
2021-12-28,BTCUSDT,50701.44,50704.05,47313.01,47543.74,45853.33924,-0.06430418312979821,0.4653429646887098,1.5882448152140975,40.65528883159594,528.2896604734842,-0.02295810578396181
2021-12-29,BTCUSDT,47543.74,48139.08,46096.99,46464.66,39498.87,-0.02295810578396181,-0.14917596180952936,1.3151726309364244,37.98791496210763,298.23988707137096,0.01402397902343454
2021-12-30,BTCUSDT,46464.66,47900.0,45900.0,47120.87,30352.29569,0.01402397902343454,-0.2633999087308448,0.9539295475526043,40.54265231549752,193.4152081471325,-0.019369821492674983
2021-12-31,BTCUSDT,47120.88,48548.26,45678.0,46216.93,34937.99796,-0.019369821492674983,0.14070284852179998,1.1224442992049695,38.207577142291754,72.56831472378667,0.03205994678177879
2022-01-01,BTCUSDT,46216.93,47954.63,46208.37,47722.65,19604.46325,0.03205994678177879,-0.5778177465442268,0.6205623854208441,43.994028928890785,101.6274754241283,-0.009188052743592882
2022-01-02,BTCUSDT,47722.66,47990.0,46654.0,47286.18,18340.4604,-0.009188052743592882,-0.06664768703774271,0.5793229593691107,42.74448349631056,98.94385940077268,-0.01792557472959721
2022-01-03,BTCUSDT,47286.18,47570.0,45696.0,46446.1,27662.0771,-0.01792557472959721,0.41095284730383264,0.8907666685818107,40.36793965920991,50.52220510988218,-0.013309745191831738
2022-01-04,BTCUSDT,46446.1,47557.54,45500.0,45832.01,35491.4136,-0.013309745191831738,0.24922837938771397,1.1488576436854567,38.67518424915265,-9.721818821999705,-0.0533458970167032
2022-01-05,BTCUSDT,45832.01,47070.0,42500.0,43451.13,51784.11857,-0.0533458970167032,0.3777927141405041,1.7606153489745748,32.91268248340758,-186.94803598926524,-0.00852438625717462
2022-01-06,BTCUSDT,43451.14,43816.0,42430.58,43082.31,38880.37305,-0.00852438625717462,-0.2865939364903561,1.247463378592098,32.11442953383528,-299.37487334773414,-0.03581839879060997
2022-01-07,BTCUSDT,43082.3,43145.83,40610.0,41566.48,54836.50818,-0.03581839879060997,0.3438666053467749,1.6932246435970353,29.00118189774055,-437.81027690561086,0.0027210861918856148
2022-01-08,BTCUSDT,41566.48,42300.0,40501.0,41679.74,32952.73111,0.0027210861918856148,-0.5092820357920803,0.9354001045180503,29.55072370035211,-480.3277571497524,0.00442591939892638
2022-01-09,BTCUSDT,41679.74,42786.7,41200.02,41864.62,22724.39426,0.00442591939892638,-0.3716351595255464,0.611933749860792,30.496426785440434,-454.8315195271391,-0.0010068457032168852
2022-01-10,BTCUSDT,41864.62,42248.5,39650.0,41822.49,50729.17019,-0.0010068457032168852,0.8030621095798323,1.3434041560304406,30.396291973341278,-401.4927509243166,0.02145040043967803
2022-01-11,BTCUSDT,41822.49,43100.0,41268.93,42729.29,37296.43729,0.02145040043967803,-0.30760328698807987,0.9084072157969794,35.3191423483417,-272.0253507713637,0.027090276943410884
2022-01-12,BTCUSDT,42729.29,44322.0,42450.0,43902.66,33943.2928,0.027090276943410884,-0.09420653370687211,0.8215767045010857,41.12204310187788,-83.99701882687464,-0.03105748088409937
2022-01-13,BTCUSDT,43902.65,44500.0,42311.22,42560.11,34910.87762,-0.03105748088409937,0.028107186934884665,0.9005510227971802,37.02861630233921,-29.489275767220533,0.011676133382902501
2022-01-14,BTCUSDT,42558.35,43448.78,41725.95,43059.96,32640.88292,0.011676133382902501,-0.0672328803273751,0.8544944290174655,39.44548354789251,56.11783878431311,0.0005648665034966843
2022-01-15,BTCUSDT,43059.96,43800.0,42555.0,43084.29,21936.05616,0.0005648665034966843,-0.397433896983417,0.6262389049508572,39.56706584270934,126.25529108353317,-0.0002931892710942959
2022-01-16,BTCUSDT,43084.29,43475.0,42581.79,43071.66,20602.35271,-0.0002931892710942959,-0.06272640449427658,0.6158330541962458,39.52270330689879,180.37347543210217,-0.020406631301085873
2022-01-17,BTCUSDT,43071.66,43176.18,41540.42,42201.62,27562.08613,-0.020406631301085873,0.29103585890525857,0.831402983592647,36.48776200241483,166.4851175541562,0.0035598699462948903
2022-01-18,BTCUSDT,42201.63,42691.0,41250.0,42352.12,29324.08257,0.0035598699462948903,0.061967971736952086,0.9826541567448263,37.383486597472114,175.44865255677814,-0.016476803005825883
2022-01-19,BTCUSDT,42352.12,42559.13,41138.56,41660.01,31685.72159,-0.016476803005825883,0.07745704724425029,1.1039242413766588,34.94287313715479,144.0921433076387,-0.023782735226194826
2022-01-20,BTCUSDT,41660.0,43505.0,40553.31,40680.91,42330.33953,-0.023782735226194826,0.28963791914202114,1.491539839853981,31.781801626282586,70.46412499910411,-0.109946159879111
2022-01-21,BTCUSDT,40680.92,41100.0,35440.45,36445.31,88860.891999,-0.109946159879111,0.7415680601826196,3.0183504039248925,22.358685414111008,-233.78197808490313,-0.038426226985850784
2022-01-22,BTCUSDT,36445.31,36835.22,34008.0,35071.42,90471.338961,-0.038426226985850784,0.017960968274836436,2.414394498817762,20.26030720748402,-483.4654622839887,0.032902471390134344
2022-01-23,BTCUSDT,35071.42,36499.0,34601.01,36244.55,44279.52354,0.032902471390134344,-0.714510756363454,0.936886864282922,26.595220861764787,-522.214551515051,0.011406764386201865
2022-01-24,BTCUSDT,36244.55,37550.0,32917.17,36660.35,91904.753211,0.011406764386201865,0.7302304019602234,1.814690818786711,28.755647930864455,-473.8635559141253,0.008095001638556682
2022-01-25,BTCUSDT,36660.35,37545.14,35701.0,36958.32,49232.40183,0.008095001638556682,-0.6242007690659637,0.8227798499970944,30.33793171688049,-379.8941580661626,-0.004039173875103207
2022-01-26,BTCUSDT,36958.32,38919.98,36234.63,36809.34,69830.16036,-0.004039173875103207,0.34951403277530113,1.1140614114741325,29.979424958379468,-289.9155097897101,0.009483987687842301
2022-01-27,BTCUSDT,36807.24,37234.47,35507.01,37160.1,53020.87934,0.009483987687842301,-0.27538022750391483,0.7782319829311274,32.016384532145054,-174.60200004940316,0.014863650295472364
2022-01-28,BTCUSDT,37160.11,38000.0,36155.01,37716.56,42154.26956,0.014863650295472364,-0.22934981204298502,0.605168001718053,35.23525831683676,-35.92876796474502,0.011867820497437117
2022-01-29,BTCUSDT,37716.57,38720.74,37268.44,38166.84,26129.49682,0.011867820497437117,-0.4782711511884559,0.414854266601638,37.80158760028458,103.42213494547286,-0.007497346048860223
2022-01-30,BTCUSDT,38166.83,38359.26,37351.63,37881.76,21430.66527,-0.007497346048860223,-0.19824196968677102,0.3983908256929448,36.80715630477686,188.72810697283012,0.015328401493649993
2022-01-31,BTCUSDT,37881.75,38744.0,36632.61,38466.9,36855.2458,0.015328401493649993,0.5421751111316372,0.7293887614925679,40.27982638913899,290.7931412078524,0.005901665736712944
2022-02-01,BTCUSDT,38466.9,39265.2,38000.0,38694.59,34574.44663,0.005901665736712944,-0.06388309149312012,0.8103753519688086,41.624131454290215,374.5376128867374,-0.04758689578779582
2022-02-02,BTCUSDT,38694.59,38855.92,36586.95,36896.36,35794.6813,-0.04758689578779582,0.03468444282447816,0.8822782957462656,34.935597788364404,312.26595883471464,0.01119163707773322
2022-02-03,BTCUSDT,36896.37,37387.0,36250.0,37311.61,32081.10999,0.01119163707773322,-0.10953193224486325,0.89841595928382,37.43572017260286,302.286014203441,0.108176446956934
2022-02-04,BTCUSDT,37311.98,41772.33,37026.73,41574.25,64703.95874,0.108176446956934,0.7015550026391976,1.9776782750454653,56.08868784537076,570.4471357898965,-0.004620724246786973
2022-02-05,BTCUSDT,41571.7,41913.69,40843.01,41382.59,32532.34372,-0.004620724246786973,-0.687587599879043,0.905222260246225,55.290492017167225,713.3210557298517,0.02383682019847353
2022-02-06,BTCUSDT,41382.6,42656.0,41116.56,42380.87,22405.16704,0.02383682019847353,-0.37294318215666183,0.6079570450195837,58.59560412888912,844.4910858301737,0.033849333356895696
2022-02-07,BTCUSDT,42380.87,44500.5,41645.85,43839.99,51060.62006,0.033849333356895696,0.823721951803049,1.3802994627874001,62.9113036257966,988.9341609811179,0.004619787837026135
2022-02-08,BTCUSDT,43839.99,45492.0,42666.0,44042.99,64880.29387,0.004619787837026135,0.2395303837438127,1.6626695488188854,63.48160722329701,1051.7079540795776,0.007458663819307352
2022-02-09,BTCUSDT,44043.0,44799.0,43117.92,44372.72,34428.16729,0.007458663819307352,-0.6336688933341489,0.7941693159275324,64.43813198322289,1065.6928747910797,-0.019968761180241705
2022-02-10,BTCUSDT,44372.71,45821.0,43174.01,43495.44,62357.29091,-0.019968761180241705,0.5940055545924331,1.4449291163619025,59.93967671285753,968.9072748015699,-0.02612751026362113
2022-02-11,BTCUSDT,43495.44,43920.0,41938.51,42373.73,44975.1687,-0.02612751026362113,-0.32677006969182354,0.9472221480755417,54.68312615878242,789.9592322643165,-0.0036850036261710803
2022-02-12,BTCUSDT,42373.73,43079.49,41688.88,42217.87,26556.85681,-0.0036850036261710803,-0.5268225561941643,0.5946090122925196,53.974827408936775,628.7319282922209,-0.003897169253580327
2022-02-13,BTCUSDT,42217.87,42760.0,41870.0,42053.66,17732.08113,-0.003897169253580327,-0.4039124823918092,0.4047581199922547,53.193077444734435,485.09755689787204,0.011402943760908854
2022-02-14,BTCUSDT,42053.65,42842.4,41550.56,42535.94,34010.1306,0.011402943760908854,0.6512829468424249,0.7883391395969076,55.24338122182751,400.17149192871005,0.046147405647282806
2022-02-15,BTCUSDT,42535.94,44751.4,42427.03,44544.86,38095.19576,0.046147405647282806,0.11342973958511086,0.9358685348650055,62.593626093939605,453.009147231431,-0.015184910543850608
2022-02-16,BTCUSDT,44544.85,44549.97,43307.0,43873.56,28471.8727,-0.015184910543850608,-0.29117150150527676,0.7720291797438544,59.10080286200443,417.34671787448485,-0.07962230741964704
2022-02-17,BTCUSDT,43873.56,44164.71,40073.21,40515.7,47245.99494,-0.07962230741964704,0.5064512100339377,1.3113552931122314,45.44146998509952,155.68243296410208,-0.013449303448535153
2022-02-18,BTCUSDT,40515.71,40959.88,39450.0,39974.44,43845.92241,-0.013449303448535153,-0.07468616218784023,1.294550387310867,43.688667661233836,-54.52456227612578,0.0026164981129269994
2022-02-19,BTCUSDT,39974.45,40444.32,39639.03,40079.17,18042.0551,0.0026164981129269994,-0.8879762977697779,0.5352408335791146,44.13767088715589,-180.10988204719393,-0.04314075292804987
2022-02-20,BTCUSDT,40079.17,40125.44,38000.0,38386.89,33439.29011,-0.04314075292804987,0.6170261320082954,1.0291579462262477,38.75968455835919,-360.3430582494865,-0.03657756618202442
2022-02-21,BTCUSDT,38386.89,39494.35,36800.0,37008.16,62347.68496,-0.03657756618202442,0.6229949824620908,1.7949124661834561,35.016239425569665,-544.5490080305512,0.032490750766217165
2022-02-22,BTCUSDT,37008.16,38429.0,36350.0,38230.33,53785.94589,0.032490750766217165,-0.14771433745417487,1.3868075166077907,40.50192868404693,-554.3641358883393,-0.025976966353583753
2022-02-23,BTCUSDT,38230.33,39249.93,37036.79,37250.01,43560.732,-0.025976966353583753,-0.2108561018998601,1.0617955085272655,37.749249422182665,-593.6542082349941,0.028507874523143458
2022-02-24,BTCUSDT,37250.02,39843.0,34322.28,38327.21,120476.29458,0.028507874523143458,1.0172969057692556,2.7900244391574853,42.383109223037266,-516.6997765639178,0.02300557006710982
2022-02-25,BTCUSDT,38328.68,39683.53,38014.37,39219.17,56574.57125,0.02300557006710982,-0.7558933950453567,1.0546582879180149,45.96960371380082,-381.56354101136725,-0.0026156608014754846
2022-02-26,BTCUSDT,39219.16,40348.45,38573.18,39116.72,29361.2568,-0.0026156608014754846,-0.6558836036855293,0.5294042485052414,45.61835781325569,-279.63540530903765,-0.03691457135600522
2022-02-27,BTCUSDT,39116.73,39855.7,37000.0,37699.07,46229.44719,-0.03691457135600522,0.45394097073939055,0.8099350565079516,40.9550921789883,-287.1603503466798,0.1352787146752529
2022-02-28,BTCUSDT,37699.08,44225.84,37450.17,43160.0,73945.63858,0.1352787146752529,0.4697132293504197,1.2553343743492285,58.53778184164071,76.73550662758907,0.028802692569624658
2022-03-01,BTCUSDT,43160.0,44949.0,42809.98,44421.2,61743.09873,0.028802692569624658,-0.1803480016546413,1.0195025806791587,61.396869204630086,386.1628515476976,-0.01196243454904842
2022-03-02,BTCUSDT,44421.2,45400.0,43334.09,43892.98,57782.65081,-0.01196243454904842,-0.06629363617975556,0.9365291682938836,59.54489476741531,530.1529483775483,-0.033333261588257904
2022-03-03,BTCUSDT,43892.99,44101.12,41832.28,42454.0,50940.61021,-0.033333261588257904,-0.12602812315060474,0.7993138623827171,54.703930325781016,503.5710830414987,-0.0810549423019875
2022-03-04,BTCUSDT,42454.0,42527.3,38550.0,39148.66,61964.68498,-0.0810549423019875,0.19590417719180514,1.1518294525529085,45.544484185521675,251.21700625032645,0.006347843793420254
2022-03-05,BTCUSDT,39148.65,39613.24,38407.59,39397.96,30363.13341,0.006347843793420254,-0.7133354699664423,0.5564400023059246,46.27514656168861,96.85834509400156,-0.025114798426121913
2022-03-06,BTCUSDT,39397.97,39693.87,38088.57,38420.81,39677.26158,-0.025114798426121913,0.26754911173456425,0.7252300830211551,43.79475302219046,-66.4768854957458,-0.011328919506856962
2022-03-07,BTCUSDT,38420.8,39547.57,37155.0,37988.0,63994.11559,-0.011328919506856962,0.4780128677919354,1.1900597368033925,42.702932576253154,-191.98613182369314,0.019360439473765596
2022-03-08,BTCUSDT,37988.01,39362.08,37867.65,38730.63,55583.06638,0.019360439473765596,-0.1409125418688525,1.0617136017895836,45.22619232675922,-211.75597195366174,0.07965003732031377
2022-03-09,BTCUSDT,38730.63,42594.06,38656.45,41941.71,67392.58799,0.07965003732031377,0.19265644803881857,1.309300262883764,54.54703368442492,-6.2006861590980975,-0.06195676107004793
2022-03-10,BTCUSDT,41941.7,42039.63,38539.73,39422.0,71962.93154,-0.06195676107004793,0.06561610532207013,1.361772012960345,47.68920842506939,-35.90302146509498,-0.017720645144228633
2022-03-11,BTCUSDT,39422.01,40236.26,38223.6,38729.57,59018.7642,-0.017720645144228633,-0.19829571608764093,1.0567700769328254,45.97848450255122,-94.80865949280798,0.002006528401358036
2022-03-12,BTCUSDT,38729.57,39486.71,38660.52,38807.36,24034.36432,0.002006528401358036,-0.8983707777310759,0.43361876184929,46.21192617509353,-119.56070188368159,-0.026900467390317852
2022-03-13,BTCUSDT,38807.35,39310.0,37578.51,37777.34,32791.82359,-0.026900467390317852,0.31069455062215273,0.601427725609295,43.52965072612243,-192.03373236116005,0.04892031687140569
2022-03-14,BTCUSDT,37777.35,39947.12,37555.0,39671.37,46945.45375,0.04892031687140569,0.3588071657080936,0.8768350329445354,49.35126931921349,-103.57447404200195,-0.009905884169983963
2022-03-15,BTCUSDT,39671.37,39887.61,38098.33,39280.33,46015.54926,-0.009905884169983963,-0.02000700246787545,0.900427005444105,48.24541396194777,-64.47491725724876,0.045624811430510115
2022-03-16,BTCUSDT,39280.33,41718.0,38828.48,41114.0,88120.76167,0.045624811430510115,0.6497287986890192,1.7717219640975577,53.50651648143317,83.76001773661085,-0.004781075985047464
2022-03-17,BTCUSDT,41114.01,41478.82,40500.0,40917.9,37189.38087,-0.004781075985047464,-0.8626849054074008,0.7057006540262654,52.88733112846538,162.90208773880704,0.02031169524144141
2022-03-18,BTCUSDT,40917.89,42325.02,40135.04,41757.51,45408.00969,0.02031169524144141,0.19966525433249896,0.9513341920850924,55.273825649893524,260.3146362128118,0.010567682574771557
2022-03-19,BTCUSDT,41757.51,42400.0,41499.29,42201.13,29067.18108,0.010567682574771557,-0.4460787745794858,0.634842045253435,56.52685710016859,338.2077734700128,-0.022502352481311442
2022-03-20,BTCUSDT,42201.13,42296.26,40911.0,41262.11,30653.33468,-0.022502352481311442,0.053131715362370976,0.6591342250608103,53.133591900000305,310.77553633404784,-0.006317702205992036
2022-03-21,BTCUSDT,41262.11,41544.22,40467.94,41002.25,39426.24877,-0.006317702205992036,0.251690351760431,0.8533828761687268,52.19973456632184,261.3995224679881,0.03267507037255884
2022-03-22,BTCUSDT,41002.26,43361.0,40875.51,42364.13,59454.94294,0.03267507037255884,0.4107869572522028,1.3175382632038068,56.513440162267244,303.7578224382237,0.012167866742905374
2022-03-23,BTCUSDT,42364.13,43025.96,41751.47,42882.76,40828.87039,0.012167866742905374,-0.3758293253997105,0.8678556251978141,58.06545408999187,346.88635051838975,0.02552564380828476
2022-03-24,BTCUSDT,42882.76,44220.89,42560.46,43991.46,56195.12374,0.02552564380828476,0.319440548171133,1.3947760868673635,61.249362116110305,425.1030386757388,0.007286174227543661
2022-03-25,BTCUSDT,43991.46,45094.14,43579.0,44313.16,54614.43648,0.007286174227543661,-0.028531734745289077,1.2699609413236488,62.1474228724653,470.018660519538,0.004460717136023095
2022-03-26,BTCUSDT,44313.16,44792.99,44071.97,44511.27,23041.61741,0.004460717136023095,-0.8629962187471966,0.5198918581850575,62.72040109328699,482.7487753567201,0.05073377393082759
2022-03-27,BTCUSDT,44511.27,46999.0,44421.46,46827.76,41874.91071,0.05073377393082759,0.5973848243938643,0.9635448122053041,68.68872205062371,608.7280848527515,0.006268250306015814
2022-03-28,BTCUSDT,46827.76,48189.84,46663.56,47122.21,58949.2614,0.006268250306015814,0.3419902397983521,1.3081722853401685,69.36020139482008,668.6564686004594,0.006611696768465159
2022-03-29,BTCUSDT,47122.21,48096.47,46950.85,47434.8,36772.28457,0.006611696768465159,-0.4719326729026091,0.7684697729442532,70.09344199070043,683.6775158795899,-0.007762984396878372
2022-03-30,BTCUSDT,47434.79,47700.22,46445.42,47067.99,40947.2085,-0.007762984396878372,0.10753921473713977,0.9178739200227766,68.03589635727369,624.8481263902706,-0.03365359925692603
2022-03-31,BTCUSDT,47067.99,47600.0,45200.0,45510.34,48645.12667,-0.03365359925692603,0.17226799291418815,1.0900176316198131,59.9836284150469,445.3938656087312,0.01684575714059203
2022-04-01,BTCUSDT,45510.35,46720.09,44200.0,46283.49,56271.06474,0.01684575714059203,0.14562882285794365,1.2921243664915116,62.364605129247956,347.47262939017173,-0.010261073071446306
2022-04-02,BTCUSDT,46283.49,47213.0,45620.0,45811.0,37073.53582,-0.010261073071446306,-0.417277060385623,0.8466998456914435,60.01450058749804,225.50211125356896,0.012933614904539842
2022-04-03,BTCUSDT,45810.99,47444.11,45530.92,46407.35,33394.67794,0.012933614904539842,-0.10450685069142138,0.7292929570376552,61.96277922175409,162.54877209913116,0.0037243614415168034
2022-04-04,BTCUSDT,46407.36,46890.71,45118.0,46580.51,44641.87514,0.0037243614415168034,0.29027577884278866,1.001409908300584,62.533628187885725,112.50889675904318,-0.023523734948063195
2022-04-05,BTCUSDT,46580.5,47200.0,45353.81,45497.55,42192.74852,-0.023523734948063195,-0.056423952757699694,0.9919510738547364,56.793031756443305,-7.232971093837477,-0.052501781655002897
2022-04-06,BTCUSDT,45497.54,45507.14,43121.0,43170.47,60849.32936,-0.052501781655002897,0.36615242791562247,1.4049892536560844,46.84210794174745,-243.76597742947774,0.006320429156202368
2022-04-07,BTCUSDT,43170.47,43900.99,42727.35,43444.19,37396.54156,0.006320429156202368,-0.48682256968616616,0.8102798812814929,47.996311470410035,-374.5693836730534,-0.027825199218427053
2022-04-08,BTCUSDT,43444.2,43970.62,42107.14,42252.01,42375.04203,-0.027825199218427053,0.12498132907156452,0.951271599232093,43.559995627295635,-524.9431882013248,0.011810129932037259
2022-04-09,BTCUSDT,42252.02,42800.0,42125.48,42753.97,17891.66047,0.011810129932037259,-0.8622248488055898,0.4203814671856771,45.830294491416005,-570.387987227454,-0.014017429746878484
2022-04-10,BTCUSDT,42753.96,43410.3,41868.0,42158.85,22771.09403,-0.014017429746878484,0.24115721716014474,0.5718468321222387,43.59148188048029,-616.3960799791372,-0.06437336581826365
2022-04-11,BTCUSDT,42158.85,42414.71,39200.0,39530.45,63560.44721,-0.06437336581826365,1.0264994517596273,1.6594284881797299,35.37273917619777,-788.6997022151705,0.013679940298762482
2022-04-12,BTCUSDT,39530.45,40699.0,39254.63,40074.94,57751.01778,0.013679940298762482,-0.09585040453000362,1.4083805124587483,37.9813494293312,-826.8464414758264,0.02641901842530263
2022-04-13,BTCUSDT,40074.95,41561.31,39588.54,41147.79,41342.27254,0.02641901842530263,-0.3342554484599776,0.9563799174376434,42.874174797293186,-743.3032792830309,-0.029732304130666604
2022-04-14,BTCUSDT,41147.78,41500.0,39551.94,39942.38,36807.01401,-0.029732304130666604,-0.1161970995715286,0.9101375870591323,39.13808392434689,-731.5658072360005,0.015144719601020222
2022-04-15,BTCUSDT,39942.37,40870.36,39766.4,40551.9,24026.35739,0.015144719601020222,-0.4265369727873817,0.5953464287835056,41.89529983030049,-647.9580692970706,-0.004279969331170057
2022-04-16,BTCUSDT,40551.9,40709.35,39991.55,40378.71,15805.44718,-0.004279969331170057,-0.41879681347851283,0.41884606269849245,41.32246305739186,-572.1601929718747,-0.017502763604226226
2022-04-17,BTCUSDT,40378.7,40595.67,39546.17,39678.12,19988.49259,-0.017502763604226226,0.2348020986195582,0.5339139863741196,38.99945896974862,-537.5842036125717,0.027909874843025737
2022-04-18,BTCUSDT,39678.11,41116.73,38536.51,40801.13,54243.49575,0.027909874843025737,0.998326353758626,1.4644513054609531,44.39553220341579,-413.0546700191243,0.01681929927737526
2022-04-19,BTCUSDT,40801.13,41760.0,40571.0,41493.18,35788.85843,0.01681929927737526,-0.4158464632940154,1.0022319676151905,47.47884073412535,-265.23346676925274,-0.0032586092287824916
2022-04-20,BTCUSDT,41493.19,42199.0,40820.0,41358.19,40877.35041,-0.0032586092287824916,0.13293950202006408,1.2549957053788268,46.932168862353706,-162.73776791245086,-0.02146219513885801
2022-04-21,BTCUSDT,41358.19,42976.0,39751.0,40480.01,59316.27657,-0.02146219513885801,0.3723076168066712,1.8248192919430595,43.428910372178635,-141.0819482895863,-0.019225876795201286
2022-04-22,BTCUSDT,40480.01,40795.06,39177.0,39709.18,46664.0196,-0.019225876795201286,-0.23991033728096137,1.3063507259322924,40.56651877227253,-164.05785218208655,-0.006761298356655494
2022-04-23,BTCUSDT,39709.19,39980.0,39285.0,39441.6,20291.42375,-0.006761298356655494,-0.832775088064828,0.5208959719957293,39.591020430935316,-181.3134605190719,0.0002162457340772487
2022-04-24,BTCUSDT,39441.61,39940.0,38929.62,39450.13,26703.61186,0.0002162457340772487,0.27460051050228673,0.6744068222690968,39.640849408926144,-176.04518571067615,0.02443777865032932
2022-04-25,BTCUSDT,39450.12,40616.0,38200.0,40426.08,63037.12784,0.02443777865032932,0.8589250516852799,1.5543612320055022,45.20948831090991,-94.79582205875897,-0.05892887322404605
2022-04-26,BTCUSDT,40426.08,40797.31,37702.26,38112.65,66650.258,-0.05892887322404605,0.055735033986979286,1.5940751967161657,36.59160073685602,-179.88669797369948,0.02904130834995406
2022-04-27,BTCUSDT,38112.64,39474.72,37881.31,39235.72,57083.12272,0.02904130834995406,-0.15495041869419138,1.2350305217928959,42.33800340643474,-145.05640930032234,0.012822767969639432
2022-04-28,BTCUSDT,39235.72,40372.63,38881.43,39742.07,56086.6715,0.012822767969639432,-0.01761029926006611,1.1555894256338786,44.76833789381599,-75.9147359395364,-0.02925883015250115
2022-04-29,BTCUSDT,39742.06,39925.25,38175.0,38596.11,51453.65715,-0.02925883015250115,-0.08621665824417787,1.0703067558122927,40.597885954856025,-94.16541121081161,-0.025328630177714796
2022-04-30,BTCUSDT,38596.11,38795.38,37578.2,37630.8,35321.18989,-0.025328630177714796,-0.376198477373382,0.7244186195424634,37.434405737197515,-154.49190398948542,0.02201296126766681
2022-05-01,BTCUSDT,37630.8,38675.0,37386.38,38468.35,38812.24104,0.02201296126766681,0.09425262358099447,0.7624432068398798,41.680632015627715,-122.62185791148545,0.0014757090645608362
2022-05-02,BTCUSDT,38468.35,39167.34,38052.0,38525.16,53200.92628,0.0014757090645608362,0.3153401198800752,1.0107539081555055,41.968326400118265,-84.18101073102935,-0.02088383006942929
2022-05-03,BTCUSDT,38525.16,38651.51,37517.8,37728.95,40316.45358,-0.02088383006942929,-0.27731614442477476,0.7869738618861829,39.06002996986574,-97.88272348503153,0.05067156251954114
2022-05-04,BTCUSDT,37728.95,40023.77,37670.0,39690.0,62574.61736,0.05067156251954114,0.4396000593475793,1.318255343259416,48.52205225207612,32.63687005122847,-0.08233682535055205
2022-05-05,BTCUSDT,39690.0,39845.51,35571.9,36552.97,88722.43355,-0.08233682535055205,0.3491530498225559,1.8387211324614658,38.282207141207635,-78.71241001151782,-0.014861076122788424
2022-05-06,BTCUSDT,36552.97,36675.63,35258.0,36013.77,68437.80187,-0.014861076122788424,-0.25958744133264355,1.2933656821315704,36.84299425258892,-169.8564579107856,-0.015146717920837932
2022-05-07,BTCUSDT,36013.77,36146.3,34785.0,35472.39,34281.70682,-0.015146717920837932,-0.6913134478484412,0.6194652262773721,35.40381419906076,-243.31032141221317,-0.04126534832558704
2022-05-08,BTCUSDT,35472.4,35514.22,33713.95,34038.4,72445.64344,-0.04126534832558704,0.7482246519671264,1.3126039020851665,31.8543885417255,-358.23547860856934,-0.12375148039084222
2022-05-09,BTCUSDT,34038.39,34243.15,30033.33,30076.31,191876.926428,-0.12375148039084222,0.9740176233010743,3.198104240500211,24.53523120194727,-653.6504173934798,0.03080084662153245
2022-05-10,BTCUSDT,30074.23,32658.99,29730.4,31017.1,165532.00311,0.03080084662153245,-0.1476896099177243,2.0741294939684543,28.723105331933425,-732.3265662693468,-0.0636651051045502
2022-05-11,BTCUSDT,31017.11,32162.59,27785.0,29103.94,207063.739278,-0.0636651051045502,0.22386211669639566,2.1194726694808703,25.61058526164142,-851.4940081015652,-0.00255239398280821
2022-05-12,BTCUSDT,29103.94,30243.0,26700.0,29029.75,204507.263138,-0.00255239398280821,-0.012423173665972304,1.7281742263660391,25.49520856483781,-870.4941573816632,0.008824272580558484
2022-05-13,BTCUSDT,29029.74,31083.37,28751.67,29287.05,97872.36957,0.008824272580558484,-0.7369392128718771,0.7256369794634724,26.7280729585938,-802.5764193850468,0.02693910433173367
2022-05-14,BTCUSDT,29287.05,30343.27,28630.0,30086.74,51095.87863,0.02693910433173367,-0.6499604376237584,0.3673773889528183,30.57331849050078,-647.2972968948411,0.040456131904645545
2022-05-15,BTCUSDT,30086.74,31460.0,29480.0,31328.89,46275.66912,0.040456131904645545,-0.09908752292530235,0.32707159124287016,36.176137669406586,-415.6896542556783,-0.04755180340819563
2022-05-16,BTCUSDT,31328.89,31328.9,29087.04,29874.01,73082.19658,-0.04755180340819563,0.45696847025723175,0.5305566507665043,32.83387796760154,-319.5527422956711,0.018930606202495235
2022-05-17,BTCUSDT,29874.01,30788.37,29450.38,30444.93,56724.13307,0.018930606202495235,-0.25338504073874313,0.4696655489694844,35.35774941270046,-183.35576690445168,-0.05848869957421896
2022-05-18,BTCUSDT,30444.93,30709.99,28654.47,28715.32,59749.15799,-0.05848869957421896,0.0519553509778045,0.5677871854479101,31.496428635914754,-175.5861356123978,0.05435138641776955
2022-05-19,BTCUSDT,28715.33,30545.18,28691.38,30319.23,67877.36415,0.05435138641776955,0.12754751009199228,0.8062721410968072,38.23279514377084,-35.58191745168324,-0.03757886695618367
2022-05-20,BTCUSDT,30319.22,30777.33,28730.0,29201.01,60517.25325,-0.03757886695618367,-0.1147741065194237,0.9358129280256053,35.60407617083649,6.326246666041243,0.008322856374715153
2022-05-21,BTCUSDT,29201.01,29656.18,28947.28,29445.06,20987.13124,0.008322856374715153,-1.0590190502766286,0.35372564298804426,36.628171969976854,71.47527942605029,0.028421538420796314
2022-05-22,BTCUSDT,29445.07,30487.99,29255.11,30293.94,36158.98748,0.028421538420796314,0.5440160822350523,0.6570727740732646,40.19104692190855,186.2119494367139,-0.039895134769211214
2022-05-23,BTCUSDT,30293.93,30670.51,28866.35,29109.15,63901.49932,-0.039895134769211214,0.569417290619258,1.1925219901072779,37.05933551108049,195.80602089294962,0.018564024573910418
2022-05-24,BTCUSDT,29109.14,29845.86,28669.0,29654.58,59442.96036,0.018564024573910418,-0.07232562130340932,1.1371496763201712,39.40035391731029,248.96812820820833,-0.003798525195082192
2022-05-25,BTCUSDT,29654.58,30223.74,29294.21,29542.15,59537.38659,-0.003798525195082192,0.0015872579336884411,1.130555798300385,39.077704841453425,284.10045379075655,-0.011603116040031471
2022-05-26,BTCUSDT,29542.14,29886.64,28019.56,29201.35,94581.65463,-0.011603116040031471,0.4628590702894315,1.7970439762814345,38.06027542928986,290.8688046298621,-0.0197668076759755
2022-05-27,BTCUSDT,29201.35,29397.66,28282.9,28629.8,90998.5201,-0.0197668076759755,-0.03862028781746246,1.6121141953044913,36.35092903187388,264.11548269773994,0.013927458255286653
2022-05-28,BTCUSDT,28629.81,29266.0,28450.0,29031.33,34479.35127,0.013927458255286653,-0.9704826128039291,0.5670837476200137,38.44256975589632,279.251598736344,0.014932730664861931
2022-05-29,BTCUSDT,29031.33,29587.78,28839.21,29468.1,27567.34764,0.014932730664861931,-0.2237286151057562,0.43946999631215855,40.72443608257784,321.462206340354,0.07408727158891816
2022-05-30,BTCUSDT,29468.1,32222.0,29299.62,31734.22,96785.9476,0.07408727158891816,1.2558697984853795,1.5737233692772474,50.8951006142009,494.4419968486495,0.002103399738536469
2022-05-31,BTCUSDT,31734.23,32399.0,31200.01,31801.04,62433.11632,0.002103399738536469,-0.4384059694680337,0.9431123379462699,51.16120182746623,598.8363699669503,-0.06479498169315473
2022-06-01,BTCUSDT,31801.05,31982.97,29301.0,29805.83,103395.63382,-0.06479498169315473,0.504466890215686,1.55187674872187,43.56901933157708,521.8114001019164,0.021468021186670065
2022-06-02,BTCUSDT,29805.84,30689.0,29594.55,30452.62,56961.42928,0.021468021186670065,-0.5961883755850627,0.7814533886009999,46.348521168113926,502.53103100355656,-0.025017916656657774
2022-06-03,BTCUSDT,30452.63,30699.0,29282.36,29700.21,54067.44727,-0.025017916656657774,-0.0521420687837058,0.8007935614189889,43.65477267564702,430.01552268945966,0.005500964525962497
2022-06-04,BTCUSDT,29700.21,29988.88,29485.0,29864.04,25617.90113,0.005500964525962497,-0.7469409206960678,0.41158896340034246,44.412343229458614,385.42684715987366,0.001845667997686214
2022-06-05,BTCUSDT,29864.03,30189.0,29531.42,29919.21,23139.9281,0.001845667997686214,-0.10173175541878124,0.37949521669774927,44.682071269585734,352.8666883385772,0.047450088834951915
2022-06-06,BTCUSDT,29919.2,31765.64,29890.23,31373.1,68836.92456,0.047450088834951915,1.0901806805695509,1.1407596374077502,51.37776928366402,418.0114162621958,-0.007928880711022794
2022-06-07,BTCUSDT,31373.1,31589.6,29218.96,31125.33,110674.51658,-0.007928880711022794,0.4748533155280341,1.9640434546681125,50.261252868466244,431.4319816703661,-0.030022098209930834
2022-06-08,BTCUSDT,31125.32,31327.22,29843.88,30204.77,68542.61276,-0.030022098209930834,-0.4791379747428893,1.083815292182277,46.24055900886615,367.81010906644053,-0.00314484124646771
2022-06-09,BTCUSDT,30204.77,30700.0,29944.1,30109.93,46291.1865,-0.00314484124646771,-0.3925040493410495,0.7945216308302461,45.833762390433364,311.0919002972646,-0.0343959202434377
2022-06-10,BTCUSDT,30109.93,30382.8,28850.0,29091.88,76204.2498,-0.0343959202434377,0.49846564619033856,1.3430748907636252,41.6028008764159,202.04788971828725,-0.023200611947273582
2022-06-11,BTCUSDT,29091.87,29440.41,28099.99,28424.7,65901.39895,-0.023200611947273582,-0.14525756313149255,1.100171094740482,39.05817407708611,87.85454319835094,-0.06730524721449922
2022-06-12,BTCUSDT,28424.71,28544.96,26560.0,26574.53,92474.598809,-0.06730524721449922,0.3387743296771033,1.4084750333705673,33.02556619022721,-99.27599980478703,-0.16699764123151092
2022-06-13,BTCUSDT,26574.53,26895.84,21925.77,22487.41,254611.034966,-0.16699764123151092,1.0128030282119724,3.3696187560168287,24.151424630014105,-464.84312524439815,-0.01573183286725236
2022-06-14,BTCUSDT,22485.27,23362.88,20846.0,22136.41,187201.64671,-0.01573183286725236,-0.30755066701596606,1.8335137307587623,23.56578244110723,-683.5972892245795,0.020005528538409763
2022-06-15,BTCUSDT,22136.42,22800.0,20111.62,22583.72,200774.493467,0.020005528538409763,0.06999599464995722,1.7762562912178987,26.02754305683291,-746.3601427498029,-0.10163017824163617
2022-06-16,BTCUSDT,22583.72,22995.73,20232.0,20401.31,99673.59429,-0.10163017824163617,-0.7002815649491034,0.7555456769555977,22.26046479880449,-874.1820135993732,0.0033031496542327322
2022-06-17,BTCUSDT,20400.6,21365.43,20246.66,20468.81,86694.33663,0.0033031496542327322,-0.13951223003376415,0.6212478242147463,22.633437360853364,-890.5045447818325,-0.0760018363469714
2022-06-18,BTCUSDT,20468.81,20792.06,17622.0,18970.79,196441.655524,-0.0760018363469714,0.8179769085677085,1.3927360166665095,20.305135148630796,-933.9639849775544,0.08112771492687064
2022-06-19,BTCUSDT,18970.79,20815.95,17960.41,20574.0,128320.87595,0.08112771492687064,-0.4258314983788322,0.8035326455915295,28.752407798476113,-792.1121519406051,-5.346568195921985e-06
2022-06-20,BTCUSDT,20574.0,21090.0,19637.03,20573.89,109028.94154,-5.346568195921985e-06,-0.1629206046876619,0.6615159255165014,28.7521826111485,-642.0616633342556,0.007246490991842595
2022-06-21,BTCUSDT,20573.9,21723.0,20348.4,20723.52,104371.0749,0.007246490991842595,-0.043660788985481556,0.7247016818003971,29.560343136348635,-483.7188654242618,-0.03613769395083157
2022-06-22,BTCUSDT,20723.51,20900.0,19770.51,19987.99,92133.97938,-0.03613769395083157,-0.12470876143064574,0.697000313373657,27.88587552486416,-383.86554997125495,0.05462142687846785
2022-06-23,BTCUSDT,19988.0,21233.0,19890.07,21110.13,83127.08716,0.05462142687846785,-0.10287320793222741,0.7125198167587217,34.025925721426276,-206.4797180079795,0.0060244133369918825
2022-06-24,BTCUSDT,21110.12,21558.41,20736.72,21237.69,77430.36622,0.0060244133369918825,-0.0709915752737483,0.6774158270111065,34.7064971378378,-52.7980282141034,0.011865650317023644
2022-06-25,BTCUSDT,21237.68,21614.5,20906.62,21491.19,51431.67794,0.011865650317023644,-0.4091247471193216,0.455231628565837,36.11687247873977,86.12765033503274,-0.02130943009010775
2022-06-26,BTCUSDT,21491.18,21888.0,20964.73,21038.07,53278.10464,-0.02130943009010775,0.035271167066345865,0.5774563682493913,34.67508189539009,163.23069333028252,-0.014146025460121855
2022-06-27,BTCUSDT,21038.08,21539.85,20510.0,20742.56,64475.0013,-0.014146025460121855,0.19075211990445665,0.790686817007345,33.729401644630386,207.2289033693114,-0.022488841996465433
2022-06-28,BTCUSDT,20742.57,21212.1,20202.01,20281.29,63801.0832,-0.022488841996465433,-0.010507403667217226,0.848664856959275,32.2508525973643,217.120454041441,-0.007834849739538354
2022-06-29,BTCUSDT,20281.28,20432.31,19854.92,20123.01,77309.04379,-0.007834849739538354,0.19204077647648496,1.114244595554042,31.73675551386974,223.95733247335102,-0.009025345538186133
2022-06-30,BTCUSDT,20123.0,20179.08,18626.0,19942.21,93846.64806,-0.009025345538186133,0.19385110172548403,1.395185808329516,31.126390310550264,226.57358320732692,-0.03378067520510561
2022-07-01,BTCUSDT,19942.21,20918.35,18975.0,19279.8,111844.59494,-0.03378067520510561,0.17544831611929837,1.6257429548787306,28.931037212158103,195.15564598227593,-0.001400891578015631
2022-07-02,BTCUSDT,19279.8,19467.39,18977.01,19252.81,46180.3021,-0.001400891578015631,-0.8845570168863766,0.6264937775470699,28.841776915915702,184.15894003122048,0.003267942871976135
2022-07-03,BTCUSDT,19252.82,19647.63,18781.0,19315.83,51087.46631,0.003267942871976135,0.10098584373542827,0.7001917228926091,29.389578547331,191.86282415923324,0.04657331482099153
2022-07-04,BTCUSDT,19315.83,20354.01,19055.31,20236.71,74814.04601,0.04657331482099153,0.3814664588007975,1.0297991485634654,37.01939954240847,265.1933524186161,-0.0030129284649952903
2022-07-05,BTCUSDT,20236.71,20750.0,19304.4,20175.83,96041.13756,-0.0030129284649952903,0.24977096769680704,1.2956441509748096,36.736779528491304,312.55522343296843,0.019081421173606727
2022-07-06,BTCUSDT,20175.84,20675.22,19761.25,20564.51,82439.5808,0.019081421173606727,-0.15271094483187622,1.047092601081246,39.89185051339437,369.1351480105184,0.05028235345384914
2022-07-07,BTCUSDT,20564.51,21838.1,20251.68,21624.98,85014.58261,0.05028235345384914,0.030757130794117155,1.0698391708632007,47.574195695206505,470.5574915432485,-0.0013988983702488548
2022-07-08,BTCUSDT,21624.99,22527.37,21189.26,21594.75,403081.57349,-0.0013988983702488548,1.5563161551781388,5.154291401283819,47.38826303074325,524.0910460614632,-0.00013522719346830976
2022-07-09,BTCUSDT,21594.75,21980.0,21322.12,21591.83,178417.84468,-0.00013522719346830976,-0.8150107156945454,1.489193314658072,47.36900517674592,545.3508688897025,-0.03436315139820555
2022-07-10,BTCUSDT,21592.15,21607.65,20655.0,20862.47,192188.21556,-0.03436315139820555,0.07434693985612746,1.3856450002869598,42.70112024349998,497.6649982508686,-0.04404073474684607
2022-07-11,BTCUSDT,20861.11,20868.48,19875.23,19963.61,137535.40724,-0.04404073474684607,-0.33459379007559265,0.8657827920227753,37.76234130895338,397.3137015675752,-0.032317491445751946
2022-07-12,BTCUSDT,19963.61,20059.42,19240.0,19328.75,139506.45862,-0.032317491445751946,0.014229507383601486,0.8313015771314807,34.70888587612457,285.15562188696094,0.045813728987704215
2022-07-13,BTCUSDT,19331.28,20366.61,18910.94,20234.87,209250.24888,0.045813728987704215,0.40542000021861924,1.2024063256215247,41.92663967234739,269.1686074747254,0.017341827629275455
2022-07-14,BTCUSDT,20234.87,20900.0,19616.07,20588.84,174809.21696,0.017341827629275455,-0.17983570832410828,0.9097915808592479,44.507404580382456,278.4474065617792,0.011646994153803221
2022-07-15,BTCUSDT,20588.84,21200.0,20382.29,20830.04,143343.3049,0.011646994153803221,-0.19845270376599977,0.6993384800664983,46.25993359939135,295.24456217701345,0.01739743738897494
2022-07-16,BTCUSDT,20830.04,21588.94,20478.61,21195.6,121011.67393,0.01739743738897494,-0.16935546696615478,0.7208895069702191,48.89423880600087,323.1369859493341,-0.018929091711402925
2022-07-17,BTCUSDT,21195.6,21684.54,20750.01,20798.16,118229.4525,-0.018929091711402925,-0.023259770643360014,0.7404914068655812,46.24032763205415,307.0921698595156,0.07564984518217717
2022-07-18,BTCUSDT,20799.58,22777.63,20762.45,22432.58,239942.73132,0.07564984518217717,0.7077730263078931,1.609295804097043,56.65884560911406,393.3180720332165,0.04207720104807247
2022-07-19,BTCUSDT,22432.58,23800.0,21579.54,23396.62,263770.76574,0.04207720104807247,0.09468013898670127,1.6110343749091878,61.40942568968122,495.4466379116201,-0.007435482451242203
2022-07-20,BTCUSDT,23398.48,24276.74,22906.19,23223.3,238762.17094,-0.007435482451242203,-0.0996124585338497,1.315641727415649,60.13328254968439,528.4760559055284,-0.003066708544995841
2022-07-21,BTCUSDT,23223.3,23442.77,22341.46,23152.19,184817.68191,-0.003066708544995841,-0.25609811985909403,0.9952721840242063,59.58617021141081,521.7823095963074,-0.02039295734074819
2022-07-22,BTCUSDT,23152.19,23756.49,22500.0,22684.83,171598.43966,-0.02039295734074819,-0.07421274183950766,0.9170237825416739,55.981140224893885,464.06475399284443,-0.010358144626696868
2022-07-23,BTCUSDT,22684.83,23000.77,21934.57,22451.07,122137.77375,-0.010358144626696868,-0.34000739352775466,0.6389233879738146,54.21436568660215,391.24222168048243,0.005712112265188854
2022-07-24,BTCUSDT,22448.58,23014.64,22257.15,22579.68,115189.67277,0.005712112265188854,-0.05856960244473405,0.6020700251894908,55.05481549498052,335.00354675059054,-0.05783170787580325
2022-07-25,BTCUSDT,22577.13,22666.0,21250.0,21310.9,180344.76643,-0.05783170787580325,0.4482902898157728,0.944765148497661,46.070210069300856,202.16573052569228,-0.002642042980227913
2022-07-26,BTCUSDT,21310.9,21347.82,20706.5,21254.67,177817.24326,-0.002642042980227913,-0.01411408837308415,0.9750117210956277,45.71415201978725,105.20196600795906,0.07684804868982513
2022-07-27,BTCUSDT,21254.67,23112.63,21042.53,22952.45,210971.19796,0.07684804868982513,0.17096532200722425,1.24031106688461,56.616563706771196,147.50340681756677,0.03806305270838894
2022-07-28,BTCUSDT,22954.31,24199.72,22582.13,23842.93,236029.0741,0.03806305270838894,0.11223337117716799,1.4207898490780466,61.03654883790861,223.01987878290848,-0.0029057065160629104
2022-07-29,BTCUSDT,23845.25,24442.66,23414.03,23773.75,198298.50623,-0.0029057065160629104,-0.1741814901587681,1.143318566374524,60.520677130805716,253.64462387382366,-0.0054933721401181045
2022-07-30,BTCUSDT,23777.28,24668.0,23502.25,23643.51,151060.13211,-0.0054933721401181045,-0.2720955191798252,0.8522170789249212,59.50108808450005,250.05189055690943,-0.014922034485878831
2022-07-31,BTCUSDT,23644.64,24194.82,23227.31,23293.32,127743.32483,-0.014922034485878831,-0.16765500753939822,0.7042575519479785,56.73347846928712,210.59402769829734,-0.001087168364516185
2022-08-01,BTCUSDT,23296.36,23509.68,22850.0,23268.01,144210.16219,-0.001087168364516185,0.12124871935395479,0.7872567135278584,56.52882318827821,170.9781390712094,-0.012116250420426194
2022-08-02,BTCUSDT,23266.9,23459.89,22654.37,22987.79,158073.28225,-0.012116250420426194,0.09178704195579016,0.8879597592640419,54.19774712392551,116.68247884987267,-0.007397292091435454
2022-08-03,BTCUSDT,22985.93,23647.68,22681.22,22818.37,145948.80995,-0.007397292091435454,-0.07980279376134403,0.8330508799849218,52.78061234313318,62.83714459508059,-0.008599709479179367
2022-08-04,BTCUSDT,22816.91,23223.32,22400.0,22622.98,154854.67016,-0.008599709479179367,0.05923112176823894,0.933370891696262,51.12046343567552,10.296164036164498,0.030020061930577643
2022-08-05,BTCUSDT,22622.41,23472.86,22586.95,23312.42,175251.69749,0.030020061930577643,0.12373614675803404,1.1356920038488618,56.338961300393535,17.77132856028618,-0.01548490381388308
2022-08-06,BTCUSDT,23313.56,23354.36,22909.52,22954.21,83911.80307,-0.01548490381388308,-0.7364569281801848,0.555632618518738,53.163147524516596,-4.427490311099746,0.009546427689530375
2022-08-07,BTCUSDT,22954.21,23402.0,22844.62,23174.39,88890.00877,0.009546427689530375,0.05763346512167724,0.6285191814874701,54.84794819940811,-7.140098605642379,0.02705787086036656
2022-08-08,BTCUSDT,23174.39,24245.0,23154.25,23810.0,170958.44152,0.02705787086036656,0.6540207460039571,1.2581833849269224,59.389428778830684,29.031117596702074,-0.028113039796074532
2022-08-09,BTCUSDT,23810.98,23933.25,22865.0,23149.95,143182.50858,-0.028113039796074532,-0.17730039464049327,1.0249403091788856,53.384523774570226,4.925644674025762,0.03414479115449657
2022-08-10,BTCUSDT,23151.32,24226.0,22664.69,23954.05,208916.54953,0.03414479115449657,0.3778147874057476,1.518607451443312,58.84396762299639,37.730965422379256,-0.0008210750278983731
2022-08-11,BTCUSDT,23954.05,24918.54,23852.13,23934.39,249759.79557,-0.0008210750278983731,0.1785647505769646,1.7040712029369078,58.66306653686841,51.83072472776706,0.01941760376984897
2022-08-12,BTCUSDT,23933.09,24456.5,23583.0,24403.68,174207.5704,0.01941760376984897,-0.3602521166927499,1.087951428364072,61.690587689237404,84.55258184383052,0.0015436569219570487
2022-08-13,BTCUSDT,24401.7,24888.0,24291.22,24441.38,152852.25435,0.0015436569219570487,-0.1307757245668828,0.9554744515428178,61.931798088741864,99.49529731299083,-0.005585632561017508
2022-08-14,BTCUSDT,24443.06,25047.56,24144.0,24305.24,151206.14473,-0.005585632561017508,-0.010827694333050926,0.8903703572706239,60.45157478706395,91.19023681405781,-0.008695085325241067
2022-08-15,BTCUSDT,24305.25,25211.32,23773.22,24094.82,242539.54758,-0.008695085325241067,0.47252067721676916,1.357045434936942,58.13863497506189,63.80106865343663,-0.01001393990872997
2022-08-16,BTCUSDT,24093.04,24247.49,23671.22,23854.74,179324.94821,-0.01001393990872997,-0.3019652666778922,0.9490500124137335,55.528136400389265,23.84788953458508,-0.021700351923622782
2022-08-17,BTCUSDT,23856.15,24446.71,23180.4,23342.66,210668.68766,-0.021700351923622782,0.16108718554830237,1.0852762897313177,50.336457836729586,-39.29851530121971,-0.0065096914314182845
2022-08-18,BTCUSDT,23342.66,23600.0,23111.04,23191.2,144185.97011,-0.0065096914314182845,-0.37918277329829486,0.7418287843262824,48.88073971384084,-90.56825061141001,-0.10716790958304105
2022-08-19,BTCUSDT,23191.45,23208.67,20783.57,20834.39,283995.87747,-0.10716790958304105,0.6778557966479224,1.584059528510154,32.92463420510795,-272.24013684515967,0.014565304906857087
2022-08-20,BTCUSDT,20834.39,21382.85,20761.9,21140.07,183041.68363,0.014565304906857087,-0.43924581580260486,0.9388311328032879,35.84956678060583,-355.58764241511125,0.017608426506096567
2022-08-21,BTCUSDT,21140.07,21800.0,21069.11,21515.61,159200.6841,0.017608426506096567,-0.13954833579093653,0.7988777487504688,39.34874804323185,-367.66935891823175,-0.005395740129964921
2022-08-22,BTCUSDT,21516.7,21548.71,20890.18,21399.83,222222.04526,-0.005395740129964921,0.333511515363943,1.1087680340079267,38.6488014507024,-364.96661768490696,0.00602345926973469
2022-08-23,BTCUSDT,21400.75,21684.87,20890.14,21529.12,200967.77164,0.00602345926973469,-0.1005325307718207,1.0174553801768205,39.933735050537635,-336.6673193077827,-0.007508217623966096
2022-08-24,BTCUSDT,21529.11,21900.0,21145.0,21368.08,174383.22046,-0.007508217623966096,-0.14188926121632514,0.8692569707993014,38.84249997237359,-311.568940198627,0.008896998430986994
2022-08-25,BTCUSDT,21368.05,21819.88,21310.15,21559.04,169915.78301,0.008896998430986994,-0.02595237364413942,0.8694538521539853,40.904671859231286,-266.61858747808117,-0.06308249760374372
2022-08-26,BTCUSDT,21559.04,21886.77,20107.9,20241.05,273811.61955,-0.06308249760374372,0.4771374298041162,1.3752200012461726,32.70730621585642,-307.2717601865114,-0.010102211978267828
2022-08-27,BTCUSDT,20239.14,20402.93,19800.0,20037.6,162582.46032,-0.010102211978267828,-0.5212550288627668,0.822581864433286,31.65281258041432,-327.62078420089955,-0.024348306776797283
2022-08-28,BTCUSDT,20037.6,20171.18,19520.0,19555.61,139307.95976,-0.024348306776797283,-0.15449830089710015,0.7154041978960276,29.247083244189383,-351.2058897482906,0.03665548140456874
2022-08-29,BTCUSDT,19555.61,20433.62,19550.79,20285.73,210509.49545,0.03665548140456874,0.41284374084367265,1.0970640971678438,37.05182443030112,-297.42844054750844,-0.023647029931174457
2022-08-30,BTCUSDT,20287.2,20576.25,19540.0,19811.66,256634.35529,-0.023647029931174457,0.19812156864329766,1.3492074735889994,34.398521449036835,-274.15143655543227,0.011959497995954903
2022-08-31,BTCUSDT,19813.03,20490.0,19797.94,20050.02,276946.60765,0.011959497995954903,0.07617240566770686,1.3975657929888978,36.847274188149534,-225.12127492839068,0.004053614327647557
2022-09-01,BTCUSDT,20048.44,20208.37,19565.66,20131.46,245289.97263,0.004053614327647557,-0.12138366299941074,1.1525946591522116,37.7029084177546,-172.0209459916682,-0.008961393513317224
2022-09-02,BTCUSDT,20132.64,20441.26,19755.29,19951.86,245986.6033,-0.008961393513317224,0.002836003876607046,1.1002015902618019,36.527551252390055,-135.42001445526444,-0.006030619708257377
2022-09-03,BTCUSDT,19950.98,20055.93,19652.72,19831.9,146639.03204,-0.006030619708257377,-0.5173030737371618,0.6677301979196699,35.72642786688344,-106.96453179856849,0.008455521077103931
2022-09-04,BTCUSDT,19832.45,20029.23,19583.1,20000.3,145588.77893,0.008455521077103931,-0.007187937577972491,0.6698955212482953,37.789125040521526,-66.45988677429102,-0.010224944437388826
2022-09-05,BTCUSDT,20000.3,20057.27,19633.83,19796.84,222543.01057,-0.010224944437388826,0.4243343238534454,1.0197737173525654,36.274429779285924,-44.10614157382906,-0.052165052029039496
2022-09-06,BTCUSDT,19795.34,20180.0,18649.51,18790.61,356315.05718,-0.052165052029039496,0.4706949426983896,1.620004842984185,29.89284449373899,-85.43122816729851,0.02637676564806005
2022-09-07,BTCUSDT,18790.61,19464.06,18510.77,19292.84,287394.7788,0.02637676564806005,-0.21495852509079594,1.2272020559548638,35.94959821724039,-68.04153532717692,0.0013948813284810479
2022-09-08,BTCUSDT,19292.85,19458.25,19012.0,19319.77,262813.28273,0.0013948813284810479,-0.08941297801946003,1.1151295122754536,36.267546578747385,-44.93960785630793,0.10039623993986292
2022-09-09,BTCUSDT,19320.54,21597.22,19291.75,21360.11,428919.74652,0.10039623993986292,0.4898260019332662,1.8007996538166045,54.63974400068525,109.12514536836818,0.013403613252505489
2022-09-10,BTCUSDT,21361.62,21810.8,21111.13,21648.34,307997.33504,0.013403613252505489,-0.33117869991048565,1.165260726745456,56.5454548062477,225.1342464283946,0.008213002469083833
2022-09-11,BTCUSDT,21647.21,21860.0,21350.0,21826.87,280702.55149,0.008213002469083833,-0.09279555740214793,0.9768071291620369,57.7300499311112,303.695488990217,0.02572898259027063
2022-09-12,BTCUSDT,21826.87,22488.0,21538.51,22395.74,395395.61828,0.02572898259027063,0.34259125586864236,1.2893220687111093,61.34594867849036,378.88523262345245,-0.10449743036114226
2022-09-13,BTCUSDT,22395.44,22799.0,19860.0,20173.57,431915.03333,-0.10449743036114226,0.08834205785806343,1.3034512695980374,45.11196231048548,269.03900693121875,0.002630676354029713
2022-09-14,BTCUSDT,20173.62,20541.48,19617.62,20226.71,340826.40151,0.002630676354029713,-0.23685562561910767,0.99609478273567,45.483494335273754,193.56591541444863,-0.026289945533484776
2022-09-15,BTCUSDT,20227.17,20330.24,19497.0,19701.88,333069.76076,-0.026289945533484776,-0.02302130136218069,0.9521836643154625,42.42884379967072,106.26779161898884,0.00513452781707948
2022-09-16,BTCUSDT,19701.88,19890.0,19320.01,19803.3,283791.07064,0.00513452781707948,-0.16011365914681602,0.7886758124606937,43.22239403344072,55.85788475580284,0.0155486070502051
2022-09-17,BTCUSDT,19803.3,20189.0,19748.08,20113.62,179350.24338,0.0155486070502051,-0.45889773967626146,0.5289012438616623,45.68915395910537,44.41556679170827,-0.03529045844411419
2022-09-18,BTCUSDT,20112.61,20117.26,19335.62,19416.18,254217.46904,-0.03529045844411419,0.3488495170418358,0.7926423664358043,41.34183662607017,-6.416917112832891,0.006204388221696427
2022-09-19,BTCUSDT,19417.45,19686.2,18232.56,19537.02,380512.40306,0.006204388221696427,0.4033286954809715,1.2005896174960091,42.36508816857676,-27.038327710716487,-0.03447283217250921
2022-09-20,BTCUSDT,19537.02,19634.62,18711.87,18875.0,324098.3286,-0.03447283217250921,-0.1604718204276973,1.0294987694321276,38.41175699873641,-77.54168490508658,-0.022158395968022992
2022-09-21,BTCUSDT,18874.31,19956.0,18125.98,18461.36,385034.10021,-0.022158395968022992,0.17228494925563353,1.2859787395062434,36.142373687156336,-128.0992333556536,0.049677183991239306
2022-09-22,BTCUSDT,18461.36,19550.17,18356.39,19401.63,379321.72111,0.049677183991239306,-0.014947188977989823,1.2407294431733662,44.21111999105146,-89.34510031957785,-0.005774921881411174
2022-09-23,BTCUSDT,19401.63,19500.0,18531.42,19289.91,385886.91829,-0.005774921881411174,0.017159655384830295,1.2355015895861987,43.5076876651144,-63.575599877653474,-0.019336170941039267
2022-09-24,BTCUSDT,19288.57,19316.14,18805.34,18920.5,239496.56746,-0.019336170941039267,-0.47700528410668014,0.7325906542766487,41.17484635801966,-63.59576752388557,-0.0059966443373075
2022-09-25,BTCUSDT,18921.99,19180.21,18629.2,18807.38,191191.4492,-0.0059966443373075,-0.2252638067797736,0.5698538108750274,40.45943725067292,-63.27856559941682,0.02210884264131569
2022-09-26,BTCUSDT,18809.13,19318.96,18680.72,19227.82,439239.21943,0.02210884264131569,0.8317689057757521,1.345271810749195,44.33099090644842,-28.571757855508736,-0.00776312114359553
2022-09-27,BTCUSDT,19226.68,20385.86,18816.32,19079.13,593260.74161,-0.00776312114359553,0.30058981789638084,1.7714803308361227,43.259673882991216,-10.385025826492438,0.01733860506675769
2022-09-28,BTCUSDT,19078.1,19790.0,18471.28,19412.82,521385.45547,0.01733860506675769,-0.12914439556941884,1.3965161441305123,46.39076898308636,27.30189849326962,0.009162636565833372
2022-09-29,BTCUSDT,19412.82,19645.52,18843.01,19591.51,406424.93256,0.009162636565833372,-0.24909036177704563,1.034618181673223,48.04417833108973,65.2815902708229,-0.008658457767896248
2022-09-30,BTCUSDT,19590.54,20185.0,19155.36,19422.61,444322.9534,-0.008658457767896248,0.08915242636196166,1.1200537133091015,46.581762721500894,79.12265310191316,-0.00576555882359139
2022-10-01,BTCUSDT,19422.61,19484.0,19159.42,19310.95,165625.13959,-0.00576555882359139,-0.9868246309998826,0.4089046166681903,45.59369326568831,80.58110611307222,-0.013248299277497894
2022-10-02,BTCUSDT,19312.24,19395.91,18920.35,19056.8,206812.47032,-0.013248299277497894,0.22208540262250698,0.5242489812405925,43.34028199600229,64.92488510520099,0.029588146889959064
2022-10-03,BTCUSDT,19057.74,19719.1,18959.68,19629.08,293585.75212,0.029588146889959064,0.3503573251910087,0.7400244104961446,49.40419967144054,91.95509792716575,0.0354700667521785
2022-10-04,BTCUSDT,19629.08,20475.0,19490.6,20337.82,327012.00127,0.0354700667521785,0.10782710399408738,0.8699053102268638,55.724088741424566,152.82234621436766,-0.008868076947532767
2022-10-05,BTCUSDT,20337.82,20365.6,19730.0,20158.26,312239.75224,-0.008868076947532767,-0.04622554197542265,0.9241109360651337,53.88758817052917,174.6696872562598,-0.009850292500254246
2022-10-06,BTCUSDT,20158.26,20456.6,19853.0,19960.67,320122.1702,-0.009850292500254246,0.024931375428756827,1.0393466070821042,51.86206172343261,169.36609263164507,-0.02180748428132239
2022-10-07,BTCUSDT,19960.67,20068.82,19320.0,19530.09,220874.83913,-0.02180748428132239,-0.3711065024995245,0.747020705828551,47.65809361104455,132.06794364907321,-0.005757942171450429
2022-10-08,BTCUSDT,19530.09,19627.38,19237.14,19417.96,102480.09842,-0.005757942171450429,-0.7679275843385603,0.3885454799847075,46.59875070857285,96.69318391894745,0.001083975237505919
2022-10-09,BTCUSDT,19416.52,19558.0,19316.04,19439.02,113900.82681,0.001083975237505919,0.10565951154317658,0.4471390709940794,46.837765265494596,72.65786198779102,-0.015926855342589977
2022-10-10,BTCUSDT,19439.96,19525.0,19020.25,19131.87,212509.09849,-0.015926855342589977,0.6236566743576963,0.8801030058409479,43.761379621404544,35.8786538734887,-0.003763632670309744
2022-10-11,BTCUSDT,19131.87,19268.09,18860.0,19060.0,243473.84286,-0.003763632670309744,0.13602471136162855,1.0591484800782605,43.048874128828615,7.9730968871352275,0.00499954855969873
2022-10-12,BTCUSDT,19060.0,19238.31,18965.88,19155.53,213826.26731,0.00499954855969873,-0.12984566492767713,0.98111120535199,44.34596582228239,-2.24286745195144,0.011398838108565434
2022-10-13,BTCUSDT,19155.1,19513.79,18190.0,19375.13,399756.68337,0.011398838108565434,0.6256922201432457,1.9607076737508449,47.31640722518159,7.087169406108359,-0.010282290815579725
2022-10-14,BTCUSDT,19375.58,19951.87,19070.37,19176.93,351634.32601,-0.010282290815579725,-0.1282642813880941,1.6335312620652451,44.982804795544396,1.4999921606347755,-0.0056235623928088925
2022-10-15,BTCUSDT,19176.93,19227.68,18975.18,19069.39,113847.64232,-0.0056235623928088925,-1.1277307054169203,0.486652829091965,43.72279452620745,-7.361826210737661,0.010100687533673864
2022-10-16,BTCUSDT,19068.4,19425.84,19063.74,19262.98,131894.61885,0.010100687533673864,0.14714217805260932,0.559909680109297,46.621420229065905,1.4226171595014137,0.014783006060808625
2022-10-17,BTCUSDT,19262.98,19676.96,19152.03,19549.86,222813.87634,0.014783006060808625,0.5243335260153602,0.9356634400001457,50.67577648960071,26.757207912685033,-0.011442277457683746
2022-10-18,BTCUSDT,19548.48,19706.66,19091.0,19327.44,260313.07848,-0.011442277457683746,0.1555482668992372,1.0864179635351252,47.65367176270424,28.573708033559683,-0.010583325769578811
2022-10-19,BTCUSDT,19327.44,19360.16,19065.97,19123.97,186137.29538,-0.010583325769578811,-0.33540050598995025,0.769123107521358,45.00929955199871,16.698520098143035,-0.004299657437842867
2022-10-20,BTCUSDT,19123.35,19347.82,18900.0,19041.92,223530.13068,-0.004299657437842867,0.1830616692322459,0.9389781821421376,43.950168636716384,4.574845751179623,0.006409961253210738
2022-10-21,BTCUSDT,19041.92,19250.0,18650.0,19164.37,269310.75769,0.006409961253210738,0.1863197280288448,1.26507316558733,45.992681919368074,5.971253229985905,0.0020839900038091583
2022-10-22,BTCUSDT,19164.37,19257.0,19112.72,19204.35,110403.90837,0.0020839900038091583,-0.8917204107633976,0.5489425620509192,46.67593641902113,10.491931653159924,0.018881404774908718
2022-10-23,BTCUSDT,19204.29,19695.0,19070.11,19570.4,167057.20184,0.018881404774908718,0.4141907446376086,0.8326668758887019,52.589953506894425,37.51897355055874,-0.012374412787988572
2022-10-24,BTCUSDT,19570.4,19601.15,19157.0,19329.72,256168.14467,-0.012374412787988572,0.4274977642319609,1.2456370203244744,48.76070469796519,38.43016135843612,0.03808397301398036
2022-10-25,BTCUSDT,19330.6,20415.87,19237.0,20080.07,326370.67061,0.03808397301398036,0.24219971786469122,1.5510644788576755,58.826296223076746,86.08230106247389,0.033858406805051616
2022-10-26,BTCUSDT,20079.02,21020.0,20050.41,20771.59,380492.69576,0.033858406805051616,0.15343321883893413,1.7306606600371348,65.54407384903826,156.58216784842398,-0.023206217347907374
2022-10-27,BTCUSDT,20771.61,20872.21,20200.0,20295.11,328643.57791,-0.023206217347907374,-0.1464931669915702,1.3272143142691228,58.465729665939435,162.81091404998696,0.014514910485440964
2022-10-28,BTCUSDT,20295.11,20750.0,20000.09,20591.84,287039.94569,0.014514910485440964,-0.13535242403682668,1.0929222691704445,61.27076675488844,177.40262267345068,0.01052290170330112
2022-10-29,BTCUSDT,20591.84,21085.0,20554.01,20809.67,254881.77755,0.01052290170330112,-0.11882156945968742,0.9612085834634954,63.233774390189204,191.03160251060712,-0.008793615102669194
2022-10-30,BTCUSDT,20809.68,20931.21,20515.0,20627.48,192795.60886,-0.008793615102669194,-0.27916921390897675,0.674564043835599,60.47296830222536,177.37896740759857,-0.006651090639639452
2022-10-31,BTCUSDT,20627.48,20845.92,20237.95,20490.74,303567.61628,-0.006651090639639452,0.4539737677932091,1.0486484709900954,58.41166404431105,149.8386685585274,-0.00034753441282134187
2022-11-01,BTCUSDT,20490.74,20700.0,20330.74,20483.62,279932.43771,-0.00034753441282134187,-0.08105609392754184,0.9449005326453297,58.30022941334991,122.96809204518723,-0.016329943003790245
2022-11-02,BTCUSDT,20482.81,20800.0,20048.04,20151.84,373716.27299,-0.016329943003790245,0.2889486009810922,1.2903589358157108,53.20645382816221,76.92657264886424,0.002774058844848819
2022-11-03,BTCUSDT,20151.84,20393.32,20031.24,20207.82,319185.1544,0.002774058844848819,-0.15772552541927223,1.1057711825598762,53.937731380153714,45.85325628534585,0.04550026847944526
2022-11-04,BTCUSDT,20207.12,21302.05,20180.96,21148.52,453694.39165,0.04550026847944526,0.3516524695092249,1.5791512268012418,64.09276162974142,82.14688887703429,0.007107568128679593
2022-11-05,BTCUSDT,21148.52,21480.65,21080.65,21299.37,245621.98525,0.007107568128679593,-0.6136301164745289,0.7895008763180976,65.40971060035218,108.16863662358526,-0.018661385830795497
2022-11-06,BTCUSDT,21299.37,21365.27,20886.13,20905.58,230036.97217,-0.018661385830795497,-0.0655536641871069,0.7425634332415426,59.29585304636777,91.38387230812867,-0.015155708438383623
2022-11-07,BTCUSDT,20905.58,21069.77,20384.89,20591.13,386977.60337,-0.015155708438383623,0.5201267743564211,1.2280799235685518,54.88428767197483,53.503711730323744,-0.10453994878635704
2022-11-08,BTCUSDT,20590.67,20700.88,17166.83,18547.23,760705.362783,-0.10453994878635704,0.6758792928524221,2.3261486017434625,36.08937002564312,-106.10429839867709,-0.15256777937932994
2022-11-09,BTCUSDT,18545.38,18587.76,15588.0,15922.81,731926.929729,-0.15256777937932994,-0.03856542557449322,1.8496764130408923,24.491718910565936,-370.44764777602387,0.10021156844027021
2022-11-10,BTCUSDT,15922.68,18199.0,15754.26,17601.15,608448.36432,0.10021156844027021,-0.18476863469838262,1.3615525884648843,38.17489436688225,-411.1433472612715,-0.030623543661599414
2022-11-11,BTCUSDT,17602.45,17695.0,16361.6,17070.31,393552.86492,-0.030623543661599414,-0.4356966472588322,0.8061276689543583,35.95554070209391,-449.57532445421225,-0.015243021519595541
2022-11-12,BTCUSDT,17069.98,17119.1,16631.39,16812.08,167819.96035,-0.015243021519595541,-0.8523236640700321,0.3499092100330906,34.892835819928365,-466.15177018213603,-0.02910295424526251
2022-11-13,BTCUSDT,16813.16,16954.28,16229.0,16329.85,184960.78846,-0.02910295424526251,0.09725210816572416,0.39479741728325674,32.93516823102942,-481.39333004155793,0.017579576532614275
2022-11-14,BTCUSDT,16331.78,17190.0,15815.21,16619.46,380210.7775,0.017579576532614275,0.720581928232661,0.8228673414469365,35.283511814671925,-444.64500313028293,0.01677305124617919
2022-11-15,BTCUSDT,16617.72,17134.69,16527.72,16900.57,282461.84391,0.01677305124617919,-0.29718230091625614,0.6125968406885468,37.5686727521286,-376.76584466090856,-0.014171059886846265
2022-11-16,BTCUSDT,16900.57,17015.92,16378.61,16662.76,261493.40809,-0.014171059886846265,-0.07713440054056334,0.6657693147338262,36.39778488905255,-325.1903582636901,0.0017868218880000477
2022-11-17,BTCUSDT,16661.61,16751.0,16410.74,16692.56,228038.97873,0.0017868218880000477,-0.13689250143375223,0.7004428560114826,36.66416988125326,-268.7179502681032,0.00047255399539148176
2022-11-18,BTCUSDT,16692.56,17011.0,16546.04,16700.45,214224.18184,0.00047255399539148176,-0.06249352829886948,0.7898544994211839,36.73971633273541,-212.92240607668373,1.377198915139681e-05
2022-11-19,BTCUSDT,16699.43,16822.41,16553.53,16700.68,104963.15558,1.377198915139681e-05,-0.713413656045909,0.42737194128755246,36.742085059634064,-160.47955170058776,-0.025497948917879515
2022-11-20,BTCUSDT,16700.68,16753.33,16180.0,16280.23,154842.13478,-0.025497948917879515,0.3887967232804644,0.6543863872617984,34.21959249704304,-139.36828888725722,-0.031126427112839597
2022-11-21,BTCUSDT,16279.5,16319.0,15476.0,15781.29,324096.997753,-0.031126427112839597,0.7386367341488574,1.395050351946251,31.45942448270597,-143.69314786441976,0.02784776288354211
2022-11-22,BTCUSDT,15781.29,16315.0,15616.63,16226.94,239548.06623,0.02784776288354211,-0.30228875598361626,1.0679665982880036,36.39441379487417,-103.12512613057743,0.02291720320295262
2022-11-23,BTCUSDT,16227.96,16706.0,16160.2,16603.11,264927.70408,0.02291720320295262,0.10070288318745398,1.2143042967048918,40.30170117658081,-40.74476748100449,-0.00025058686248794284
2022-11-24,BTCUSDT,16603.11,16812.63,16458.05,16598.95,206565.92346,-0.00025058686248794284,-0.24883737058177524,0.9446769407995491,40.27223798994117,7.8581533802368995,-0.004638140695062483
2022-11-25,BTCUSDT,16599.55,16666.0,16342.81,16522.14,182089.49533,-0.004638140695062483,-0.126121304592903,0.8445887595227268,39.69520125166978,40.62353412755897,-0.003854985458206651
2022-11-26,BTCUSDT,16521.35,16701.99,16385.0,16458.57,181804.81666,-0.003854985458206651,-0.001564623126526564,0.8616146730955079,39.19465561242582,62.49699277199272,-0.0018116393171025897
2022-11-27,BTCUSDT,16457.61,16600.0,16401.0,16428.78,162025.47607,-0.0018116393171025897,-0.11518009311210613,0.7299031334885406,38.946810393544,78.41028020300348,-0.013226836427965193
2022-11-28,BTCUSDT,16428.77,16487.04,15995.27,16212.91,252695.40367,-0.013226836427965193,0.4444312427889008,1.1331207951687443,37.115284920992345,77.69974319000949,0.014063432280211978
2022-11-29,BTCUSDT,16212.18,16548.71,16100.0,16442.53,248106.25009,0.014063432280211978,-0.018327743150371723,1.1658683066785986,40.32969603843117,94.86000021919654,0.04292192204564575
2022-11-30,BTCUSDT,16442.91,17249.0,16428.3,17163.64,303019.80719,0.04292192204564575,0.19994109143859096,1.415777142887835,49.12476486369646,153.47129417079896,-0.010911911994265286
2022-12-01,BTCUSDT,17165.53,17324.0,16855.01,16977.37,232818.18218,-0.010911911994265286,-0.26354035868161785,1.060808218866676,47.18987650040648,176.73413022749048,0.006772531170246441
2022-12-02,BTCUSDT,16978.0,17105.73,16787.85,17092.74,202372.2062,0.006772531170246441,-0.1401492081175816,0.9065930006394407,48.54177744186208,195.4689086645053,-0.012216313353321956
2022-12-03,BTCUSDT,17092.13,17188.98,16858.74,16885.2,154542.57306,-0.012216313353321956,-0.26963899467141744,0.6834528742152941,46.24818633173105,189.33060525963413,0.012974242698661298
2022-12-04,BTCUSDT,16885.2,17202.84,16878.25,17105.7,178619.13387,0.012974242698661298,0.14478618306867785,0.8037735241550827,49.00507208373865,194.80910610897388,-0.008179770631694087
2022-12-05,BTCUSDT,17106.65,17424.25,16867.0,16966.35,233703.29225,-0.008179770631694087,0.26879653371601914,1.0405486336010203,47.35216460170106,183.87280705919943,0.007200670308000258
2022-12-06,BTCUSDT,16966.35,17107.01,16906.37,17088.96,218730.76883,0.007200670308000258,-0.06621072149786443,0.9857929908296882,48.982694015047635,179.51992020048698,-0.014875177009226765
2022-12-07,BTCUSDT,17088.96,17142.21,16678.83,16836.64,220657.41334,-0.014875177009226765,0.008769725432064206,1.0136473608169523,45.836604856392924,155.18525517674215,0.022752101931693153
2022-12-08,BTCUSDT,16836.64,17299.0,16733.49,17224.1,236417.97804,0.022752101931693153,0.0689899989937921,1.1481031106822919,51.03721558548382,160.07762843216602,-0.005562320142259912
2022-12-09,BTCUSDT,17224.1,17360.0,17058.21,17128.56,238422.06465,-0.005562320142259912,0.008441152091579815,1.1549511193171553,49.76826698134747,151.8436958493349,-6.247071687181942e-05
2022-12-10,BTCUSDT,17128.56,17227.72,17092.0,17127.49,140573.97937,-6.247071687181942e-05,-0.5283085902134033,0.664386170713738,49.75334719557638,141.4968576210042,-0.0024809629316508166
2022-12-11,BTCUSDT,17127.49,17270.99,17071.0,17085.05,155286.47871,-0.0024809629316508166,0.09953776699217047,0.7409086648014912,49.1243007229517,127.40545271259273,0.007276920090016073
2022-12-12,BTCUSDT,17085.05,17241.89,16871.85,17209.83,226227.49694,0.007276920090016073,0.3762694558455126,1.096828702328535,51.082595749148105,122.0869276290505,0.032295365713004065
2022-12-13,BTCUSDT,17208.93,18000.0,17080.14,17774.7,284462.9139,0.032295365713004065,0.22906177311432155,1.3863524098617077,58.811709645939644,150.35313439993482,0.0015993100237424041
2022-12-14,BTCUSDT,17775.82,18387.95,17660.94,17803.15,266681.22209,0.0015993100237424041,-0.0645488693613773,1.2428152434390822,59.16169706558182,163.61208275449465,-0.025417550422032496
2022-12-15,BTCUSDT,17804.01,17854.82,17275.51,17356.34,223701.96882,-0.025417550422032496,-0.17573935072810382,1.0115250753835077,51.727628930851054,136.0668283525942,-0.042622091974556034
2022-12-16,BTCUSDT,17356.96,17531.73,16527.32,16632.12,253379.04116,-0.042622091974556034,0.12457188434947437,1.1552064435348555,42.42263898802748,66.37647597886858,0.008644524244231441
2022-12-17,BTCUSDT,16631.5,16796.82,16579.85,16776.52,144825.66684,0.008644524244231441,-0.5593558325433611,0.6539193065146774,44.56388936081676,29.20568984187875,-0.0022861599473239873
2022-12-18,BTCUSDT,16777.54,16863.26,16663.07,16738.21,112619.31646,-0.0022861599473239873,-0.2515174710547298,0.5071099133802904,44.09535848510893,2.639400813511088,-0.018044869047170384
2022-12-19,BTCUSDT,16739.0,16815.99,16256.3,16438.88,179094.28305,-0.018044869047170384,0.46389913775067887,0.8291963421443118,40.511459235061025,-32.551248438871056,0.027401604731458414
2022-12-20,BTCUSDT,16438.88,17061.27,16397.2,16895.56,248808.92324,0.027401604731458414,0.3287728372127396,1.1890393076395327,47.51965217205648,-22.9817447120208,-0.004204603849787203
2022-12-21,BTCUSDT,16896.15,16925.0,16723.0,16824.67,156810.96362,-0.004204603849787203,-0.4616441988165634,0.7680839273881864,46.60188216998281,-19.474998299625042,-0.00019259290140687945
2022-12-22,BTCUSDT,16824.68,16868.52,16559.85,16821.43,176044.27235,-0.00019259290140687945,0.11569448433071691,0.934105813963549,46.55762372727833,-15.590447740588246,-0.002555363857047274
2022-12-23,BTCUSDT,16821.9,16955.14,16731.13,16778.5,161612.00947,-0.002555363857047274,-0.08553705149565671,0.8896662984101261,45.93512547024639,-14.170120713835672,0.003428273556819251
2022-12-24,BTCUSDT,16778.52,16869.99,16776.62,16836.12,100224.29096,0.003428273556819251,-0.4777878753317918,0.5946438874163065,46.960178737861426,-7.919614478608025,-0.00023820676162420736
2022-12-25,BTCUSDT,16835.73,16857.96,16721.0,16832.11,125441.07202,-0.00023820676162420736,0.22442551862225465,0.7734994973524858,46.89354409201881,-2.8843395746609133,0.005171929813683699
2022-12-26,BTCUSDT,16832.11,16944.52,16791.0,16919.39,124564.00656,0.005171929813683699,-0.0070164099316731045,0.7595129304744371,48.60302006736831,6.957782966167613,-0.01267081627317635
2022-12-27,BTCUSDT,16919.39,16972.83,16592.37,16706.36,173749.58616,-0.01267081627317635,0.3327954099174021,1.1122459471945592,44.811479732083434,0.11586333887760247,-0.00956593439752758
2022-12-28,BTCUSDT,16706.06,16785.19,16465.33,16547.31,193037.56577,-0.00956593439752758,0.10526970863094763,1.3267887482691385,42.166642008277975,-13.38001254629279,0.005193379640446887
2022-12-29,BTCUSDT,16547.32,16664.41,16488.91,16633.47,160998.47158,0.005193379640446887,-0.18148993961258703,1.0685677089087842,44.09169535364357,-14.659758090750032,-0.0015637342071172207
2022-12-30,BTCUSDT,16633.47,16677.35,16333.0,16607.48,164916.31174,-0.0015637342071172207,0.024043272007118244,1.1104118875151974,43.62002826416802,-15.339321870399687,-0.003926414431065476
2022-12-31,BTCUSDT,16607.48,16644.09,16470.0,16542.4,114490.42864,-0.003926414431065476,-0.36494691681811675,0.7684427505427818,42.396990808645555,-18.066750552327093,0.004484440922006132
2023-01-01,BTCUSDT,16541.77,16628.0,16499.01,16616.75,96925.41374,0.004484440922006132,-0.16654947462725916,0.6417702776454202,44.3178174755228,-12.995490317765572,0.00337162473850112
2023-01-02,BTCUSDT,16617.17,16799.23,16548.7,16672.87,121888.57191,0.00337162473850112,0.2291655301703491,0.8294304579737831,45.78730325910267,-4.435783457661202,0.00013853883532594145
2023-01-03,BTCUSDT,16672.78,16778.4,16605.28,16675.18,159541.53733,0.00013853883532594145,0.26919702807303597,1.088483284543709,45.85064957925429,2.4377817447770838,0.010450635209181243
2023-01-04,BTCUSDT,16675.65,16991.87,16652.66,16850.36,220362.18862,0.010450635209181243,0.3229681941229206,1.5245482417370841,50.56787753622996,18.920785722697104,-0.0010990966366733739
2023-01-05,BTCUSDT,16850.36,16879.82,16753.0,16831.85,163473.56641,-0.0010990966366733739,-0.29862120064209136,1.101231566473017,50.0715241331216,28.158765851141368,0.007033256255153627
2023-01-06,BTCUSDT,16831.85,17041.0,16679.0,16950.65,207401.28415,0.007033256255153627,0.23800418350145683,1.393828486054595,53.24365802413459,41.07005910229323,-0.0004177703515806188
2023-01-07,BTCUSDT,16950.31,16981.91,16908.0,16943.57,104526.5688,-0.0004177703515806188,-0.6852142014553347,0.6749353949922705,53.02743332172109,47.47990803405044,0.010816215147354305
2023-01-08,BTCUSDT,16943.83,17176.99,16911.0,17127.83,135155.89695,0.010816215147354305,0.25698761842143725,0.8808066548488207,57.82751976548173,61.58141822781006,0.0029400048985379155
2023-01-09,BTCUSDT,17127.83,17398.8,17104.66,17178.26,266211.52723,0.0029400048985379155,0.6778623035150384,1.6752652824898675,59.060593078445955,71.08361376484834,0.015159630933365425
2023-01-10,BTCUSDT,17179.04,17499.0,17146.34,17440.66,221382.42581,0.015159630933365425,-0.18439956834400045,1.2331589137008945,64.82384572576932,90.57034345183119,0.02841029515457346
2023-01-11,BTCUSDT,17440.64,18000.0,17315.6,17943.26,262221.60653,0.02841029515457346,0.16929833312983664,1.39213690585763,72.7397323315316,130.41623385671576,0.04911903051513352
2023-01-12,BTCUSDT,17943.26,19117.04,17892.05,18846.62,454568.32178,0.04911903051513352,0.5501582525665998,2.339048586514662,81.01105680430587,206.212386333981,0.055893048509553726
2023-01-13,BTCUSDT,18846.62,20000.0,18714.12,19930.01,368615.87823,0.055893048509553726,-0.20959310383085633,1.562435193269247,86.35734608131426,311.5872013219929,0.050146827684418194
2023-01-14,BTCUSDT,19930.01,21258.0,19888.05,20954.92,393913.74951,0.050146827684418194,0.06637685402296396,1.5211691315989015,89.39831589644338,425.5351997730472,-0.003988871656173911
2023-01-15,BTCUSDT,20952.76,21050.74,20551.01,20871.5,178542.22549,-0.003988871656173911,-0.7913068448492152,0.5945548585783557,87.68511512254926,467.1824490233968,0.014939473685250641
2023-01-16,BTCUSDT,20872.99,21474.05,20611.48,21185.65,293078.08262,0.014939473685250641,0.49561393648621904,0.9562288073688066,88.57320120970122,485.6369570498741,-0.0024026215431750143
2023-01-17,BTCUSDT,21185.65,21647.45,20841.31,21134.81,275407.74409,-0.0024026215431750143,-0.06218636177207764,0.8874623335272335,87.4738008645451,464.18761441372806,-0.021876742420547574
2023-01-18,BTCUSDT,21132.29,21650.0,20407.15,20677.47,350916.01949,-0.021876742420547574,0.2422942288007046,1.1033372000524393,78.08443371018987,391.851863422021,0.018880985981668756
2023-01-19,BTCUSDT,20677.47,21192.0,20659.19,21071.59,251385.84925,0.018880985981668756,-0.3335579273426595,0.7601162003229036,80.06981374999543,344.8585354767108,0.0729936990967774
2023-01-20,BTCUSDT,21071.59,22755.93,20861.28,22667.21,338079.13659,0.0729936990967774,0.29629099321794944,1.1206019631415332,85.71293754791556,392.10373595310784,0.0051193975233281225
2023-01-21,BTCUSDT,22666.0,23371.8,22422.0,22783.55,346445.48432,0.0051193975233281225,0.024445473840609196,1.1651812885714428,86.02366931851823,400.6412714017208,-0.0033267835189935463
2023-01-22,BTCUSDT,22783.35,23078.71,22292.37,22707.88,253577.75286,-0.0033267835189935463,-0.3120549804425807,0.8727488782975671,84.73282531347002,371.3032684586333,0.009142992475145141
2023-01-23,BTCUSDT,22706.02,23180.0,22500.0,22916.45,293588.37938,0.009142992475145141,0.14650822278914555,0.9745025052065005,85.38385591788462,337.05681592355313,-0.012450835212587299
2023-01-24,BTCUSDT,22917.81,23162.2,22462.93,22632.89,293158.78254,-0.012450835212587299,-0.0014643340254384765,0.9728411499666234,80.36627506444286,269.3542903504897,0.018736119160646474
2023-01-25,BTCUSDT,22631.94,23816.73,22300.0,23060.94,346042.83223,0.018736119160646474,0.16584817780508052,1.1387528976852914,82.07837898624567,229.03059944953134,-0.0022265840828143047
2023-01-26,BTCUSDT,23060.42,23282.47,22850.01,23009.65,288924.43581,-0.0022265840828143047,-0.18039737383000645,0.9529716859493144,81.165066386614,176.86890017501355,0.0027996835390564157
2023-01-27,BTCUSDT,23009.65,23500.0,22534.88,23074.16,280833.86315,0.0027996835390564157,-0.02840192599413943,0.9101869374546039,81.44473064584216,127.00873453105714,-0.002237034511835935
2023-01-28,BTCUSDT,23074.16,23189.0,22878.46,23022.6,148115.71085,-0.002237034511835935,-0.6397694617824025,0.4931151977535797,80.41697199695808,73.50808301515963,0.03078192520585222
2023-01-29,BTCUSDT,23021.4,23960.54,22967.76,23742.3,295688.79204,0.03078192520585222,0.6913137246332476,1.0869531333755178,83.53942812870586,69.58270964641952,-0.0393514588233174
2023-01-30,BTCUSDT,23743.37,23800.51,22500.0,22826.15,302405.90121,-0.0393514588233174,0.022462635703294667,1.0875938384964818,68.55456878767546,-7.618783680603201,0.013013096440887308
2023-01-31,BTCUSDT,22827.38,23320.0,22714.77,23125.13,264649.34909,0.013013096440887308,-0.13336441990989611,0.9475110310011757,70.41935499072093,-49.137176969619304,0.025932253556535844
2023-02-01,BTCUSDT,23125.13,23812.66,22760.23,23732.66,310790.42271,0.025932253556535844,0.16071306426890364,1.1291727447251765,73.81716046022225,-46.31069793255574,-0.010322486493569127
2023-02-02,BTCUSDT,23731.41,24255.0,23363.27,23488.94,364177.20751,-0.010322486493569127,0.1585217799329736,1.3478000582389755,70.32718609570013,-70.05711560260897,-0.002431330219096245
2023-02-03,BTCUSDT,23489.33,23715.7,23204.62,23431.9,332571.02904,-0.002431330219096245,-0.09078712453519815,1.1837306538439365,69.49902157109551,-97.14092785372941,-0.004493712909870792
2023-02-04,BTCUSDT,23431.9,23587.78,23253.96,23326.84,166126.47295,-0.004493712909870792,-0.6941040749448076,0.5761426007259145,67.91271530408366,-127.73989657245784,-0.017031632139821246
2023-02-05,BTCUSDT,23327.66,23433.33,22743.0,22932.91,209251.33917,-0.017031632139821246,0.23078672569545683,0.7192853933756601,62.181630942903574,-177.0819122461494,-0.007457673107036351
2023-02-06,BTCUSDT,22932.91,23158.25,22628.13,22762.52,265371.6069,-0.007457673107036351,0.23759502467847549,0.9526298395238175,59.829764111770004,-220.91571057482406,0.020779401555923737
2023-02-07,BTCUSDT,22762.52,23350.25,22745.78,23240.46,308006.72482,0.020779401555923737,0.1489904826821766,1.1270870875814474,63.94870404975993,-217.12080726928002,-0.01201050031064175
2023-02-08,BTCUSDT,23242.42,23452.0,22665.85,22963.0,280056.30717,-0.01201050031064175,-0.09513093657872333,1.0020954648979816,60.09622775245862,-231.3850926118214,-0.052141700352517424
2023-02-09,BTCUSDT,22961.85,23011.39,21688.0,21796.35,402894.6955,-0.052141700352517424,0.36368454632500147,1.464645018316059,47.216028796364135,-312.4394251856636,-0.007883685677702989
2023-02-10,BTCUSDT,21797.83,21938.16,21451.0,21625.19,338591.94247,-0.007883685677702989,-0.17387955350043777,1.2066231895216968,45.66953450868512,-366.86550457255134,0.010916288456747329
2023-02-11,BTCUSDT,21625.19,21906.32,21599.78,21862.55,177021.58433,0.010916288456747329,-0.6485240023059002,0.6289152226891063,48.203213657814814,-374.841453003579,-0.0036204886304742638
2023-02-12,BTCUSDT,21862.02,22090.0,21630.0,21783.54,204435.65163,-0.0036204886304742638,0.1439815935040765,0.7223166518203848,47.41063356088692,-372.62090165163556,-0.00043941906477148134
2023-02-13,BTCUSDT,21782.37,21894.99,21351.07,21773.97,295730.76791,-0.00043941906477148134,0.3691962085341729,1.0474285982882152,47.309166046693925,-358.8450097620856,0.01936986197704005
2023-02-14,BTCUSDT,21774.63,22319.08,21532.77,22199.84,361958.40109,0.01936986197704005,0.20207981856203786,1.2626009072696776,52.210697021922755,-309.94196540725056,0.09138049119365944
2023-02-15,BTCUSDT,22199.84,24380.0,22047.28,24324.05,375669.16111,0.09138049119365944,0.037179574287371044,1.2761186578862012,68.13390604613113,-132.49496920466981,-0.033711393282664585
2023-02-16,BTCUSDT,24322.87,25250.0,23505.25,23517.72,450080.68366,-0.033711393282664585,0.18071799832081037,1.4610961208114388,59.96609435866966,-70.49941274071864,0.043770785975072134
2023-02-17,BTCUSDT,23517.72,25021.11,23339.37,24569.97,496813.21376,0.043770785975072134,0.09878726429632928,1.5782669081824365,65.73830388597727,34.65442448892014,0.002519415209186526
2023-02-18,BTCUSDT,24568.24,24877.0,24430.0,24631.95,216917.25213,0.002519415209186526,-0.8286981737840013,0.6429329214213183,66.04882154281896,98.07099568960325,-0.014730846119734737
2023-02-19,BTCUSDT,24632.05,25192.0,24192.57,24271.76,300395.99542,-0.014730846119734737,0.32558563474843194,0.8755694017069806,62.50357020738603,104.83762890448611,0.023230285350592204
2023-02-20,BTCUSDT,24272.51,25121.23,23840.83,24842.2,346938.56997,0.023230285350592204,0.14404614351258185,0.9723749042904313,65.64836539955564,134.89414670297674,-0.015825264394064464
2023-02-21,BTCUSDT,24843.89,25250.0,24148.34,24452.16,376000.82868,-0.015825264394064464,0.08044361483549667,1.0326559150500023,61.82993318409458,116.36965983918958,-0.011101316717520895
2023-02-22,BTCUSDT,24450.67,24476.05,23574.69,24182.21,379425.75365,-0.011101316717520895,0.009067587815552516,1.0363524269997462,59.26079474275304,75.76525788913625,-0.01005818454576867
2023-02-23,BTCUSDT,24182.21,24599.59,23608.0,23940.2,398400.45437,-0.01005818454576867,0.04879873105755205,1.086586644590679,56.97514928310877,25.060523946464286,-0.032041028461487375
2023-02-24,BTCUSDT,23940.2,24132.35,22841.19,23185.29,343582.57453,-0.032041028461487375,-0.14803019177894566,0.9563344893929365,50.43989996597073,-62.10607424973546,-0.0012178923770018468
2023-02-25,BTCUSDT,23184.04,23219.13,22722.0,23157.07,191311.8101,-0.0012178923770018468,-0.5855228638604494,0.5670510829356322,50.20805556848498,-121.03963503729005,0.01703161058168721
2023-02-26,BTCUSDT,23157.07,23689.99,23059.18,23554.85,202323.73623,0.01703161058168721,0.05596445856742318,0.6062637889079643,53.45563733416417,-131.72568170398574,-0.0026679753126395687
2023-02-27,BTCUSDT,23554.85,23897.99,23106.77,23492.09,283706.0859,-0.0026679753126395687,0.33806972434574345,0.8873802686187667,52.86972487487673,-140.7012984258913,-0.015033201397948169
2023-02-28,BTCUSDT,23492.09,23600.0,23020.97,23141.57,264140.99894,-0.015033201397948169,-0.07145574600389937,0.8502062008886527,49.59982879720617,-166.1778183549879,0.020842934243896633
2023-03-01,BTCUSDT,23141.57,24000.0,23020.03,23628.97,315287.41737,0.020842934243896633,0.1770016114374844,1.0698633514645872,53.87200253794365,-146.8084137376523,-0.006949915104728103
2023-03-02,BTCUSDT,23629.76,23796.93,23195.9,23465.32,239315.45219,-0.006949915104728103,-0.27570209361313547,0.838126622161655,52.26992353865392,-141.55971257830288,-0.048503100831987105
2023-03-03,BTCUSDT,23465.32,23476.95,21971.13,22354.34,319954.19785,-0.048503100831987105,0.29039528853973856,1.21743667516406,42.93506312349085,-205.5704846156125,-0.00034764393289772876
2023-03-04,BTCUSDT,22354.34,22410.0,22157.08,22346.57,121257.38132,-0.00034764393289772876,-0.9702624490000494,0.46739158285124277,42.87738863486754,-238.7633806132779,0.003737206709584325
2023-03-05,BTCUSDT,22346.57,22662.09,22189.22,22430.24,154841.75786,0.003737206709584325,0.24448827356558175,0.6207912081321042,43.7535819803915,-244.5205252731436,-0.000902760617454153
2023-03-06,BTCUSDT,22430.24,22602.19,22258.0,22410.0,203751.82957,-0.000902760617454153,0.2744990531690868,0.8397174230903045,43.57944180272988,-238.85365518577797,-0.009506895048812334
2023-03-07,BTCUSDT,22409.41,22557.91,21927.0,22197.96,292519.80912,-0.009506895048812334,0.3616296563006394,1.2651075867550032,41.706678276094145,-238.01933279376985,-0.022437472391169118
2023-03-08,BTCUSDT,22198.56,22287.0,21580.0,21705.44,301460.57272,-0.022437472391169118,0.030106849335491483,1.2813093269919384,37.658538502016654,-257.6147783754214,-0.06388169730657518
2023-03-09,BTCUSDT,21704.37,21834.99,20042.72,20362.22,443658.28584,-0.06388169730657518,0.3864154024297797,1.901663154747901,29.30456432051284,-342.69051151491374,-0.010442692083692516
2023-03-10,BTCUSDT,20362.21,20367.78,19549.09,20150.69,618456.4671,-0.010442692083692516,0.332172165083939,2.356096653912901,28.2420485950568,-391.3453368588153,0.015024507857790617
2023-03-11,BTCUSDT,20150.69,20686.51,19765.03,20455.73,427831.82133,0.015024507857790617,-0.36849662717260184,1.4021059540596863,32.067204079195136,-380.7634306618471,0.07264804225261712
2023-03-12,BTCUSDT,20455.73,22150.0,20270.6,21997.11,430944.94288,0.07264804225261712,0.007250161663563233,1.2350416491432874,47.34215309832594,-253.83964238654414,0.0918599391330703
2023-03-13,BTCUSDT,21998.05,24500.0,21813.88,24113.48,687889.31259,0.0918599391330703,0.46764760292080515,1.7711995733519645,60.48135272270629,-23.3755006443526,0.022833529552860565
2023-03-14,BTCUSDT,24112.27,26386.87,23976.42,24670.41,699360.93423,0.022833529552860565,0.016539024822797975,1.5285331050936881,63.091280507113844,160.43787743736826,-0.015718497080592527
2023-03-15,BTCUSDT,24670.41,25196.97,23896.95,24285.66,581450.72984,-0.015718497080592527,-0.18464072800465825,1.1275910001244975,60.13648675316898,244.91417157619375,0.028940970979109415
2023-03-16,BTCUSDT,24285.66,25167.4,24123.0,24998.78,439421.32998,0.028940970979109415,-0.28006753674990975,0.7908153141377011,63.54441594321486,332.20480868694966,0.0915382366931726
2023-03-17,BTCUSDT,24998.78,27756.84,24890.0,27395.13,624460.68091,0.0915382366931726,0.35142966447561536,1.1250514203074335,72.15805816847492,523.3461463220262,-0.017960573857961144
2023-03-18,BTCUSDT,27395.13,27724.85,26578.0,26907.49,371238.97174,-0.017960573857961144,-0.5200423827459375,0.6678058488436238,68.60570017355764,584.3168303554178,0.03883042537639571
2023-03-19,BTCUSDT,26907.49,28390.1,26827.22,27972.87,372066.99054,0.03883042537639571,0.0022279362322433433,0.6791726851262317,71.86462603775836,658.2812185401724,-0.009188807742989342
2023-03-20,BTCUSDT,27972.87,28472.0,27124.47,27717.01,477378.23373,-0.009188807742989342,0.24923519934836846,0.8849962698877702,69.98567537488879,650.6936671120186,0.013917915171174959
2023-03-21,BTCUSDT,27717.01,28438.55,27303.1,28105.47,420929.7422,0.013917915171174959,-0.12584318288500534,0.8264224163702374,71.21616364270304,632.0246265036651,-0.030875102511240874
2023-03-22,BTCUSDT,28107.81,28868.05,26601.8,27250.97,224113.41296,-0.030875102511240874,-0.6303137050388428,0.477279993853115,64.91204156084153,526.625269731055,0.037610483876124916
2023-03-23,BTCUSDT,27250.97,28750.0,27105.0,28295.41,128649.60818,0.037610483876124916,-0.5550597384861635,0.3073949957023507,68.57383270856931,492.37586849318427,-0.030170604453767236
2023-03-24,BTCUSDT,28295.42,28374.3,27000.0,27454.47,86242.06544,-0.030170604453767236,-0.39993443631431497,0.23052000200366177,62.88349141776324,383.0745199778952,0.00030882732901125104
2023-03-25,BTCUSDT,27454.46,27787.33,27156.09,27462.95,50844.08102,0.00030882732901125104,-0.5283943418482839,0.17105897951496546,62.916908716925654,285.7967178890085,0.01822496367160109
2023-03-26,BTCUSDT,27462.96,28194.4,27417.76,27968.05,49671.70353,0.01822496367160109,-0.023328289441776853,0.19753275618715763,64.94161634322245,232.19624456915903,-0.030610293346195108
2023-03-27,BTCUSDT,27968.05,28023.86,26508.14,27124.91,88039.46898,-0.030610293346195108,0.5723497995724475,0.42861588437325543,59.1372535692066,122.21095085790898,0.005007183266062188
2023-03-28,BTCUSDT,27124.9,27520.0,26631.78,27261.07,78602.44341,0.005007183266062188,-0.11338243947031208,0.5247709188224072,59.76270666461615,44.86844961814654,0.039117969089514086
2023-03-29,BTCUSDT,27261.06,28650.0,27240.1,28348.6,89486.16008,0.039117969089514086,0.1296811917525779,0.8870520157371888,64.44391067791344,52.652186574523284,-0.011354726247076305
2023-03-30,BTCUSDT,28348.6,29184.68,27686.0,28028.53,98865.43256,-0.011354726247076305,0.09967568107663283,1.2108748989674187,62.152129083469156,23.433615536294838,0.01546498944228887
2023-03-31,BTCUSDT,28028.53,28656.69,27511.71,28465.36,78198.12139,0.01546498944228887,-0.23451403430548837,1.0104023638478798,64.03213069606593,20.80458026975134,-0.00044379564413691034
2023-04-01,BTCUSDT,28465.36,28819.71,28220.27,28452.73,30238.44753,-0.00044379564413691034,-0.9501314124170989,0.39660144933212865,63.93324826946876,6.2482642466802645,-0.009920151427765776
2023-04-02,BTCUSDT,28452.74,28530.0,27856.43,28171.87,37365.65692,-0.009920151427765776,0.21163780668671897,0.5097616299920054,61.65317991072441,-32.152827169576085,-0.01328794166506373
2023-04-03,BTCUSDT,28171.87,28500.99,27200.24,27800.0,79180.01405,-0.01328794166506373,0.7509719007352226,1.1067588323628874,58.66971449451744,-89.22107597246145,0.01306073888880465
2023-04-04,BTCUSDT,27800.0,28444.44,27662.79,28165.47,49722.55691,0.01306073888880465,-0.46526522761489314,0.7075263919192077,60.68337842941933,-107.73925636026479,0.00016117729039769833
2023-04-05,BTCUSDT,28165.47,28775.0,27805.1,28170.01,60737.64732,0.00016117729039769833,0.20010503374185945,0.9181679400951016,60.70898790029385,-123.91239693171133,-0.0048462984303144436
2023-04-06,BTCUSDT,28170.01,28182.05,27711.0,28033.82,40118.94963,-0.0048462984303144436,-0.4147149432055963,0.6466211240670608,59.45784299057731,-146.46652763518478,-0.004558093631494347
2023-04-07,BTCUSDT,28033.83,28100.0,27766.94,27906.33,24762.09387,-0.004558093631494347,-0.4825347711625576,0.4615348115503685,58.24766643211624,-170.94877401385793,0.0011478259451552448
2023-04-08,BTCUSDT,27906.34,28154.99,27859.02,27938.38,19479.96735,0.0011478259451552448,-0.23992738874562464,0.4233127401480021,58.47647401181955,-184.7850292129417,0.013699657615021985
2023-04-09,BTCUSDT,27938.38,28530.0,27800.0,28323.76,32531.16101,0.013699657615021985,0.5128118081530101,0.731349855338928,61.227882044858674,-168.2534064104791,0.04533402443678367
2023-04-10,BTCUSDT,28323.76,29770.0,28170.0,29637.34,67754.0622,0.04533402443678367,0.733685986345982,1.5472375861597751,68.813338240048,-73.93536188179473,0.018820778757940998
2023-04-11,BTCUSDT,29637.35,30550.0,29590.0,30200.42,67990.07621,0.018820778757940998,0.003477339803924684,1.6127419524554896,71.39665281832,16.466754014254775,-0.010396427448109471
2023-04-12,BTCUSDT,30200.43,30486.0,29637.4,29888.07,62049.48451,-0.010396427448109471,-0.09142955247688174,1.386032186306538,68.03024644283438,43.76998491065774,0.01612230751029388
2023-04-13,BTCUSDT,29888.07,30595.0,29854.59,30373.84,51934.11731,0.01612230751029388,-0.17795626347840868,1.1552438247940415,70.37012027587285,80.92716983456353,0.003060121449609667
2023-04-14,BTCUSDT,30373.84,31000.0,29966.0,30466.93,75984.19452,0.003060121449609667,0.3805494113335416,1.6290590926057755,70.81100926651126,97.06841158919099,-0.005656179900882534
2023-04-15,BTCUSDT,30466.93,30595.6,30202.0,30295.09,25429.81247,-0.005656179900882534,-1.0946031467702768,0.4712677214474472,68.77656514835525,82.06266452672867,
