date,symbol,open,high,low,close,volume,log_ret_close,log_ret_vol,volatility,rsi,macd,target_log_ret_close_next_1d
2020-08-22,ETHUSDT,387.93,397.04,379.92,395.24,643235.76543,,,,,,-0.01152757850754229
2020-08-23,ETHUSDT,395.23,396.95,383.15,390.71,445317.81989,-0.01152757850754229,-0.3677230925305589,,,,0.04251695612452415
2020-08-24,ETHUSDT,390.72,410.42,387.44,407.68,717403.81877,0.04251695612452415,0.4768506589080708,,,,-0.06263034809115628
2020-08-25,ETHUSDT,407.68,409.06,370.0,382.93,970445.38395,-0.06263034809115628,0.30211623667423215,,,,0.007492815449008584
2020-08-26,ETHUSDT,382.91,392.91,377.37,385.81,738690.7794,0.007492815449008584,-0.2728757225693322,,,,-0.006605318653611077
2020-08-27,ETHUSDT,385.81,397.1,371.48,383.27,877763.73658,-0.006605318653611077,0.17249806243135352,,,,0.030424505497155314
2020-08-28,ETHUSDT,383.31,398.0,379.75,395.11,732601.46905,0.030424505497155314,-0.18077560909172682,,,,0.008919631803364098
2020-08-29,ETHUSDT,395.1,405.69,391.88,398.65,659802.63344,0.008919631803364098,-0.10466110554136082,0.9011131761213217,,,0.07323321005831106
2020-08-30,ETHUSDT,398.65,429.89,398.3,428.94,894979.71788,0.07323321005831106,0.30486030637488776,1.2183638243865635,,,0.011243497022514051
2020-08-31,ETHUSDT,428.94,439.0,418.04,433.79,1040748.68881,0.011243497022514051,0.1508945697917366,1.3028697992809641,,,0.09159600889676413
2020-09-01,ETHUSDT,433.8,488.84,429.03,475.4,1751354.57719,0.09159600889676413,0.5204491853852663,2.0725976110373696,,,-0.07851883780086184
2020-09-02,ETHUSDT,475.4,481.39,420.0,439.5,1880642.46853,-0.07851883780086184,0.071223924415965,1.9660412323622718,,,-0.14178902395891302
2020-09-03,ETHUSDT,439.5,450.7,372.0,381.4,2408569.34151,-0.14178902395891302,0.24741947996146935,2.151086365120237,,,0.01006973786769345
2020-09-04,ETHUSDT,381.35,400.21,357.0,385.26,1806488.22474,0.01006973786769345,-0.2876481836923755,1.3497517331916398,,,-0.13975804890820162
2020-09-05,ETHUSDT,385.3,395.0,308.42,335.01,2777166.51389,-0.13975804890820162,0.43004641500531693,1.8616237630112795,30.973301683015634,,0.05174094200682596
2020-09-06,ETHUSDT,335.04,360.0,316.1,352.8,2017811.14721,0.05174094200682596,-0.3194178349023389,1.1245807949996052,36.079474235814004,,0.0022367256879634143
2020-09-07,ETHUSDT,352.85,358.51,323.0,353.59,1740618.42462,0.0022367256879634143,-0.14777286688513924,0.8904862985299069,36.30480520403061,,-0.04689851855933938
2020-09-08,ETHUSDT,353.59,356.58,325.38,337.39,1400246.82962,-0.04689851855933938,-0.21759193857683762,0.6814966179297017,33.68264434428606,,0.03911925043703737
2020-09-09,ETHUSDT,337.41,359.0,330.51,350.85,879760.56255,0.03911925043703737,-0.4647540244963188,0.4388914290995584,37.70833054342013,,0.047533920985706406
2020-09-10,ETHUSDT,350.85,377.25,349.91,367.93,1134287.61137,0.047533920985706406,0.25411029523868306,0.6093331146205121,42.47988569784794,,0.015373300232695442
2020-09-11,ETHUSDT,367.93,375.27,355.49,373.63,844017.59966,0.015373300232695442,-0.2955867306206448,0.5025461530136539,44.02097215019877,,0.03717216558615946
2020-09-12,ETHUSDT,373.62,388.57,364.73,387.78,766542.31635,0.03717216558615946,-0.0962834430275584,0.49711335986731253,47.76255572682199,,-0.05665795203976063
2020-09-13,ETHUSDT,387.78,390.43,350.0,366.42,989195.69047,-0.05665795203976063,0.2550022750279859,0.7883576855657634,43.08143588112587,,0.02878322272472259
2020-09-14,ETHUSDT,366.43,384.64,355.73,377.12,1042059.62265,0.02878322272472259,0.05206226105342837,0.9406484436622555,45.9397344384272,,-0.0352447499700682
2020-09-15,ETHUSDT,377.12,382.47,362.34,364.06,883856.33005,-0.0352447499700682,-0.16465991324857762,0.8768278989894507,43.09510512196739,,0.0028799888249770216
2020-09-16,ETHUSDT,364.05,373.45,355.0,365.11,841709.98939,0.0028799888249770216,-0.04885900260228762,0.9009514422932389,43.39856094780513,,0.06430568748246898
2020-09-17,ETHUSDT,365.04,394.14,363.3,389.36,1256300.411,0.06430568748246898,0.40049097490221797,1.3525915669755728,50.02669191078993,,-0.01284670333560439
2020-09-18,ETHUSDT,389.35,392.58,375.33,384.39,804194.47219,-0.01284670333560439,-0.4460853783976296,0.849883998007575,48.76627981200226,,0.002234812010630659
2020-09-19,ETHUSDT,384.4,388.72,377.0,385.25,570908.33553,0.002234812010630659,-0.34261245721709077,0.6069933227039308,49.0056991170564,,-0.0375826006930036
2020-09-20,ETHUSDT,385.25,385.45,365.0,371.04,693164.40144,-0.0375826006930036,0.19403853902335197,0.7595460277369199,45.24351598805998,,-0.08630599252586497
2020-09-21,ETHUSDT,371.04,376.8,331.0,340.36,1283946.03098,-0.08630599252586497,0.6164262488493905,1.4752686573439477,38.39075002606566,,0.01124805525029054
2020-09-22,ETHUSDT,340.31,346.91,335.34,344.21,842731.12878,0.01124805525029054,-0.4210454899855892,0.9313298740874325,39.62654281171699,,-0.07068346789739553
2020-09-23,ETHUSDT,344.18,344.65,313.29,320.72,940904.49756,-0.07068346789739553,0.11019368262902887,1.0466198668772837,35.012047459274186,,0.08441749028802611
2020-09-24,ETHUSDT,320.72,353.1,316.67,348.97,1071705.09721,0.08441749028802611,0.1301645638358004,1.1736170972883653,43.52898975057193,-3.0540855496836574,0.00841791841818661
2020-09-25,ETHUSDT,348.97,358.0,337.58,351.92,860643.77924,0.00841791841818661,-0.21932551818619941,0.9705121356848923,44.34917267287489,-2.1654999473184215,0.005667021853450953
2020-09-26,ETHUSDT,351.93,356.4,345.88,353.92,530879.20755,0.005667021853450953,-0.48314617542179095,0.5932555096528537,44.933112847325155,-1.2880310372599393,0.01003649082095064
2020-09-27,ETHUSDT,353.95,362.14,347.24,357.49,569568.55041,0.01003649082095064,0.07034463081710798,0.6405842571675575,46.02188584474758,-0.3603988093176653,-0.0099234773157165
2020-09-28,ETHUSDT,357.58,368.2,351.7,353.96,757758.4304,-0.0099234773157165,0.28548549633728615,0.8695049321762235,45.07291336670891,0.09776280890312705,0.01633661551259001
2020-09-29,ETHUSDT,353.91,360.63,350.45,359.79,585143.16892,0.01633661551259001,-0.2585080909589889,0.7348155829945175,47.01608768689903,0.8347622671208459,0.00011116978416697862
2020-09-30,ETHUSDT,359.78,361.5,351.56,359.83,498943.23226,0.00011116978416697862,-0.1593642242121489,0.6569237541983072,47.029933926185535,1.3364902864622046,-0.019588660249067243
2020-10-01,ETHUSDT,359.83,370.45,345.51,352.85,758349.31959,-0.019588660249067243,0.4186517969987614,1.0889919339025478,44.82842039025047,1.2134071823339099,-0.020761000516938747
2020-10-02,ETHUSDT,352.83,354.55,334.24,345.6,733571.84211,-0.020761000516938747,-0.03321858623237668,1.125779713352053,42.597918297677076,0.6851604206749826,0.001012219014919437
2020-10-03,ETHUSDT,345.6,351.0,343.7,345.95,303595.71901,0.001012219014919437,-0.8822285923759074,0.47926648382155895,42.74602324891659,0.4141091217547288,0.01838750395991022
2020-10-04,ETHUSDT,345.94,354.45,343.81,352.37,343932.91712,0.01838750395991022,0.12474968532021799,0.572277235300509,45.52260177247826,0.704901294074439,0.0035411303452131263
2020-10-05,ETHUSDT,352.34,356.1,348.54,353.62,376740.30692,0.0035411303452131263,0.09110947904229032,0.6623931142797167,46.070987869879836,1.0010583286928583,-0.03707381967330129
2020-10-06,ETHUSDT,353.63,355.1,336.8,340.75,640063.26951,-0.03707381967330129,0.5300109210499117,1.2444718840873144,41.445086721450934,0.38166588640464916,0.00243284161440357
2020-10-07,ETHUSDT,340.8,342.85,332.18,341.58,541928.86376,0.00243284161440357,-0.16643228492626266,1.0378380302589731,41.8505937042965,0.09432644499836584,0.027061850985385043
2020-10-08,ETHUSDT,341.58,353.32,334.21,350.95,631794.8756,0.027061850985385043,0.15343003238989741,1.1958751204126257,46.366235246480244,0.5749620598880316,0.03930838342544397
2020-10-09,ETHUSDT,350.94,368.33,347.32,365.02,650478.19338,0.03930838342544397,0.02914299699078038,1.2748661440228881,52.35002152437619,1.810386413875218,0.014955277783952257
2020-10-10,ETHUSDT,365.01,378.4,364.71,370.52,591005.32129,0.014955277783952257,-0.09588275329096531,1.1858955872923616,54.48759405856079,2.903091125004855,0.009776089031804207
2020-10-11,ETHUSDT,370.51,377.6,368.87,374.16,373318.23779,0.009776089031804207,-0.459393780927889,0.6920727212117013,55.89767176532651,3.7237429557542496,0.03247422749635573
2020-10-12,ETHUSDT,374.17,394.8,365.58,386.51,844422.65444,0.03247422749635573,0.8162219043401806,1.553337037366479,60.38254416980183,4.8782220750106395,-0.01425338442138165
2020-10-13,ETHUSDT,386.51,387.75,374.51,381.04,645141.91394,-0.01425338442138165,-0.26918283044567326,1.0568643418347186,57.589137284222396,5.033068744173636,-0.006186428059725072
2020-10-14,ETHUSDT,381.05,387.41,373.13,378.69,569557.82936,-0.006186428059725072,-0.12460999238367773,0.9319356884538361,56.38234875217277,4.740887570805343,-0.0027765675685641512
2020-10-15,ETHUSDT,378.69,381.79,369.85,377.64,634038.09453,-0.0027765675685641512,0.10724871681830503,1.030784088584455,55.81951160340706,4.255992147227428,-0.03267508167448254
2020-10-16,ETHUSDT,377.63,379.83,361.18,365.5,654029.36404,-0.03267508167448254,0.03104321095139561,1.0627311216296274,49.6484566411104,2.9582880257291633,0.007685846343684527
2020-10-17,ETHUSDT,365.5,370.46,363.36,368.32,285578.24537,0.007685846343684527,-0.8286361937024426,0.46365336831711457,51.003501071643335,2.167128667400427,0.02623303304324833
2020-10-18,ETHUSDT,368.31,378.64,367.1,378.11,323468.47095,0.02623303304324833,0.12458559101316662,0.5652098094694488,55.482582688400996,2.174805426327004,0.0031422901180872343
2020-10-19,ETHUSDT,378.12,384.32,372.5,379.3,577252.90265,0.0031422901180872343,0.5791788297288124,1.0213672120885844,56.0090078482263,2.1289860288173306,-0.02883246445412198
2020-10-20,ETHUSDT,379.3,380.73,365.27,368.52,617309.81677,-0.02883246445412198,0.06709055539480153,1.1713446590284506,50.21598614445262,1.2832883796699153,0.05762563947773333
2020-10-21,ETHUSDT,368.53,401.49,367.74,390.38,1221663.63784,0.05762563947773333,0.6825978143643932,2.3357271823063783,59.38891368380856,2.060659080038945,0.05869703976117985
2020-10-22,ETHUSDT,390.31,420.73,390.21,413.98,1095897.20667,0.05869703976117985,-0.10864017281694846,1.7785009992860967,66.55382800607575,3.9209325973389806,-0.011833594941792215
2020-10-23,ETHUSDT,413.94,419.33,401.3,409.11,727832.3224,-0.011833594941792215,-0.40925797828090926,1.0669347119114059,64.04287348874301,4.5366045218430635,0.007379028915992946
2020-10-24,ETHUSDT,409.19,416.66,407.0,412.14,419236.87106,0.007379028915992946,-0.5516346103820158,0.6052086043047692,64.9294311098653,4.833729445083785,-0.01535482490502241
2020-10-25,ETHUSDT,412.14,417.4,402.5,405.86,415586.9761,-0.01535482490502241,-0.008744163762026485,0.5838464024312536,61.54255574092903,4.3104600024509026,-0.03342078121052994
2020-10-26,ETHUSDT,405.85,411.11,382.3,392.52,895142.67266,-0.03342078121052994,0.7672911952137766,1.2347331387151226,54.98175179503584,2.840036796998316,0.02746507295622274
2020-10-27,ETHUSDT,392.52,410.25,389.9,403.45,754261.74114,0.02746507295622274,-0.1712436718032296,0.9790757962365829,58.85232958891769,2.395419659130889,-0.0384546167928271
2020-10-28,ETHUSDT,403.41,409.2,380.52,388.23,855275.46882,-0.0384546167928271,0.1256841582400898,1.0827012951673536,52.13090065128464,0.9427739015432124,-0.002837393566833842
2020-10-29,ETHUSDT,388.22,393.72,380.52,387.13,573096.01416,-0.002837393566833842,-0.40037033614393963,0.7769689839682964,51.671583733451946,-0.1665779344492364,-0.012058044800868684
2020-10-30,ETHUSDT,387.12,391.97,373.29,382.49,771750.74746,-0.012058044800868684,0.297608365251355,1.164170739920101,49.68303908735376,-1.2281405998411863,0.010325860652868219
2020-10-31,ETHUSDT,382.59,394.88,379.9,386.46,467453.8105,0.010325860652868219,-0.5013610891298009,0.6985336984299937,51.40618394438232,-1.6518318035374175,0.026076330976647653
2020-11-01,ETHUSDT,386.44,398.29,384.61,396.67,438952.95565,0.026076330976647653,-0.0629082979736923,0.6492608366289291,55.61591698678683,-1.2515198586185523,-0.035017493625088485
2020-11-02,ETHUSDT,396.68,404.5,377.92,383.02,779968.57957,-0.035017493625088485,0.5748613914653238,1.1479933770860518,49.44831119985312,-1.8755607091535147,0.01260880629793201
2020-11-03,ETHUSDT,383.01,390.0,370.23,387.88,752954.37114,0.01260880629793201,-0.035249006401449075,1.135736683936992,51.510158829870235,-1.9233930547958362,0.03697423839314044
2020-11-04,ETHUSDT,387.88,408.39,376.47,402.49,1157064.35076,0.03697423839314044,0.4296367144131587,1.745777420980424,57.16612604592641,-0.9809555979309597,0.034672288230809624
2020-11-05,ETHUSDT,402.5,420.4,396.14,416.69,1475139.77342,0.034672288230809624,0.24286668164358055,2.0897541267034767,61.82669268721765,0.5088302117078101,0.08995288155332784
2020-11-06,ETHUSDT,416.73,458.27,414.76,455.91,1682440.96026,0.08995288155332784,0.1314929444938017,2.015490867071261,71.16024332696855,3.8591445528096013,-0.046466748394703127
2020-11-07,ETHUSDT,455.91,468.28,424.14,435.21,1653416.5961,-0.046466748394703127,-0.01740188009163064,1.7136451516627307,62.47747859756861,4.367222932097597,0.04292909954643718
2020-11-08,ETHUSDT,435.2,460.1,431.99,454.3,840908.46841,0.04292909954643718,-0.6761162728885315,0.7413609004410597,66.53309129650458,5.596559624423701,-0.022212749206868294
2020-11-09,ETHUSDT,454.29,459.1,433.09,444.32,1099213.24641,-0.022212749206868294,0.26786715491207574,0.9223916721233951,62.716666380964654,5.345588014841116,0.013457829473024563
2020-11-10,ETHUSDT,444.32,455.0,438.7,450.34,866872.41108,0.013457829473024563,-0.23745816778355297,0.7006131343425271,64.05602167062386,5.188843131140416,0.027918566613755066
2020-11-11,ETHUSDT,450.34,476.25,449.28,463.09,1205782.84262,0.027918566613755066,0.3299924923439525,0.9618719338679926,66.7781190339951,5.517041013961592,-0.001512728818530903
2020-11-12,ETHUSDT,463.09,470.0,451.2,462.39,990776.62912,-0.001512728818530903,-0.1963951874626814,0.7859943114338488,66.48044294290774,5.261064921796324,0.02991211696392684
2020-11-13,ETHUSDT,462.48,478.01,457.12,476.43,976665.09752,0.02991211696392684,-0.014345302741530732,0.8198007696695464,69.42444353584236,5.5810399226834235,-0.03316140497998663
2020-11-14,ETHUSDT,476.42,477.47,452.0,460.89,735252.7854,-0.03316140497998663,-0.28392944090866934,0.674222608419963,62.845140175778425,4.34478947775014,-0.02818761490910145
2020-11-15,ETHUSDT,460.9,462.89,440.19,448.08,665217.56671,-0.02818761490910145,-0.10010021066518911,0.693402239954371,57.96827572247504,2.362252931745818,0.027449639532667772
2020-11-16,ETHUSDT,448.07,466.0,445.45,460.55,812060.44638,0.027449639532667772,0.19946062361269573,0.8692070102527655,61.13041434041754,1.62381304632693,0.04583384152214885
2020-11-17,ETHUSDT,460.51,484.88,459.8,482.15,1151573.37456,0.04583384152214885,0.3493096593359789,1.2892201338472105,65.91398225608103,2.2828133568721682,-0.007787163528402725
2020-11-18,ETHUSDT,482.11,495.31,456.6,478.41,1477696.29116,-0.007787163528402725,0.24935515595127006,1.5822783962467422,64.43532143156249,2.160813629561563,-0.015079366665770106
2020-11-19,ETHUSDT,478.43,480.75,464.86,471.25,817418.52685,-0.015079366665770106,-0.5920883575736657,0.8403181334391234,61.58689235756641,1.3325122947027808,0.07925725339647866
2020-11-20,ETHUSDT,471.26,514.4,470.65,510.12,1516361.90736,0.07925725339647866,0.6179180264241805,1.5995658166764912,69.47572827794394,3.0394257207130977,0.07953591115958518
2020-11-21,ETHUSDT,510.12,553.32,502.82,552.35,1548851.29067,0.07953591115958518,0.021199569483812387,1.510952101045548,75.38928684987158,6.453383305629359,0.013808450404584349
2020-11-22,ETHUSDT,552.42,580.88,511.28,560.03,1850317.93581,0.013808450404584349,0.17784392813389535,1.6212210161018157,76.2889485386763,8.538708949669214,0.08313802089309089
2020-11-23,ETHUSDT,560.03,610.85,550.12,608.58,2076008.84846,0.08313802089309089,0.11508974603945592,1.5840003029252114,81.01395347616383,12.270724092276382,-0.005949504591442188
2020-11-24,ETHUSDT,608.58,623.0,585.0,604.97,1606450.49193,-0.005949504591442188,-0.2564201458078888,1.0773048121885924,79.74150982563584,13.482517103222595,-0.06042008713728028
2020-11-25,ETHUSDT,604.98,606.0,553.83,569.5,1219440.02727,-0.06042008713728028,-0.2756353224164665,0.7836222970295632,68.37752198249825,10.987199361891342,-0.09125694783968574
2020-11-26,ETHUSDT,569.38,577.14,481.0,519.83,2683460.74171,-0.09125694783968574,0.7887155236835933,1.7662897838883924,56.28179671118902,5.367892222981581,-0.002214712366867659
2020-11-27,ETHUSDT,519.83,530.62,493.72,518.68,1088064.28114,-0.002214712366867659,-0.9027070543991363,0.6092725566360687,56.03464504347431,1.169300953331856,0.035678845931211
2020-11-28,ETHUSDT,518.59,547.94,506.59,537.52,900508.61431,0.035678845931211,-0.18919577688947833,0.52213803430763,59.19595143509157,-0.6456660147906419,0.06966238983072606
2020-11-29,ETHUSDT,537.5,576.9,530.32,576.3,855276.46664,0.06966238983072606,-0.0515349612464547,0.5240549509629246,64.80566134940814,0.40251593834425137,0.06768946009239209
2020-11-30,ETHUSDT,576.32,616.85,570.07,616.66,1501989.45408,0.06768946009239209,0.563121041582933,1.0081230228745364,69.50459759655533,3.2902312304769907,-0.05226162559488984
2020-12-01,ETHUSDT,616.65,635.7,560.0,585.26,2163875.81376,-0.05226162559488984,0.3651104399151414,1.5369699191847501,62.51178603312122,2.5924969163986162,0.019676648869148508
2020-12-02,ETHUSDT,585.26,604.93,575.0,596.89,1069538.65619,0.019676648869148508,-0.7046735789234595,0.7190096154049558,63.95815807922327,2.4242138857375366,0.03127058557822175
2020-12-03,ETHUSDT,596.88,623.44,585.82,615.85,935687.91723,0.03127058557822175,-0.13370067292207147,0.6382147454219698,66.24465747284876,3.05886053885812,-0.08222093279434803
2020-12-04,ETHUSDT,615.84,620.0,565.82,567.24,1052452.78666,-0.08222093279434803,0.11759670715271175,0.8652049768378391,56.37073366499672,-0.15563256989159413,0.0507995542964057
2020-12-05,ETHUSDT,567.24,597.11,560.88,596.8,701567.95564,0.0507995542964057,-0.4055609395162881,0.5791702714829875,60.250732007671445,-0.6252013719593208,0.007910984729755429
2020-12-06,ETHUSDT,596.82,607.5,583.0,601.54,602496.96339,0.007910984729755429,-0.15223514141828892,0.509333404283478,60.85193689870294,-0.9322186796519674,-0.01720335514267521
2020-12-07,ETHUSDT,601.59,603.15,584.22,591.28,498329.37589,-0.01720335514267521,-0.1898213695682268,0.43453852741945365,58.77953851756166,-2.076397747550317,-0.06342967868240751
2020-12-08,ETHUSDT,591.27,595.0,549.22,554.94,804443.00717,-0.06342967868240751,0.47888886560753463,0.8017001083557209,52.02173010315352,-5.344945972707478,0.03218277264944643
2020-12-09,ETHUSDT,554.92,578.08,530.43,573.09,997192.16738,0.03218277264944643,0.21479337563081946,1.232293166030855,54.815832863963294,-6.284058216314591,-0.024911188536239134
2020-12-10,ETHUSDT,573.2,575.7,548.11,558.99,608414.51466,-0.024911188536239134,-0.49408707980448563,0.7615829759452906,52.26917499662836,-7.75769231805149,-0.02639220810912035
2020-12-11,ETHUSDT,558.99,560.8,535.5,544.43,768921.78317,-0.02639220810912035,0.23413283473871652,1.0223282082285463,49.70138207452918,-9.500778805720469,0.042452462978501596
2020-12-12,ETHUSDT,544.46,574.0,543.1,568.04,573913.95311,0.042452462978501596,-0.2925097743314194,0.8064851808598487,53.67553066097372,-8.863802930105567,0.03911643553637746
2020-12-13,ETHUSDT,568.09,595.0,563.22,590.7,657794.46158,0.03911643553637746,0.13641303650023706,0.9486680409169691,57.173002888947856,-6.808865783393177,-0.007493726603094527
2020-12-14,ETHUSDT,590.81,591.48,575.6,586.29,493012.02706,-0.007493726603094527,-0.2883589447043374,0.7030103233781818,56.282408685185,-5.684926560416766,0.0040002436463691185
2020-12-15,ETHUSDT,586.29,597.2,578.58,588.64,569270.52011,0.0040002436463691185,0.1438221825138658,0.8126313215737555,56.6697501676222,-4.759073045920001,0.0792373988673141
2020-12-16,ETHUSDT,588.78,640.0,580.71,637.18,1185588.05078,0.0792373988673141,0.7336384239459613,1.7776763029705525,63.80354227627073,-1.047325805199769,0.00862586215346231
2020-12-17,ETHUSDT,637.18,676.25,625.76,642.7,2006130.01975,0.00862586215346231,0.5259686059859884,2.8913228336466665,64.51894367681246,1.472940897583424,0.017199914975270656
2020-12-18,ETHUSDT,642.71,664.61,629.4,653.85,1000012.98018,0.017199914975270656,-0.6961945227722703,1.119185299289844,65.98152178794518,3.4702304539410136,0.006372555638657232
2020-12-19,ETHUSDT,653.76,669.95,645.42,658.03,858803.88459,0.006372555638657232,-0.15222766980683405,0.9269017667545487,66.53839382397629,4.582308373791989,-0.030630147776589726
2020-12-20,ETHUSDT,658.05,661.39,621.01,638.18,823958.22843,-0.030630147776589726,-0.04142075429946867,0.851873899534096,61.3983574370033,3.5372733578717046,-0.04913652142708068
2020-12-21,ETHUSDT,638.1,648.0,595.9,607.58,843251.16565,-0.04913652142708068,0.023145021299481445,0.8509368625361186,54.41936185004785,0.5008821588656751,0.046422006528945556
2020-12-22,ETHUSDT,607.68,637.73,588.0,636.45,918851.25654,0.046422006528945556,0.08585939938316431,0.8826603113386213,59.138478819710244,0.16961498281060372,-0.08333720601323273
2020-12-23,ETHUSDT,636.41,638.44,551.28,585.56,1208807.36518,-0.08333720601323273,0.2742652482539623,1.1080397620978122,49.424578072291645,-3.539250742810303,0.04467003591079995
2020-12-24,ETHUSDT,585.48,615.02,565.43,612.31,886335.86333,0.04467003591079995,-0.31029354688456273,0.809987072017994,53.72712861780296,-4.207834847231172,0.023420727863460878
2020-12-25,ETHUSDT,612.31,634.24,604.28,626.82,798009.62915,0.023420727863460878,-0.10497529304261996,0.8541360376051147,55.91780385220658,-3.7073187463441,0.016800736878707048
2020-12-26,ETHUSDT,626.78,652.91,615.26,637.44,958585.50647,0.016800736878707048,0.18333810315389298,1.058706237196284,57.50359337943822,-2.740072149991125,0.07211925435543146
2020-12-27,ETHUSDT,637.44,717.13,625.0,685.11,1859968.15029,0.07211925435543146,0.6628558759257273,2.0223957011083544,63.79880764374749,0.8396970371013204,0.06402661100357473
2020-12-28,ETHUSDT,685.1,748.09,681.04,730.41,1627154.39266,0.06402661100357473,-0.13372664626877373,1.5239994553281098,68.56440861823346,5.716125652371979,0.0021744936461266283
2020-12-29,ETHUSDT,730.4,740.78,689.2,732.0,1106876.35855,0.0021744936461266283,-0.385290760881155,0.9382906979956283,68.72005691072786,8.347146538743281,0.02718184826973824
2020-12-30,ETHUSDT,732.0,758.74,716.62,752.17,1008574.09906,0.02718184826973824,-0.09300440668903927,0.8359268671724855,70.70184175764786,10.599574257313584,-0.02116175408829565
2020-12-31,ETHUSDT,752.17,755.74,722.0,736.42,863375.57981,-0.02116175408829565,-0.15544303025057538,0.7329605393471582,67.12551241129655,10.18014207177071,-0.010250340545636229
2021-01-01,ETHUSDT,736.42,749.0,714.29,728.91,675114.09329,-0.010250340545636229,-0.2459680952857388,0.5747368230879646,65.42608821897123,8.610682135947755,0.06074485859426622
2021-01-02,ETHUSDT,728.91,787.69,714.91,774.56,1352618.57668,0.06074485859426622,0.6949159754141074,1.1689804083080597,70.34139307656625,9.775602291431746,0.23350080143632587
2021-01-03,ETHUSDT,774.44,1011.07,768.71,978.28,2813603.88615,0.23350080143632587,0.7324237832613744,2.3188093151319524,82.38015114645407,22.658689419546803,0.06255412006085227
2021-01-04,ETHUSDT,978.33,1162.97,890.0,1041.43,4245010.94004,0.06255412006085227,0.41127821354029964,3.1453455646386974,84.48280817194245,33.18865113252185,0.05431533107655984
2021-01-05,ETHUSDT,1041.45,1134.6,974.45,1099.56,2706995.67525,0.05431533107655984,-0.44990498390540085,1.5705509476520083,86.12428001850603,41.2957131083017,0.09440362142142147
2021-01-06,ETHUSDT,1100.16,1213.0,1057.26,1208.42,2390136.59334,0.09440362142142147,-0.12448889667819024,1.224339378357134,88.56403316586957,50.60251168515288,0.013520994711918555
2021-01-07,ETHUSDT,1208.75,1289.0,1131.0,1224.87,1972922.82059,0.013520994711918555,-0.1918344078552876,0.9178302992806396,88.88215482403827,54.16068048728465,-0.006503422053272033
2021-01-08,ETHUSDT,1224.86,1273.75,1065.0,1216.93,2131172.92341,-0.006503422053272033,0.07715638794668495,0.9233621398742867,87.61526337564294,52.24923846096257,0.047398891059545104
2021-01-09,ETHUSDT,1216.72,1304.37,1171.36,1276.0,1448871.11514,0.047398891059545104,-0.38588778449773675,0.5758478367525276,88.88461119165969,51.16708634989888,-0.017192400540372875
2021-01-10,ETHUSDT,1276.0,1348.33,1170.0,1254.25,1951179.35003,-0.017192400540372875,0.29764927271904396,0.7712731418978401,85.41327855785563,45.38708156396493,-0.1431069766534545
2021-01-11,ETHUSDT,1254.24,1260.0,915.0,1087.01,4099450.90046,-0.1431069766534545,0.7424190533760917,1.703411094961914,64.54096139697315,27.577272887257465,-0.03448827421575572
2021-01-12,ETHUSDT,1087.0,1150.02,1006.33,1050.16,2302645.34052,-0.03448827421575572,-0.5767944279504813,0.9651385288992658,61.00357442259276,11.419366789955916,0.07317774934014597
2021-01-13,ETHUSDT,1050.36,1137.65,987.48,1129.89,1564202.39081,0.07317774934014597,-0.38668257043407767,0.6718926153134627,65.41973101266231,4.5577015650978865,0.0862100931218444
2021-01-14,ETHUSDT,1129.79,1247.55,1086.7,1231.62,1555737.38556,0.0862100931218444,-0.005426403474651827,0.7039333264733856,70.07612257858189,5.276040530618332,-0.05258382736684979
2021-01-15,ETHUSDT,1231.89,1256.98,1069.42,1168.53,1944038.83738,-0.05258382736684979,0.22281804774982525,0.9040083276781392,64.29399456869339,0.17727024398277536,0.04950183505149615
2021-01-16,ETHUSDT,1168.48,1298.0,1151.77,1227.83,1575384.43797,0.04950183505149615,-0.2102683538217551,0.7417999531477232,67.04632365595128,-0.490025622126808,0.003755674500836476
2021-01-17,ETHUSDT,1227.83,1269.02,1165.0,1232.45,1317285.00579,0.003755674500836476,-0.1789265254366546,0.6150348354458143,67.25807940483017,-1.8332114114563183,0.02087674680638684
2021-01-18,ETHUSDT,1232.5,1260.75,1182.58,1258.45,998050.11073,0.02087674680638684,-0.2775245974353165,0.4865572246345177,68.48540318441572,-2.161019979861436,0.08153732516148945
2021-01-19,ETHUSDT,1258.52,1438.3,1251.49,1365.36,2278852.55758,0.08153732516148945,0.8256238448460159,1.417027728668565,72.97183635191925,3.333187070667435,0.008481827427658765
2021-01-20,ETHUSDT,1365.36,1407.93,1235.42,1376.99,2219137.62144,0.008481827427658765,-0.02655339046340157,1.3828186411599694,73.41520886799842,6.100361291507369,-0.21467545114703554
2021-01-21,ETHUSDT,1376.72,1390.0,1086.0,1110.96,2310208.57298,-0.21467545114703554,0.040219150187310385,1.3602623639460425,52.28634670096581,-10.720292172063296,0.10391747886940719
2021-01-22,ETHUSDT,1111.98,1273.79,1042.31,1232.62,2020593.21673,0.10391747886940719,-0.13394667184246825,1.118737677914843,58.20969766145429,-14.170546299744927,0.0007947385485328255
2021-01-23,ETHUSDT,1232.61,1272.44,1195.9,1233.6,1009545.08258,0.0007947385485328255,-0.6938913238490445,0.5555885982853377,58.254654503981826,-16.72884325681514,0.1211711502951343
2021-01-24,ETHUSDT,1233.46,1398.83,1220.0,1392.51,1510879.53817,0.1211711502951343,0.403192140763526,0.8702025709714647,64.85662514603118,-8.477116521149853,-0.055083489227751255
2021-01-25,ETHUSDT,1392.19,1475.0,1293.69,1317.88,1885441.31289,-0.055083489227751255,0.2214699548795747,1.0689077599664651,60.0532250571944,-8.767101655335182,0.03584041408047057
2021-01-26,ETHUSDT,1317.6,1378.49,1244.56,1365.97,1682923.65799,0.03584041408047057,-0.11362935823418402,0.8901224113862747,62.00592840658425,-6.543979107394819,-0.09753598354584739
2021-01-27,ETHUSDT,1366.54,1373.9,1207.0,1239.03,2009772.08358,-0.09753598354584739,0.17748877087955642,1.1131186199154623,54.440935455063446,-14.017319754692338,0.07061701692996554
2021-01-28,ETHUSDT,1238.93,1360.0,1217.23,1329.69,1365269.71962,0.07061701692996554,-0.3866693184795216,0.7688960150141938,58.349336670738516,-13.257778861358176,0.03677528231630388
2021-01-29,ETHUSDT,1329.44,1436.9,1285.35,1379.5,2253963.18682,0.03677528231630388,0.5013380771977578,1.3738382932879742,60.36134053533801,-9.954578111640288,-0.0010516582717556365
2021-01-30,ETHUSDT,1379.56,1406.0,1326.41,1378.05,1040042.2363,-0.0010516582717556365,-0.7734287589506487,0.6213025500123464,60.27006703488898,-8.47882483457522,-0.0486976464073162
2021-01-31,ETHUSDT,1378.04,1380.74,1281.12,1312.55,958704.85571,-0.0486976464073162,-0.08143333817762398,0.5712263655971126,56.14036211548792,-12.294038065811677,0.04587810249698651
2021-02-01,ETHUSDT,1312.45,1377.99,1269.99,1374.17,1096397.91862,0.04587810249698651,0.13420220109024428,0.6854863515691124,58.987439722897406,-11.085004795392848,0.09549738273185211
2021-02-02,ETHUSDT,1374.09,1547.9,1360.28,1511.87,1944227.99878,0.09549738273185211,0.5728347954159546,1.307725537251411,64.52869723130544,-1.9097378439920476,0.096171474979772
2021-02-03,ETHUSDT,1511.93,1669.35,1508.39,1664.49,1535869.88801,0.096171474979772,-0.2357680596734368,1.0077529326992745,69.45473307947869,12.734139615059846,-0.042225059473644654
2021-02-04,ETHUSDT,1664.67,1695.2,1554.44,1595.67,1646502.32962,-0.042225059473644654,0.06955631491477188,1.1305648793610379,65.06672631971577,15.877172785635082,0.07455953893923797
2021-02-05,ETHUSDT,1595.53,1760.49,1591.0,1719.19,1194123.29946,0.07455953893923797,-0.32124096220722315,0.7979281940647294,68.86839489018021,23.885438742443824,-0.025234438863582294
2021-02-06,ETHUSDT,1718.95,1743.67,1642.94,1676.35,1149808.33101,-0.025234438863582294,-0.03781701572082012,0.8547972281492541,66.17842001919473,23.852185520825756,-0.03937892652140006
2021-02-07,ETHUSDT,1676.35,1693.0,1490.46,1611.62,1281734.86814,-0.03937892652140006,0.1086192661894308,0.9418946278920267,62.22362140305254,17.32907444053872,0.08246161426252417
2021-02-08,ETHUSDT,1611.46,1775.57,1563.89,1750.15,1339777.09536,0.08246161426252417,0.04428872739253265,0.9522549519542114,66.79673214805018,20.012280327253535,0.010786401775912181
2021-02-09,ETHUSDT,1749.68,1821.88,1708.49,1769.13,1185071.89593,0.010786401775912181,-0.1226998089618675,0.821984468892,67.37939913194181,20.65015550218243,-0.016154611680890132
2021-02-10,ETHUSDT,1769.14,1837.86,1680.0,1740.78,1219932.25474,-0.016154611680890132,0.02899188388420996,0.9149928779588877,65.52962458359812,16.905062630919304,0.025432405216073647
2021-02-11,ETHUSDT,1740.76,1819.0,1703.44,1785.62,735079.82699,0.025432405216073647,-0.5065715058188179,0.5706540178833456,67.06950551810229,15.241419014824942,0.030141172127228267
2021-02-12,ETHUSDT,1785.83,1864.88,1739.88,1840.26,909600.20653,0.030141172127228267,0.2130260680270907,0.7855381885314558,68.89309747109422,15.560273243350082,-0.013843437079733154
2021-02-13,ETHUSDT,1840.24,1871.72,1765.0,1814.96,767589.07285,-0.013843437079733154,-0.16975064093413497,0.6870119464300724,67.04182743145545,11.967954792150664,-0.008043457889004254
2021-02-14,ETHUSDT,1815.25,1850.0,1784.11,1800.42,675261.77873,-0.008043457889004254,-0.12815409252761423,0.6354306934495505,65.94508396553282,6.771905019381421,-0.011828043820220503
2021-02-15,ETHUSDT,1800.03,1835.72,1655.67,1779.25,1053474.57879,-0.011828043820220503,0.44474866668065444,1.0793303804037941,64.295846229109,0.4045073863790094,0.0015387901633503094
2021-02-16,ETHUSDT,1779.33,1827.28,1724.0,1781.99,817493.47513,0.0015387901633503094,-0.25360618146385283,0.8741897221143394,64.41987507274033,-4.83832049936774,0.037390054760958566
2021-02-17,ETHUSDT,1781.99,1855.0,1733.01,1849.88,795711.63311,0.037390054760958566,-0.027006071000745133,0.9015203466853344,67.43811282354994,-4.93270384410738,0.04736614981642389
2021-02-18,ETHUSDT,1849.7,1950.5,1849.69,1939.61,937227.10191,0.04736614981642389,0.16368877392681466,1.1401372318812288,70.94616458367918,-0.39017375397486376,0.007903271499352892
2021-02-19,ETHUSDT,1938.91,1972.82,1891.0,1955.0,793404.4115,0.007903271499352892,-0.16659255586146113,0.9324206206399507,71.51304069530728,2.0772410683985925,-0.021717502979213217
2021-02-20,ETHUSDT,1955.46,2042.34,1803.14,1913.0,1261315.81279,-0.021717502979213217,0.46357768260118964,1.5118091948281034,67.63466918345918,-0.5525622986678513,0.010674657390529932
2021-02-21,ETHUSDT,1912.9,1976.31,1883.01,1933.53,756568.19743,0.010674657390529932,-0.5111180731290929,0.8361336227962376,68.53301517989817,-2.2475667195341487,-0.08409445913382413
2021-02-22,ETHUSDT,1933.54,1936.29,1551.0,1777.58,1807244.98099,-0.08409445913382413,0.8707661769395106,1.9719921922108565,55.85130022653313,-14.52522098973526,-0.11916437721265055
2021-02-23,ETHUSDT,1777.42,1782.39,1355.0,1577.89,2547837.82068,-0.11916437721265055,0.34344151028828057,2.487787737852592,44.496914030544986,-35.55053893939527,0.028428043912497793
2021-02-24,ETHUSDT,1577.79,1712.7,1500.2,1623.39,1384388.81727,0.028428043912497793,-0.6099863309557709,1.0889295648964448,47.134128979530125,-45.22806124249041,-0.0912927337288582
2021-02-25,ETHUSDT,1623.16,1671.59,1459.16,1481.75,1032670.79409,-0.0912927337288582,-0.29311030489594575,0.7618787262260108,40.65776685483118,-59.12544707374728,-0.025398277406601846
2021-02-26,ETHUSDT,1482.08,1562.25,1400.0,1444.59,1355973.29378,-0.025398277406601846,0.27237104429390646,0.9904399812687341,39.1383645425185,-68.13680931309963,0.009329248569763962
2021-02-27,ETHUSDT,1444.56,1529.0,1425.0,1458.13,927423.0475,0.009329248569763962,-0.37986495006928994,0.6398542788842465,40.017950336081114,-70.22246299725637,-0.02707555282154277
2021-02-28,ETHUSDT,1458.27,1468.75,1293.18,1419.18,1410207.56284,-0.02707555282154277,0.4190823568415713,1.0060482410589173,38.30304039673838,-71.04762129585981,0.10090720338220756
2021-03-01,ETHUSDT,1418.67,1572.0,1409.91,1569.86,1094695.17839,0.10090720338220756,-0.2532609526288739,0.7321853613222997,47.64937236123285,-58.77579385499657,-0.05437373576751944
2021-03-02,ETHUSDT,1570.0,1602.9,1455.52,1486.78,1061142.38743,-0.05437373576751944,-0.03112989682819817,0.7615961291181589,43.71701066743778,-53.722394126797845,0.052990490658437174
2021-03-03,ETHUSDT,1486.79,1656.94,1475.47,1567.69,1054846.31471,0.052990490658437174,-0.005950968730973302,0.893234529379484,48.200462907099116,-42.87036971621643,-0.018320906916699742
2021-03-04,ETHUSDT,1567.68,1624.87,1506.36,1539.23,946365.67088,-0.018320906916699742,-0.10852132340462221,0.8346471296832263,46.788599078849856,-35.83478839183849,-0.007119741635654105
2021-03-05,ETHUSDT,1539.22,1548.96,1441.66,1528.31,910786.28976,-0.007119741635654105,-0.03832075752164068,0.8120985169494515,46.22906169572326,-30.359059901135403,0.07682483688188557
2021-03-06,ETHUSDT,1528.08,1671.58,1513.03,1650.35,1013300.93928,0.07682483688188557,0.10666025629352613,0.9578203643760606,52.99458236336484,-17.593672663185846,0.044911901618905486
2021-03-07,ETHUSDT,1650.68,1734.16,1630.35,1726.16,848470.78136,0.044911901618905486,-0.1775328889633895,0.7928210475119637,56.64390879245261,-3.8386422988931974,0.060152875459970855
2021-03-08,ETHUSDT,1726.46,1843.59,1664.96,1833.18,1149711.39987,0.060152875459970855,0.3038305847856304,1.1613904145804015,61.220952575717405,11.816114113637656,0.020158957246936827
2021-03-09,ETHUSDT,1833.22,1870.77,1798.2,1870.51,857229.47855,0.020158957246936827,-0.29356058087046233,0.8591166161598908,62.70012908465684,23.36654950431945,-0.04113924888249015
2021-03-10,ETHUSDT,1870.5,1877.69,1757.0,1795.12,937230.62831,-0.04113924888249015,0.0892237343976172,0.9675407961913505,57.897050005750394,24.49219892463444,0.016935420913125228
2021-03-11,ETHUSDT,1795.28,1846.7,1725.0,1825.78,909011.4961,0.016935420913125228,-0.030571645682578558,0.9549736711176112,59.26375684264402,25.736826629979923,-0.033233567266347144
2021-03-12,ETHUSDT,1825.78,1841.88,1719.72,1766.1,869564.6361,-0.033233567266347144,-0.04436507295044911,0.9186825202714427,55.48800617548136,21.166834995223816,0.08477467022646717
2021-03-13,ETHUSDT,1766.13,1944.3,1727.75,1922.35,926283.22642,0.08477467022646717,0.06318737982356518,0.9847313419340351,62.26628710783413,26.923823768618995,-0.03939031163708202
2021-03-14,ETHUSDT,1922.35,1933.1,1836.0,1848.1,637963.63627,-0.03939031163708202,-0.3728987626668954,0.6873019349138946,57.764695233103396,24.080436580042388,-0.03000021776153359
2021-03-15,ETHUSDT,1848.1,1891.76,1730.0,1793.48,1025326.79658,-0.03000021776153359,0.474485381411604,1.1416086930266272,54.635531815176975,17.193411965174995,0.0064692050214343365
2021-03-16,ETHUSDT,1793.99,1819.5,1711.68,1805.12,764993.40147,0.0064692050214343365,-0.29289945843010473,0.8689425257537614,55.19259127630576,12.322314101183586,0.010174530410139519
2021-03-17,ETHUSDT,1805.01,1838.88,1741.18,1823.58,658349.44843,0.010174530410139519,-0.15013134126456018,0.759170073328538,56.11300892356003,9.377262489640103,-0.026392913379087828
2021-03-18,ETHUSDT,1823.58,1850.0,1759.04,1776.08,603721.61056,-0.026392913379087828,-0.0866226849809341,0.729699843479437,53.09095478575469,3.5630180439060553,0.018420795444552582
2021-03-19,ETHUSDT,1775.92,1840.61,1733.47,1809.1,500258.42875,0.018420795444552582,-0.18798835961706878,0.6382937629362583,54.908967859371266,1.3856888683846762,-0.0016596595975975677
2021-03-20,ETHUSDT,1809.01,1868.83,1800.86,1806.1,451556.10639,-0.0016596595975975677,-0.10242519061626253,0.6177363006623535,54.70153916954918,-0.6998235972176445,-0.012883702679304781
2021-03-21,ETHUSDT,1806.57,1817.16,1747.0,1782.98,465953.98749,-0.012883702679304781,0.031387258177657314,0.7026193168307215,53.038627876627935,-3.9008774747090413,-0.058915114020876964
2021-03-22,ETHUSDT,1783.23,1807.51,1655.15,1680.97,582727.49081,-0.058915114020876964,0.2236327614024493,0.9125160255392774,46.34432041051402,-12.659011173539021,-0.007697743330170708
2021-03-23,ETHUSDT,1681.17,1721.17,1650.0,1668.08,577213.99589,-0.007697743330170708,-0.009506576851791803,1.0032122416072555,45.56177621410083,-18.724816358685686,-0.05308453798669118
2021-03-24,ETHUSDT,1668.2,1740.86,1536.92,1581.84,753834.52393,-0.05308453798669118,0.26695980512891343,1.3742558686604367,40.619901442852246,-27.423490656357117,0.002462448917272808
2021-03-25,ETHUSDT,1581.88,1622.0,1549.4,1585.74,701697.00258,0.002462448917272808,-0.07167118904376027,1.2481694600945064,40.93192290313986,-31.501369527114107,0.0688944898645591
2021-03-26,ETHUSDT,1585.83,1699.93,1585.79,1698.84,515470.92907,0.0688944898645591,-0.3084207823843777,0.8946393295383196,49.25887924724787,-25.4285673130713,0.008084535469532356
2021-03-27,ETHUSDT,1698.84,1732.67,1666.41,1712.63,443845.49957,0.008084535469532356,-0.14960438027638578,0.7674333138624302,50.18105630679973,-19.591636518492756,-0.015072469453262603
2021-03-28,ETHUSDT,1712.52,1725.66,1661.4,1687.01,348895.51314,-0.015072469453262603,-0.24070403984096195,0.6044107067641538,48.42037031888225,-16.678927745816285,0.07408595493625687
2021-03-29,ETHUSDT,1687.16,1841.0,1677.85,1816.74,647724.46387,0.07408595493625687,0.6186929077548339,1.1555645519714146,56.7042431143942,-5.799664967552966,0.012971854211305785
2021-03-30,ETHUSDT,1816.76,1859.13,1786.3,1840.46,568842.00526,0.012971854211305785,-0.12986267117535408,0.9982982119526089,58.031448489704154,2.7504786599499464,0.04198146681880179
2021-03-31,ETHUSDT,1840.41,1947.29,1768.15,1919.37,746995.8591,0.04198146681880179,0.27245691707163816,1.3137095090362159,62.18447731374554,12.908390837762429,0.025046197616483582
2021-04-01,ETHUSDT,1919.37,1984.77,1885.02,1968.05,741585.07266,0.025046197616483582,-0.007269756254766218,1.3064384142977141,64.51719468211238,21.5828978427149,0.08080967041185695
2021-04-02,ETHUSDT,1968.05,2146.0,1948.48,2133.69,846197.93215,0.08080967041185695,0.13196340910435359,1.4759170608205,71.05908930363404,36.2878254026688,-0.06045474277576091
2021-04-03,ETHUSDT,2133.69,2138.12,1996.3,2008.52,770176.32192,-0.06045474277576091,-0.09413381645341841,1.2410513567978383,61.78839568611786,35.36012502722417,0.03289549607977363
2021-04-04,ETHUSDT,2008.59,2091.83,1975.24,2075.69,514345.76554,0.03289549607977363,-0.403723743240119,0.770899092991453,64.4674341001415,36.87692448396947,0.015151841243722527
2021-04-05,ETHUSDT,2075.7,2130.64,2002.15,2107.38,684923.61494,0.015151841243722527,0.2864115861079023,0.9914385337065922,65.68962951700493,37.49807526120032,0.0022893229482022137
2021-04-06,ETHUSDT,2107.43,2151.0,2044.65,2112.21,673386.05575,0.0022893229482022137,-0.016988521727291768,0.9672969414680794,65.88225069269967,35.725680898821196,-0.07302147663878487
2021-04-07,ETHUSDT,2112.22,2129.01,1930.01,1963.47,892984.90422,-0.07302147663878487,0.282250876884127,1.255802191886405,55.54130953918838,22.664065969019134,0.057875707028077115
2021-04-08,ETHUSDT,1963.46,2084.61,1947.35,2080.46,501355.998,0.057875707028077115,-0.5772532525683609,0.6849660812652064,60.75856568752039,20.117909549473637,-0.006553637468456162
2021-04-09,ETHUSDT,2080.39,2100.0,2047.57,2066.87,426387.4379,-0.006553637468456162,-0.16196801201362615,0.6111991725288615,59.87950453026141,15.916949206100497,0.03172375086109794
2021-04-10,ETHUSDT,2067.19,2200.0,2058.0,2133.49,655458.20894,0.03172375086109794,0.4299861351110944,1.0279255485679046,62.72646852257244,15.981547973015381,0.008341063797419682
2021-04-11,ETHUSDT,2133.49,2165.02,2113.4,2151.36,392265.50773,0.008341063797419682,-0.5133956205403506,0.6313999366723126,63.475169674383544,15.5687938868642,-0.0063743935312508965
2021-04-12,ETHUSDT,2151.42,2203.46,2102.0,2137.69,579093.35694,-0.0063743935312508965,0.38952477666034674,0.9590447155384821,62.44190226830515,12.830187984191497,0.07283108022698058
2021-04-13,ETHUSDT,2137.86,2318.0,2135.53,2299.19,782608.6209,0.07283108022698058,0.30116902261863127,1.3293742899809187,68.88589286236618,19.92704304615505,0.05640375720793445
2021-04-14,ETHUSDT,2299.19,2447.29,2281.33,2432.6,972931.60866,0.05640375720793445,0.2176810651361582,1.609993679867428,73.00608712340643,30.978489688297387,0.03293037673824547
2021-04-15,ETHUSDT,2432.59,2543.47,2400.0,2514.04,681950.96645,0.03293037673824547,-0.3553560320107486,1.1075510885112216,75.16785312590574,40.5420523921871,-0.0370207831812446
2021-04-16,ETHUSDT,2514.04,2548.29,2300.0,2422.67,999163.75205,-0.0370207831812446,0.3819609226238748,1.5574749927138878,68.53631690575824,37.55096648615982,-0.04433807028619631
2021-04-17,ETHUSDT,2422.38,2495.0,2310.0,2317.6,624232.25568,-0.04433807028619631,-0.47039617744790785,0.8629702644863908,61.785891989088846,25.887779478423994,-0.036004626931238994
2021-04-18,ETHUSDT,2317.65,2340.0,1946.8,2235.64,1475383.69204,-0.036004626931238994,0.8601508614086797,2.052301438340268,57.06435734636908,10.816313766937725,-0.03390093471144763
2021-04-19,ETHUSDT,2235.65,2300.0,2080.0,2161.12,820592.26555,-0.03390093471144763,-0.5866470105383635,0.9392974190041273,53.09174286102928,-5.151173017902579,0.07525453720088406
2021-04-20,ETHUSDT,2161.12,2346.62,2055.0,2330.03,992240.809,0.07525453720088406,0.18993947422950502,1.092627839663424,59.905189452787184,-5.296351942009551,0.011533936687040168
2021-04-21,ETHUSDT,2330.26,2469.54,2235.16,2357.06,1177885.8617,0.011533936687040168,0.17151063908763403,1.255647128816701,60.88432706142186,-4.55918299398364,0.01719495572334584
2021-04-22,ETHUSDT,2357.06,2644.47,2303.44,2397.94,2220753.09746,0.01719495572334584,0.6341251825085672,2.2957080972070734,62.38062032650058,-2.413353163846921,-0.012821952956106254
2021-04-23,ETHUSDT,2397.94,2442.89,2107.0,2367.39,2532242.44185,-0.012821952956106254,0.13125887937593275,2.132991594170059,60.51753745356303,-4.05008513507579,-0.0672808775731172
2021-04-24,ETHUSDT,2367.39,2368.74,2154.8,2213.35,997688.94623,-0.0672808775731172,-0.9314189792000069,0.7094979365005251,52.07256171232514,-15.843465710070134,0.04727116536137015
2021-04-25,ETHUSDT,2214.08,2356.64,2168.0,2320.49,857517.38218,0.04727116536137015,-0.1514001010073117,0.5875253745019825,56.60809814389861,-16.680600466490034,0.08746807276063732
2021-04-26,ETHUSDT,2320.44,2542.8,2303.64,2532.6,1076469.01367,0.08746807276063732,0.22740008246280338,0.7850135707519846,63.89308834227097,-3.8697299808086,0.05138153972385659
2021-04-27,ETHUSDT,2532.06,2680.0,2480.29,2666.13,771728.46451,0.05138153972385659,-0.3328087738173209,0.5481694801964071,67.58284383397714,11.817906659603636,0.030332724032828818
2021-04-28,ETHUSDT,2666.13,2760.0,2559.44,2748.24,999383.1852,0.030332724032828818,0.25850551562965074,0.7261236454658266,69.63753324693154,25.177833085000103,0.003196933669113188
2021-04-29,ETHUSDT,2748.23,2798.0,2668.0,2757.04,863890.01069,0.003196933669113188,-0.14569281561534506,0.6395271945966083,69.85803605242533,31.642588114388047,0.005562944541741023
2021-04-30,ETHUSDT,2757.04,2798.3,2723.09,2772.42,695339.20482,0.005562944541741023,-0.21704566726901522,0.6009905972268458,70.26448950102883,33.79449052225522,0.06031013057980837
2021-05-01,ETHUSDT,2772.42,2954.28,2743.41,2944.77,690260.07741,0.06031013057980837,-0.007331340633277292,0.7716077988168193,74.42621896114119,43.070808390357655,0.0016252911032897802
2021-05-02,ETHUSDT,2944.83,2985.0,2852.26,2949.56,571982.5445,0.0016252911032897802,-0.18795997605022485,0.6724022310708186,74.53289990518418,45.53483710110038,0.15120741553197212
2021-05-03,ETHUSDT,2949.33,3454.0,2949.32,3431.04,1329088.0628,0.15120741553197212,0.843139844665193,1.6411237042322504,82.45540688270268,73.91734554808818,-0.0575956946599089
2021-05-04,ETHUSDT,3431.04,3527.0,3160.0,3239.01,1826039.38558,-0.0575956946599089,0.31765631127226124,2.158558709527059,72.73662581084382,73.90688963641804,0.08440275759095238
2021-05-05,ETHUSDT,3239.01,3549.34,3200.23,3524.26,1174816.73588,0.08440275759095238,-0.44103718529329156,1.1788614987705295,77.06171325221865,86.39126767962165,-0.009846115823277535
2021-05-06,ETHUSDT,3524.33,3605.4,3376.47,3489.73,920592.57706,-0.009846115823277535,-0.2438498767537587,0.9011009875364726,75.50029396700269,85.4481981442895,-0.002927142130709903
2021-05-07,ETHUSDT,3489.74,3587.0,3353.23,3479.53,760544.64781,-0.002927142130709903,-0.19098274972568632,0.7385855920151061,75.01675947886474,77.49643189572737,0.11670664075614831
2021-05-08,ETHUSDT,3479.79,3958.33,3449.27,3910.26,1130467.54852,0.11670664075614831,0.39635176741315364,1.0879857415768805,80.65192028563312,93.53108751766854,0.00349493157185186
2021-05-09,ETHUSDT,3910.26,3983.65,3726.08,3923.95,1000401.0082,0.00349493157185186,-0.12223037908379907,0.9078600450971258,80.80015105643372,96.93170974374863,0.005573197073655093
2021-05-10,ETHUSDT,3923.95,4208.0,3650.0,3945.88,1505897.92612,0.005573197073655093,0.40898842112218925,1.2946880694494067,81.05059807914314,92.54022893893364,0.056071035288974565
2021-05-11,ETHUSDT,3946.63,4180.22,3771.64,4173.45,1095927.10403,0.056071035288974565,-0.317788673547548,0.9221915148108585,83.46147915269736,96.40756407958952,-0.08765264799631596
2021-05-12,ETHUSDT,4173.46,4372.72,3701.58,3823.21,1601842.74017,-0.08765264799631596,0.3795540037474674,1.4775886099370448,68.92684518022814,68.15441628620573,-0.027928701444750428
2021-05-13,ETHUSDT,3810.15,4034.77,3500.0,3717.91,2068708.17427,-0.027928701444750428,0.2557696629235144,1.8065802113958886,65.24783140187695,36.726009634931756,0.09171151823394462
2021-05-14,ETHUSDT,3717.92,4173.28,3691.35,4075.01,1153390.42631,0.09171151823394462,-0.5842185403060874,0.8810474414882541,70.91709838539394,34.38052300058064,-0.11105603605137421
2021-05-15,ETHUSDT,4075.02,4134.05,3632.0,3646.68,1039174.88082,-0.11105603605137421,-0.10427878732639233,0.7611700374486927,58.57402305713185,0.18393362946051184,-0.017867944012732465
2021-05-16,ETHUSDT,3646.24,3879.0,3343.06,3582.1,1324065.65875,-0.017867944012732465,0.24228003305527637,0.9791996270960343,56.96419815584092,-28.970412164918287,-0.08734084696477265
2021-05-17,ETHUSDT,3581.81,3587.06,3102.0,3282.51,1904012.43998,-0.08734084696477265,0.3632564224646511,1.3615361805092525,50.0869857316227,-68.36781813242663,0.027807691201481986
2021-05-18,ETHUSDT,3282.25,3565.71,3240.0,3375.07,1287110.84143,0.027807691201481986,-0.3915634211679955,0.8844280454429321,52.01451531713598,-86.93817770044916,-0.32486074648231034
2021-05-19,ETHUSDT,3375.08,3441.73,1888.0,2438.92,4309836.31939,-0.32486074648231034,1.2084998776720637,2.9069153166720945,36.61385127582763,-156.93277839069668,0.1267936827452267
2021-05-20,ETHUSDT,2438.92,2990.05,2155.0,2768.62,2942777.9301,0.1267936827452267,-0.3815459170331954,1.574123128202756,43.013353318691,-174.34859324469483,-0.130054532879971
2021-05-21,ETHUSDT,2767.87,2938.54,2101.0,2430.98,2727031.93514,-0.130054532879971,-0.07614019490435653,1.3673867957269887,38.70386434901233,-200.08678202494931,-0.057618271205140875
2021-05-22,ETHUSDT,2430.98,2485.0,2145.0,2294.87,1684318.01157,-0.057618271205140875,-0.4818530735506828,0.758994366344044,37.09059423312623,-216.3748231260002,-0.0904593791755005
2021-05-23,ETHUSDT,2295.45,2381.57,1728.74,2096.39,2914548.73125,-0.0904593791755005,0.5483542576750016,1.260995612489766,34.81187126574903,-229.37299441455875,0.23375019374596437
2021-05-24,ETHUSDT,2096.63,2675.0,2079.94,2648.43,2186632.92245,0.23375019374596437,-0.28735211627919205,0.8613811941472477,44.943412321902706,-191.2085329225202,0.02117556530759306
2021-05-25,ETHUSDT,2647.92,2750.0,2378.54,2705.11,2115349.50445,0.02117556530759306,-0.03314283318553544,0.8202545966600179,45.873577959010895,-154.15388354838583,0.06436152561075188
2021-05-26,ETHUSDT,2705.1,2910.0,2643.0,2884.94,1583799.59251,0.06436152561075188,-0.2893932836690101,0.5871984256501876,48.82753595823116,-111.5268156773401,-0.050732644515115596
2021-05-27,ETHUSDT,2884.82,2889.74,2633.68,2742.23,1099029.91206,-0.050732644515115596,-0.3653988729317515,0.47622823901619393,46.65163649674412,-87.97120229907168,-0.1282737206263049
2021-05-28,ETHUSDT,2742.23,2762.45,2327.38,2412.1,1554584.61362,-0.1282737206263049,0.34678048786481586,0.7604159284843114,41.99003135373993,-89.36423368642178,-0.05687507874505124
2021-05-29,ETHUSDT,2412.34,2574.27,2204.1,2278.74,1379427.18851,-0.05687507874505124,-0.11954004823155152,0.7349518051183803,40.24074892267554,-93.56048639559374,0.0459872827806308
2021-05-30,ETHUSDT,2278.74,2476.42,2180.53,2385.98,1151113.19883,0.0459872827806308,-0.1809388590605031,0.6278780121032028,42.321608518958676,-83.7259962325025,0.12591701917386455
2021-05-31,ETHUSDT,2385.82,2720.0,2271.44,2706.15,1307958.04068,0.12591701917386455,0.12773770038076115,0.827078450459627,48.12887569321636,-51.8333248446736,-0.026806979763833352
2021-06-01,ETHUSDT,2706.15,2740.0,2523.74,2634.57,1179577.10806,-0.026806979763833352,-0.10331118228660097,0.8102077755801856,46.9897861204536,-32.66931050589827,0.026832846435921022
2021-06-02,ETHUSDT,2634.31,2802.99,2550.0,2706.22,970070.53563,0.026832846435921022,-0.19554248422718054,0.733672015534826,48.308588538724365,-13.272917153506768,0.054306796538697875
2021-06-03,ETHUSDT,2706.21,2891.95,2662.4,2857.25,1024290.89423,0.054306796538697875,0.054387055655882914,0.8296962382613917,51.07178197354062,10.348433689011145,-0.06050060290809493
2021-06-04,ETHUSDT,2857.25,2860.0,2552.0,2689.51,1188314.11191,-0.06050060290809493,0.14853502728479073,0.9709557406994672,48.00264570362436,15.01289292290869,-0.023238665269225783
2021-06-05,ETHUSDT,2689.54,2816.87,2552.23,2627.73,961824.12413,-0.023238665269225783,-0.21145925813683958,0.8209941754109598,46.88509833545988,14.27892333020074,0.0315365154997358
2021-06-06,ETHUSDT,2627.63,2745.0,2614.0,2711.92,673792.69369,0.0315365154997358,-0.3559091233283571,0.605995009688528,48.6398838930647,19.48271886566488,-0.045207802690552336
2021-06-07,ETHUSDT,2711.92,2847.55,2570.0,2592.05,1152128.07856,-0.045207802690552336,0.5364435269079593,1.1038991189874825,46.294716857126055,15.068361453131644,-0.03327051034015327
2021-06-08,ETHUSDT,2592.05,2620.99,2304.91,2507.23,1693747.42759,-0.03327051034015327,0.3853327514793748,1.6582148338518847,44.65407132792922,7.05940529036701,0.0402406263865517
2021-06-09,ETHUSDT,2507.43,2626.63,2405.28,2610.18,1276718.24011,0.0402406263865517,-0.2826505762171564,1.166079323591003,47.10435308316756,9.184219908546552,-0.05475983562962982
2021-06-10,ETHUSDT,2610.2,2624.46,2425.11,2471.09,741237.49926,-0.05475983562962982,-0.5437271038786418,0.6509575399292282,44.25376286126504,2.081939389707827,-0.04853909192677941
2021-06-11,ETHUSDT,2471.01,2497.99,2321.37,2354.01,587364.27358,-0.04853909192677941,-0.23267589013039489,0.5348175218396758,41.95231486023895,-9.031510702091595,0.007081885780932287
2021-06-12,ETHUSDT,2354.09,2454.53,2256.22,2370.74,767439.4984,0.007081885780932287,0.26741445127328123,0.758038485203456,42.413178011577955,-13.51647251981855,0.0568136425416618
2021-06-13,ETHUSDT,2370.64,2548.41,2308.41,2509.33,715948.75986,0.0568136425416618,-0.06945104694944615,0.7271227975134937,46.222177631193475,-5.804089905187183,0.028072018778686522
2021-06-14,ETHUSDT,2509.33,2609.17,2461.0,2580.77,684183.55622,0.028072018778686522,-0.04538236129042545,0.6906376860246519,48.12686857803867,4.8769286266352765,-0.014530992500364865
2021-06-15,ETHUSDT,2580.58,2640.0,2507.7,2543.54,599826.64933,-0.014530992500364865,-0.1315855429799929,0.6492996407756186,47.188880637996874,9.912532964426376,-0.07155754827824162
2021-06-16,ETHUSDT,2543.55,2556.19,2351.18,2367.89,624741.78358,-0.07155754827824162,0.04069772240793697,0.8139627088179836,42.93699925202076,2.2894926615512077,0.0022737013530689876
2021-06-17,ETHUSDT,2368.02,2460.5,2306.0,2373.28,560667.58566,0.0022737013530689876,-0.10821022712432184,0.8313678406490819,43.10640577561953,-1.3197968535820905,-0.060438978275987466
2021-06-18,ETHUSDT,2373.28,2378.0,2139.0,2234.09,778905.20197,-0.060438978275987466,0.32876115554281776,1.2009096320000665,39.818884537121406,-11.447889964543492,-0.03156606142284994
2021-06-19,ETHUSDT,2234.09,2278.82,2161.67,2164.67,496872.24997,-0.03156606142284994,-0.4495563957727548,0.7350626980224929,38.25198209955846,-20.652261040943074,0.03575584948671751
2021-06-20,ETHUSDT,2165.34,2280.01,2040.68,2243.47,743883.64741,0.03575584948671751,0.40355168397173796,1.1672305234952332,41.085969363378354,-19.289027888732875,-0.17383604031182356
2021-06-21,ETHUSDT,2243.49,2260.16,1865.54,1885.49,1629819.66576,-0.17383604031182356,0.7843400184638467,2.5414418872090425,33.55218889998193,-39.204003674971204,-0.0032990093058491046
2021-06-22,ETHUSDT,1885.27,1998.0,1700.48,1879.28,1695338.08052,-0.0032990093058491046,0.03941280428217216,2.183621895307721,33.43764482671729,-48.87327920209853,0.046200209547868486
2021-06-23,ETHUSDT,1879.29,2045.0,1821.95,1968.14,918612.30494,0.046200209547868486,-0.6127732903385245,0.9846954689787989,36.764341487271906,-45.435331509666696,0.010804469300155899
2021-06-24,ETHUSDT,1967.95,2036.61,1884.79,1989.52,701231.67478,0.010804469300155899,-0.27002584284652037,0.7193069609909817,37.57277558655698,-38.165112774585054,-0.09521870463650212
2021-06-25,ETHUSDT,1989.53,2019.99,1791.22,1808.82,858808.54767,-0.09521870463650212,0.20270769471979944,0.8631659542524792,33.65639160730257,-41.6833051652099,0.011444527214784062
2021-06-26,ETHUSDT,1808.97,1852.8,1717.32,1829.64,832315.14904,0.011444527214784062,-0.03133486499005538,0.8270496581071363,34.50349682467625,-38.82349488784541,0.08012847118323362
2021-06-27,ETHUSDT,1829.84,1984.5,1804.26,1982.28,696055.79307,0.08012847118323362,-0.1787813344256856,0.6602147104692887,40.50162432014472,-23.61506103850195,0.05023814421215937
2021-06-28,ETHUSDT,1982.27,2145.0,1960.52,2084.41,1044244.68308,0.05023814421215937,0.40561929216985193,0.9969356411743282,44.1847784228177,-4.6336070984517335,0.038086933196143376
2021-06-29,ETHUSDT,2084.42,2245.0,2073.57,2165.33,831257.23277,0.038086933196143376,-0.22810981873942854,0.8624781747068582,46.985051285488105,14.37465183629169,0.049706134058565464
2021-06-30,ETHUSDT,2165.46,2287.78,2087.99,2275.68,910583.6032,0.049706134058565464,0.0911464231405975,1.0835627226147113,50.62313242252014,34.248658386317686,-0.07729383221470298
2021-07-01,ETHUSDT,2275.68,2275.93,2073.12,2106.41,787865.25137,-0.07729383221470298,-0.144758641713416,0.938813494435558,45.468720656299595,35.700715728744626,0.02240185311990071
2021-07-02,ETHUSDT,2106.41,2160.0,2018.5,2154.13,672282.37476,0.02240185311990071,-0.15864862163674062,0.7894436823063334,47.103876187214965,39.29655867414715,0.03326396817441365
2021-07-03,ETHUSDT,2153.95,2240.0,2112.01,2226.99,569264.801,0.03326396817441365,-0.16633274731516162,0.6900652489355468,49.589349464920865,45.5623961367005,0.04207509883646496
2021-07-04,ETHUSDT,2226.99,2389.93,2189.58,2322.69,590656.25069,0.04207509883646496,0.036888502585241185,0.7501684552916336,52.73107627362979,54.527018407097046,-0.05584715432301095
2021-07-05,ETHUSDT,2322.69,2324.64,2157.32,2196.53,781806.31605,-0.05584715432301095,0.2803728241132838,1.0122989491343952,48.44473155073819,50.43038139893085,0.05576534927301046
2021-07-06,ETHUSDT,2196.85,2350.0,2193.0,2322.5,785330.17152,0.05576534927301046,0.004497197834458814,1.0687431775971572,52.58884053932631,54.33735913306444,-0.0025565482865500294
2021-07-07,ETHUSDT,2322.51,2409.0,2291.9,2316.57,666501.35572,-0.0025565482865500294,-0.16406205631194773,0.9152025911286307,52.37540939438216,54.51464161275783,-0.0904041869515329
2021-07-08,ETHUSDT,2316.25,2325.6,2084.79,2116.33,880265.04124,-0.0904041869515329,0.27818087164774485,1.2695154232915669,45.639639664115975,39.82026977081779,0.014383404756169537
2021-07-09,ETHUSDT,2116.32,2189.4,2046.51,2146.99,738611.36304,0.014383404756169537,-0.1754511584874461,1.045323172654488,46.7684854638312,31.21967649103013,-0.01705195297545401
2021-07-10,ETHUSDT,2146.99,2194.82,2074.16,2110.69,499071.85904,-0.01705195297545401,-0.3920217953896944,0.6969672035059996,45.56212952451662,22.545016142378998,0.014001179053283616
2021-07-11,ETHUSDT,2110.68,2174.0,2081.02,2140.45,342294.40302,0.014001179053283616,-0.3770788971688923,0.4848124895374402,46.774274964224816,18.443082239173116,-0.05220227186284738
2021-07-12,ETHUSDT,2140.54,2167.83,2006.68,2031.58,540630.10742,-0.05220227186284738,0.457064130585457,0.8062435215757783,43.00200880824302,8.533196586753093,-0.04604852576506507
2021-07-13,ETHUSDT,2031.57,2047.35,1918.0,1940.15,647388.24969,-0.04604852576506507,0.18021086643504486,1.0177450469397338,40.07870392607974,-3.403976946271726,0.02766821218840126
2021-07-14,ETHUSDT,1940.44,2019.18,1865.0,1994.58,690505.60937,0.02766821218840126,0.06447790512396655,1.1202330142036219,42.58120206003146,-6.669846089462375,-0.038363556727093254
2021-07-15,ETHUSDT,1994.41,2042.88,1881.0,1919.51,645271.32563,-0.038363556727093254,-0.06775320821671936,1.041056056171019,40.09414210886627,-12.578692911087032,-0.022789511403690434
2021-07-16,ETHUSDT,1919.54,1965.0,1850.0,1876.26,577068.89724,-0.022789511403690434,-0.1117092228930311,0.9843337733770832,38.69199419527217,-17.775007976041323,0.012357639681334047
2021-07-17,ETHUSDT,1876.47,1919.19,1844.45,1899.59,430300.51578,0.012357639681334047,-0.293477826845708,0.7640607639725056,39.91269420099705,-17.96282962206793,-0.004193895729117328
2021-07-18,ETHUSDT,1899.5,1993.79,1877.1,1891.64,534837.63654,-0.004193895729117328,0.21747937923694788,0.9665426563824252,39.62317451621943,-16.956854304708656,-0.039305722370065674
2021-07-19,ETHUSDT,1891.65,1919.0,1805.0,1818.73,547419.93771,-0.039305722370065674,0.02325300077160499,0.9424341753812506,36.974241484919254,-19.362312407436676,-0.018143175687965012
2021-07-20,ETHUSDT,1818.73,1841.34,1706.0,1786.03,786257.272,-0.018143175687965012,0.3620678384340008,1.3513581522504592,35.817690897210525,-21.16965391017338,0.11089936588098752
2021-07-21,ETHUSDT,1786.03,2035.23,1747.55,1995.5,1115949.82033,0.11089936588098752,0.3501771211298519,1.854766654292566,47.209223852572585,-7.004390117250324,0.01445774749165598
2021-07-22,ETHUSDT,1995.5,2046.0,1947.62,2024.56,768854.3659,0.01445774749165598,-0.37255960764191703,1.1606336477126193,48.57291861190736,4.932246391767123,0.04806640590320617
2021-07-23,ETHUSDT,2024.27,2130.9,1993.22,2124.25,708160.91322,0.04806640590320617,-0.08223022399724458,1.0412625084142362,53.053204687475684,19.342484292982363,0.028082606624002943
2021-07-24,ETHUSDT,2124.26,2199.5,2105.58,2184.75,633075.18592,0.028082606624002943,-0.1120821542136483,0.9059127522863627,55.58226253200386,32.00261946333376,0.0023042432941544413
2021-07-25,ETHUSDT,2184.9,2197.41,2105.93,2189.79,535630.27,0.0023042432941544413,-0.16714506393873044,0.7359645333365422,55.79589891644074,39.28989086304355,0.01733457924346726
2021-07-26,ETHUSDT,2189.82,2433.65,2171.57,2228.08,1393738.163,0.01733457924346726,0.9563006139807615,1.9147205629146735,57.46952536040695,44.85993224569859,0.03154713115377506
2021-07-27,ETHUSDT,2227.81,2319.26,2150.5,2299.49,906359.23478,0.03154713115377506,-0.4303090084227768,1.0678006225430579,60.47508442442336,51.07305251442349,0.0006129915264366464
2021-07-28,ETHUSDT,2299.47,2345.0,2243.15,2300.9,718202.57727,0.0006129915264366464,-0.23268406353629603,0.8293649773045998,60.534389058517334,52.77989785431448,0.03502627568090282
2021-07-29,ETHUSDT,2300.9,2400.0,2266.12,2382.92,499364.83496,0.03502627568090282,-0.3634147095095357,0.6171506114892819,63.9252240621541,56.596867533575875,0.03257022532996052
2021-07-30,ETHUSDT,2382.93,2471.7,2315.92,2461.81,762577.28797,0.03257022532996052,0.42336690382803394,0.9895282534322285,66.87338858239318,61.20758541379521,0.02773738465118003
2021-07-31,ETHUSDT,2461.77,2553.86,2420.68,2531.05,507601.05026,0.02773738465118003,-0.40700805970876514,0.6520905765145136,69.24875474962863,65.31876291476621,0.009688009499400239
2021-08-01,ETHUSDT,2531.1,2697.61,2511.24,2555.69,853495.94078,0.009688009499400239,0.5196449813454224,1.1222882347809726,70.07120771881554,65.90618098615212,0.01985103789973777
2021-08-02,ETHUSDT,2555.5,2666.0,2507.0,2606.93,726701.84952,0.01985103789973777,-0.16082450354003514,0.9017208266280067,71.7625332302759,65.80151782730664,-0.03827307394071198
2021-08-03,ETHUSDT,2606.92,2632.44,2442.32,2509.04,792960.84375,-0.03827307394071198,0.08725756033769372,1.115880185971877,64.28803489933713,55.60145500239298,0.0824874810472735
2021-08-04,ETHUSDT,2508.51,2772.71,2457.68,2724.78,954590.7536,0.0824874810472735,0.1855088753223106,1.3746691452096087,71.36645634401191,59.49690233543234,0.03682485047539158
2021-08-05,ETHUSDT,2724.55,2843.98,2529.91,2826.99,1307720.20654,0.03682485047539158,0.3147578813885645,1.7958634582025004,73.99616407187457,64.64211172531861,0.02259052414762768
2021-08-06,ETHUSDT,2827.01,2946.75,2720.06,2891.58,825399.48637,0.02259052414762768,-0.4601731047240008,0.9783509736284585,75.52583113427234,67.75277442105153,0.08886705851891687
2021-08-07,ETHUSDT,2891.54,3171.0,2865.5,3160.31,1205277.10095,0.08886705851891687,0.37859728374459417,1.4135849760030317,80.6309268437268,82.2984721998273,-0.04811561615229547
2021-08-08,ETHUSDT,3160.48,3189.99,2949.03,3011.85,966349.70579,-0.04811561615229547,-0.22093899580625276,1.0147464151465297,71.72927936443025,76.4372528885182,0.048182063122100834
2021-08-09,ETHUSDT,3011.84,3186.0,2893.23,3160.52,1129584.61614,0.048182063122100834,0.1560794648134852,1.1664098503259475,74.73709119004529,76.88055458347219,-0.005985248375036194
2021-08-10,ETHUSDT,3160.51,3233.0,3051.22,3141.66,880675.74443,-0.005985248375036194,-0.24891574359778385,0.8583724431660498,73.6663464613541,70.38556974430657,0.005978920282418204
2021-08-11,ETHUSDT,3141.14,3274.0,3120.27,3160.5,732546.60433,0.005978920282418204,-0.1841625416661978,0.705379651352594,74.06605391888726,62.127782135166626,-0.03691412051983386
2021-08-12,ETHUSDT,3160.4,3239.0,2979.29,3045.96,737628.45808,-0.03691412051983386,0.006913290967753303,0.7326512998493006,67.37084558074389,44.54438899014511,0.08684721165506971
2021-08-13,ETHUSDT,3046.11,3327.83,3033.8,3322.32,579333.40323,0.08684721165506971,-0.24156211568638664,0.6260683583102562,73.57708244935063,46.882436599489125,-0.01796728302571902
2021-08-14,ETHUSDT,3322.33,3330.98,3200.0,3263.16,486102.53787,-0.01796728302571902,-0.17545855288913478,0.5460602994130741,70.48632407454586,40.0653358916511,0.013372597588089221
2021-08-15,ETHUSDT,3263.16,3320.0,3111.13,3307.09,565579.67765,0.013372597588089221,0.15143159841391746,0.7182327583322725,71.4455352651233,34.35497522521072,-0.049768390285118105
2021-08-16,ETHUSDT,3307.35,3335.0,3135.22,3146.53,635667.05422,-0.049768390285118105,0.11682374328007375,0.8705295899760755,63.34251251771218,16.50926830575051,-0.043788914213628044
2021-08-17,ETHUSDT,3147.18,3290.0,2991.89,3011.72,804996.06971,-0.043788914213628044,0.23616246844656916,1.2203425297528896,57.45085008551421,-6.401460217672536,0.0009392211792826106
2021-08-18,ETHUSDT,3011.73,3125.81,2950.0,3014.55,625103.25568,0.0009392211792826106,-0.2529205498799356,0.9634222010528346,57.540133379679816,-22.48737443872193,0.054725390405797096
2021-08-19,ETHUSDT,3014.18,3188.0,2958.33,3184.12,634769.92174,0.054725390405797096,0.015345760088666578,1.0020248454283163,62.60368657389591,-22.760166529456228,0.031135900200595323
2021-08-20,ETHUSDT,3184.11,3300.0,3177.16,3284.82,558127.4554,0.031135900200595323,-0.12867525427356283,0.9019612969823998,65.25371346897818,-17.450547291522696,-0.01886584590860062
2021-08-21,ETHUSDT,3284.81,3309.16,3207.0,3223.43,421156.09084,-0.01886584590860062,-0.2815838239366234,0.6839573098879154,62.35282857580783,-19.224751597286172,0.004509845249292537
2021-08-22,ETHUSDT,3223.36,3272.0,3126.42,3238.0,406479.07654,0.004509845249292537,-0.035471071620560665,0.6702204395283968,62.77578672244852,-20.454545701083333,0.025394395539343882
2021-08-23,ETHUSDT,3238.0,3377.89,3230.02,3321.28,602103.44614,0.025394395539343882,0.39289681255151704,1.0314282438055709,65.18355825222251,-16.847114470112672,-0.04642309843336153
2021-08-24,ETHUSDT,3321.28,3357.85,3147.31,3170.62,540480.07853,-0.04642309843336153,-0.10797148907212144,0.9335326032091963,57.888571466685704,-25.28801790986779,0.017585474802417882
2021-08-25,ETHUSDT,3170.63,3248.0,3080.0,3226.87,483697.69444,0.017585474802417882,-0.11099766560678659,0.8937929857575481,59.701915052624685,-27.57594867139045,-0.042306473411100186
2021-08-26,ETHUSDT,3226.88,3250.0,3053.3,3093.2,442298.47372,-0.042306473411100186,-0.08947517922109782,0.8489847622375389,53.775885641481715,-37.944777797129035,0.056638320858238035
2021-08-27,ETHUSDT,3093.06,3280.0,3060.18,3273.45,451027.80711,0.056638320858238035,0.019544060076869978,0.9139785120608329,59.59944938128988,-32.71488145841175,-0.008889383828903476
2021-08-28,ETHUSDT,3273.89,3287.0,3210.31,3244.48,262360.34921,-0.008889383828903476,-0.5418100567068403,0.5486672545138259,58.32755252775987,-31.25953379572178,-0.006496671711105125
2021-08-29,ETHUSDT,3244.75,3285.0,3152.34,3223.47,335806.7827,-0.006496671711105125,0.24681700561124462,0.7372390175167506,57.37131303616549,-31.667056442669463,0.001912256843651099
2021-08-30,ETHUSDT,3223.47,3347.95,3143.0,3229.64,625347.27541,0.001912256843651099,0.6217711930117027,1.404024166195924,57.591196584115885,-31.414087369566886,0.0599563219078398
2021-08-31,ETHUSDT,3229.14,3476.0,3188.77,3429.2,863071.13092,0.0599563219078398,0.3221899744560823,1.9234200598380977,64.05013392669142,-18.34709887378156,0.10970717328448963
2021-09-01,ETHUSDT,3429.19,3842.0,3382.22,3826.82,845759.95868,0.10970717328448963,-0.020261527976916917,1.7092919070892565,72.9048712267316,14.748018863504484,-0.010771663031670611
2021-09-02,ETHUSDT,3826.82,3836.8,3717.04,3785.82,525165.7996,-0.010771663031670611,-0.47652156106401794,0.9609189733893134,70.96391260993516,30.63616181923277,0.03943840471242703
2021-09-03,ETHUSDT,3785.82,4027.88,3705.05,3938.11,655903.75739,0.03943840471242703,0.22230004538876433,1.1746911518592387,73.75851688366406,47.17191385819936,-0.013444089791113096
2021-09-04,ETHUSDT,3938.11,3970.0,3832.5,3885.52,364478.1193,-0.013444089791113096,-0.5875475465936046,0.6202502790655228,71.20970446258855,50.064265981806244,0.016532170943003768
2021-09-05,ETHUSDT,3885.61,3980.0,3830.0,3950.29,365759.8597,0.016532170943003768,0.0035104767299099695,0.6073535955700577,72.47142963292859,51.6291119138495,-0.005971788941050193
2021-09-06,ETHUSDT,3950.28,3970.0,3864.3,3926.77,397768.5783,-0.005971788941050193,0.08389337759081061,0.6558448462740518,71.25032301424378,46.52773614553729,-0.1339254691106614
2021-09-07,ETHUSDT,3926.67,3947.15,3005.0,3434.57,1203536.00209,-0.1339254691106614,1.1071487966544467,2.0968010427103554,51.64074555958811,7.499415508684535,0.018585477497661956
2021-09-08,ETHUSDT,3434.84,3560.0,3215.16,3499.0,780611.7657,0.018585477497661956,-0.43294124399740797,1.2537438901025388,53.44692532821662,-15.241994312691332,-0.021396179836424688
2021-09-09,ETHUSDT,3499.01,3567.06,3390.4,3424.93,628553.8831,-0.021396179836424688,-0.21665617005789983,1.024842240365142,51.08475303340226,-35.38694853415711,-0.06516529967132847
2021-09-10,ETHUSDT,3424.94,3514.11,3150.0,3208.86,633026.2659,-0.06516529967132847,0.007090158384650131,1.0078633038327363,44.856691510603376,-61.82991714741158,0.01802067583050709
2021-09-11,ETHUSDT,3208.85,3348.37,3200.0,3267.21,413524.1761,0.01802067583050709,-0.42579593585237174,0.661830124770495,46.744916486233116,-73.18040886605468,0.04107649122685121
2021-09-12,ETHUSDT,3267.1,3474.16,3231.1,3404.21,408858.9595,0.04107649122685121,-0.011345725471000198,0.6471071075109563,50.98841501493691,-69.29016471139187,-0.03553970977302178
2021-09-13,ETHUSDT,3404.3,3430.3,3108.49,3285.35,647855.7199,-0.03553970977302178,0.46029776281304324,1.0154752063031582,47.45537741255991,-72.22171676342268,0.044360311577683144
2021-09-14,ETHUSDT,3285.09,3437.05,3269.95,3434.37,373634.9026,0.044360311577683144,-0.5503888927178158,0.5545934576061444,51.95066655706201,-62.01527802999634,0.05085716590548916
2021-09-15,ETHUSDT,3434.37,3616.16,3357.78,3613.55,428507.5278,0.05085716590548916,0.13702918131019223,0.7718739072257502,56.74268588761469,-42.04315347739721,-0.012691059324419891
2021-09-16,ETHUSDT,3613.55,3676.28,3481.14,3567.98,467985.4919,-0.012691059324419891,0.08812898954529996,0.9269762852951727,55.233955900041146,-31.244253109322173,-0.048280061613189144
2021-09-17,ETHUSDT,3567.97,3594.17,3350.07,3399.81,398888.3705,-0.048280061613189144,-0.15975569066036693,0.8277181334427142,49.95514575311185,-34.51388175800071,0.010483677933386986
2021-09-18,ETHUSDT,3399.89,3541.96,3368.88,3435.64,315162.7627,0.010483677933386986,-0.23559239220041492,0.702758850326228,51.02901571484147,-33.33252496834194,-0.031645421956531194
2021-09-19,ETHUSDT,3435.64,3456.53,3277.74,3328.62,312948.0013,-0.031645421956531194,-0.007052165655591005,0.7203921610144787,47.73424536714711,-38.4636871203375,-0.1115476716565549
2021-09-20,ETHUSDT,3328.57,3347.82,2913.39,2977.28,917939.57849,-0.1115476716565549,1.0760945231089225,2.18187253938041,38.8628832165046,-62.78669495287799,-0.07364405272892738
2021-09-21,ETHUSDT,2977.32,3105.83,2652.0,2765.9,971519.88941,-0.07364405272892738,0.05673017167921109,2.115240521369965,34.68614494344291,-88.78870378154028,0.10656301735282846
2021-09-22,ETHUSDT,2766.72,3088.88,2737.54,3076.92,677457.64825,0.10656301735282846,-0.36051470250342244,1.24370933800052,44.190440738275846,-80.93929464346215,0.02426669220503795
2021-09-23,ETHUSDT,3076.92,3174.5,3033.85,3152.5,459293.8858,0.02426669220503795,-0.3886567597451675,0.7915152567382481,46.237803880699865,-67.12470527673202,-0.07369519820941212
2021-09-24,ETHUSDT,3152.41,3158.52,2733.0,2928.53,932090.8856,-0.07369519820941212,0.7077400474227148,1.6097453572724447,41.39195493576338,-69.2590305248813,-0.002324684052454036
2021-09-25,ETHUSDT,2928.22,2967.52,2801.57,2921.73,491974.0226,-0.002324684052454036,-0.6390044111644761,0.7508740315889687,41.25060139091087,-67.2608042239931,0.04603310581959574
2021-09-26,ETHUSDT,2921.84,3115.51,2738.17,3059.37,703594.478,0.04603310581959574,0.3577762491185313,1.0339974432360253,45.32095483519102,-53.40600065748914,-0.0447128426697441
2021-09-27,ETHUSDT,3059.36,3164.94,2922.71,2925.59,510130.7319,-0.0447128426697441,-0.32153513469493133,0.6928608704461023,42.25649864631896,-50.04568309287206,-0.042124716846513546
2021-09-28,ETHUSDT,2924.76,2970.82,2789.0,2804.91,511325.4643,-0.042124716846513546,0.002339273968404448,0.7541575722854016,39.65186426036543,-52.489183810675314,0.01610542365492962
2021-09-29,ETHUSDT,2805.15,2950.0,2782.0,2850.45,411305.0893,0.01610542365492962,-0.21767105504387624,0.671774356710527,41.12660192563807,-47.71490749678799,0.05133872477868343
2021-09-30,ETHUSDT,2850.45,3048.42,2837.19,3000.61,506896.7612,0.05133872477868343,0.20897210717897613,0.8827187298112025,45.827448945690186,-31.88158790998358,0.09810539735495885
2021-10-01,ETHUSDT,3000.62,3330.0,2969.07,3309.91,648714.6151,0.09810539735495885,0.24668553376213656,1.1164612501026907,53.97873143678139,0.28192458272556564,0.023247937341022602
2021-10-02,ETHUSDT,3309.91,3469.0,3257.0,3387.76,422551.1811,0.023247937341022602,-0.4286823116353518,0.7816871723829741,55.78219438083027,26.223580294144753,0.008807651981751716
2021-10-03,ETHUSDT,3387.77,3488.0,3342.51,3417.73,360586.8905,0.008807651981751716,-0.15857762273701795,0.6795250461676084,56.48909692417359,43.79023366593519,-0.00923575503416948
2021-10-04,ETHUSDT,3417.73,3437.19,3270.0,3386.31,485204.642,-0.00923575503416948,0.29683778879118206,1.0073918674952187,55.48757100561833,51.169151642592844,0.03737550299278515
2021-10-05,ETHUSDT,3386.31,3545.0,3363.78,3515.27,393900.8818,0.03737550299278515,-0.20847143559931497,0.8239164600110913,58.72235993367914,61.894231445421426,0.016818070473447688
2021-10-06,ETHUSDT,3515.48,3632.11,3342.0,3574.89,618265.5402,0.016818070473447688,0.4508187332585183,1.340242880391552,60.163696219460434,69.58820796685235,0.003512812239617455
2021-10-07,ETHUSDT,3574.88,3653.98,3470.8,3587.47,486102.3591,0.003512812239617455,-0.24049882471584505,0.9902785719871247,60.47729221231384,71.81842820259818,-0.006807846616126461
2021-10-08,ETHUSDT,3587.47,3695.0,3532.0,3563.13,403597.1437,-0.006807846616126461,-0.18600200575835635,0.8272065141285855,59.501308429940806,67.9873231456073,0.0032754531627249253
2021-10-09,ETHUSDT,3563.13,3635.0,3538.07,3574.82,361906.7514,0.0032754531627249253,-0.10903062557255673,0.7991105787531312,59.83655155333524,62.70232324568286,-0.04596576239303148
2021-10-10,ETHUSDT,3574.83,3604.0,3405.0,3414.22,580223.6302,-0.04596576239303148,0.4720270127127015,1.3061526113647928,53.30786406251089,45.645042075435185,0.03677635511606598
2021-10-11,ETHUSDT,3414.22,3623.8,3371.0,3542.12,493521.882,0.03677635511606598,-0.16184640022200394,1.0376823831136692,57.303292843136234,40.410655664165276,-0.014405431106841837
2021-10-12,ETHUSDT,3542.12,3547.11,3403.21,3491.46,409377.1918,-0.014405431106841837,-0.1869302379256098,0.8586141500471589,55.28534919678938,31.373639715604654,0.03267284855359334
2021-10-13,ETHUSDT,3491.43,3613.0,3412.7,3607.42,393463.1222,0.03267284855359334,-0.03964961433262158,0.8214274901775962,58.85687986373211,30.988736825383405,0.04958951913336564
2021-10-14,ETHUSDT,3607.41,3824.0,3586.04,3790.82,481894.1473,0.04958951913336564,0.20273713246386568,1.0783414011676236,63.783876946997516,40.28022167463378,0.020411136536652923
2021-10-15,ETHUSDT,3790.82,3907.77,3734.1,3868.99,504321.732,0.020411136536652923,0.045489943029278654,1.1300481284437833,65.67088252590793,48.342264370373016,-0.010139131794052639
2021-10-16,ETHUSDT,3868.38,3971.0,3803.56,3829.96,373727.8549,-0.010139131794052639,-0.29968654970517233,0.8112655823822669,63.88115423055123,47.62147894397499,0.004400272314298231
2021-10-17,ETHUSDT,3829.96,3919.19,3640.0,3846.85,368898.9831,0.004400272314298231,-0.013005023820567804,0.7978585807759027,64.33413812026248,44.8937165427065,-0.026843695583821218
2021-10-18,ETHUSDT,3847.0,3893.14,3676.0,3744.96,401819.9734,-0.026843695583821218,0.0854813129259828,0.9297683609576598,59.487287285221385,33.36842969835419,0.03465846059629758
2021-10-19,ETHUSDT,3744.96,3886.89,3732.0,3877.03,341268.3723,0.03465846059629758,-0.16333497765951466,0.8143433302343942,63.34241938697657,31.7879267762211,0.0707220817771679
2021-10-20,ETHUSDT,3876.98,4169.0,3828.05,4161.15,537383.09732,0.0707220817771679,0.4540420596968663,1.3127972760848747,69.96413338017933,46.15449899720599,-0.026336598042769006
2021-10-21,ETHUSDT,4161.37,4375.0,4013.13,4052.99,798566.55805,-0.026336598042769006,0.39610707504373066,1.8575547811052013,65.14015902065418,44.62368091455005,-0.020134782952406817
2021-10-22,ETHUSDT,4053.0,4167.41,3888.0,3972.2,463222.5428,-0.020134782952406817,-0.5446107254275143,0.9749160828862997,61.71712786743005,34.853917650094274,0.04790505233930084
2021-10-23,ETHUSDT,3972.19,4172.0,3937.51,4167.12,326576.9601,0.04790505233930084,-0.3495419592598145,0.6959260561921056,66.3161662153428,37.94801925729138,-0.020557245877644018
2021-10-24,ETHUSDT,4167.13,4186.57,3961.5,4082.33,350115.8386,-0.020557245877644018,0.06959843380942358,0.7569519261333923,62.78289656879239,31.00581427413303,0.03325489808536082
2021-10-25,ETHUSDT,4082.33,4236.0,4067.71,4220.37,347438.6534,0.03325489808536082,-0.007675954712450065,0.7555470101527612,65.96241340546388,32.28679011830417,-0.021277423925354973
2021-10-26,ETHUSDT,4220.36,4297.0,4090.21,4131.52,414498.1599,-0.021277423925354973,0.17648042279906556,0.9168655662144342,62.27461817763624,24.101567655880103,-0.052043650230062355
2021-10-27,ETHUSDT,4131.52,4307.0,3909.0,3922.0,704604.25,-0.052043650230062355,0.5305677624390246,1.5233266392364622,54.532209491200135,2.6563885317261224,0.0887568356219197
2021-10-28,ETHUSDT,3921.99,4295.0,3890.17,4286.02,626378.5055,0.0887568356219197,-0.11768146792807777,1.2877004314913794,63.112927841987606,10.620245645403116,0.03052996993308751
2021-10-29,ETHUSDT,4286.01,4460.47,4265.97,4418.89,559231.07691,0.03052996993308751,-0.11339206650313494,1.2108931160999903,65.66035607309587,21.823979696158972,-0.02201295305292249
2021-10-30,ETHUSDT,4418.89,4434.06,4232.2,4322.68,340223.069,-0.02201295305292249,-0.4969612754743618,0.7154321081092792,62.305073157906186,19.801995900381087,-0.008239408555731416
2021-10-31,ETHUSDT,4322.68,4399.14,4164.35,4287.21,412856.2893,-0.008239408555731416,0.19349807683512224,0.8646232034556689,61.06612836317124,13.42753626096976,0.007487277385632659
2021-11-01,ETHUSDT,4287.48,4386.58,4146.3,4319.43,417620.7073,0.007487277385632659,0.011474057175840928,0.8584867828773587,61.809041661636684,8.948402384398719,0.06073260953753246
2021-11-02,ETHUSDT,4319.43,4599.6,4284.43,4589.89,468184.79301,0.06073260953753246,0.11428945305574457,0.9429942396645933,67.42757347043653,21.075550585451737,0.00292824066767199
2021-11-03,ETHUSDT,4589.68,4665.87,4455.0,4603.35,448658.35125,0.00292824066767199,-0.04260138709448045,0.8899180027867919,67.68239036452573,26.526294483683102,-0.0155503496356356
2021-11-04,ETHUSDT,4603.35,4606.65,4420.08,4532.32,368218.25695,-0.0155503496356356,-0.19758583584780176,0.7874755510152738,64.80138649847859,22.05424729947839,-0.012897444774280788
2021-11-05,ETHUSDT,4532.31,4570.05,4438.8,4474.24,305651.7244,-0.012897444774280788,-0.186229553692968,0.7096409161132239,62.4601740787669,12.3733916600427,0.009732913144382904
2021-11-06,ETHUSDT,4474.24,4530.0,4326.17,4518.0,322154.0973,0.009732913144382904,0.05258369590719804,0.8166393527336872,63.52931710010338,6.4062316624495,0.020720103325595696
2021-11-07,ETHUSDT,4518.0,4637.98,4502.37,4612.59,243596.5952,0.020720103325595696,-0.27951643538654575,0.6215684325259658,65.79689237841791,6.308803288306791,0.04148751611907041
2021-11-08,ETHUSDT,4612.59,4822.97,4612.0,4807.98,391102.31806,0.04148751611907041,0.4734556500436713,1.063568891928262,69.9527809280601,16.313957810496333,-0.015859355851561986
2021-11-09,ETHUSDT,4807.98,4838.28,4713.89,4732.33,311267.57998,-0.015859355851561986,-0.228316280722909,0.855276347461467,66.57966539515633,14.792406428800888,-0.02212434718279934
2021-11-10,ETHUSDT,4732.33,4868.0,4461.93,4628.78,553596.99163,-0.02212434718279934,0.5757840420469995,1.6209736627995308,62.1611998266737,4.311673626665311,0.01930357828813424
2021-11-11,ETHUSDT,4628.68,4779.0,4576.47,4719.0,303688.9765,0.01930357828813424,-0.6004328960342857,0.851832597090502,64.3792450152612,1.1210383520545975,-0.01141047666102849
2021-11-12,ETHUSDT,4719.0,4809.71,4507.85,4665.46,461580.0415,-0.01141047666102849,0.41865140254742444,1.329075618219954,62.05454532244214,-6.510029075187134,-0.004550081214127238
2021-11-13,ETHUSDT,4665.47,4707.6,4584.08,4644.28,220720.6611,-0.004550081214127238,-0.7377575515053888,0.5972371977490991,61.11439613277172,-14.444262911709018,-0.003835712162146753
2021-11-14,ETHUSDT,4644.27,4696.05,4514.12,4626.5,245309.0674,-0.003835712162146753,0.10562099001241627,0.6908576717213704,60.288644986094575,-21.902688477918645,-0.013649415199348564
2021-11-15,ETHUSDT,4626.5,4772.01,4540.0,4563.78,375421.6601,-0.013649415199348564,0.42553090609476835,1.0565625088386756,57.34516270214702,-31.489948800055572,-0.08074558856416793
2021-11-16,ETHUSDT,4563.77,4563.77,4103.0,4209.76,735857.063,-0.08074558856416793,0.672986070778384,2.084087533470331,44.221249617914026,-60.42725498355068,0.018368141946262656
2021-11-17,ETHUSDT,4209.59,4299.91,4063.48,4287.8,472852.1842,0.018368141946262656,-0.442253059312941,1.1428749661697744,47.09555473153406,-72.26506786714762,-0.07025472023755505
2021-11-18,ETHUSDT,4288.07,4344.81,3956.44,3996.9,576945.1837,-0.07025472023755505,0.19896442706735887,1.4344582470562033,39.023232767755715,-96.14487409168623,0.07187661429380714
2021-11-19,ETHUSDT,3996.9,4308.97,3973.01,4294.76,420045.0897,0.07187661429380714,-0.3173851977983703,0.9519633139214866,48.71610913272937,-88.52812818289786,0.026970956981331097
2021-11-20,ETHUSDT,4294.75,4435.88,4199.86,4412.17,365584.578,0.026970956981331097,-0.13886440596676522,0.8398310822984033,51.957919943228006,-72.88335991753732,-0.0354942639726857
2021-11-21,ETHUSDT,4412.17,4451.0,4242.41,4258.31,340206.3203,-0.0354942639726857,-0.07194539799844181,0.7460630265961659,47.70240340147883,-70.17260911571906,-0.04131321373002092
2021-11-22,ETHUSDT,4259.7,4320.0,4022.74,4085.97,518501.3338,-0.04131321373002092,0.4213903421082275,1.1042307336995247,43.41328334045093,-76.73016477954096,0.060186153304300265
2021-11-23,ETHUSDT,4086.28,4385.59,4059.62,4339.44,502811.7902,0.060186153304300265,-0.03072667456042685,1.0261489779470745,50.467422597199445,-61.40407447869859,-0.016281374425884006
2021-11-24,ETHUSDT,4339.45,4373.94,4167.65,4269.36,448727.0306,-0.016281374425884006,-0.11380117232629246,0.9825279321842927,48.66122691463147,-53.6734106443143,0.05812049432818608
2021-11-25,ETHUSDT,4270.1,4550.0,4248.27,4524.85,445868.2434,0.05812049432818608,-0.006391263210191012,0.9836916053005919,54.98626596687657,-30.209217774766664,-0.1130427498597328
2021-11-26,ETHUSDT,4524.48,4551.0,3913.0,4041.2,720245.1612,-0.1130427498597328,0.4795681657294245,1.6575081560452989,43.94804150987771,-45.21492059423353,0.013295855296929508
2021-11-27,ETHUSDT,4041.2,4183.66,4028.34,4095.29,275326.5202,0.013295855296929508,-0.9616339162088458,0.57669589243914,45.27125807830356,-49.12582051691956,0.04756279890436802
2021-11-28,ETHUSDT,4095.29,4298.51,3964.0,4294.78,346471.3551,0.04756279890436802,0.2298424064382112,0.7458589751840023,49.96286290133911,-36.48664108837099,0.03427379481970036
2021-11-29,ETHUSDT,4294.77,4458.92,4276.89,4444.53,406881.2284,0.03427379481970036,0.16072117479261772,0.8742207046548901,53.20572908777819,-17.227889384446804,0.04093889543660272
2021-11-30,ETHUSDT,4444.54,4753.0,4346.36,4630.26,743024.4662,0.04093889543660272,0.6022076523711422,1.6530907648838695,56.9337121054719,7.505731780268995,-0.010270126445922146
2021-12-01,ETHUSDT,4630.25,4778.75,4523.99,4582.95,508198.3105,-0.010270126445922146,-0.37985722671037075,1.050447939888782,55.71607650015599,19.485142308287042,-0.015777485369650516
2021-12-02,ETHUSDT,4582.95,4634.83,4433.0,4511.21,451861.9545,-0.015777485369650516,-0.1174950236152384,0.917881500778079,53.835840166334826,21.23900409660323,-0.06774264277089759
2021-12-03,ETHUSDT,4511.35,4654.88,4032.5,4215.73,677974.8659,-0.06774264277089759,0.40573349352255084,1.3748006064473535,46.82652980003722,2.1647776145003093,-0.023637302670389607
2021-12-04,ETHUSDT,4215.01,4238.59,3503.68,4117.25,1111773.1451,-0.023637302670389607,0.4946012314840971,2.2824071574382154,44.735957620073194,-16.397042811513323,0.01905108203737565
2021-12-05,ETHUSDT,4117.25,4248.19,4031.39,4196.44,536325.4413,0.01905108203737565,-0.7289703043691816,0.8841531400848813,46.79302604804568,-22.288799242007933,0.035385121775086834
2021-12-06,ETHUSDT,4196.44,4376.15,3921.0,4347.59,726742.9638,0.035385121775086834,0.3038317142341573,1.1467888975362148,50.57464995971302,-15.287229641936298,-0.009519380320032963
2021-12-07,ETHUSDT,4347.57,4425.0,4255.92,4306.4,420749.751,-0.009519380320032963,-0.5465346163879872,0.6192829005018458,49.54130449600471,-12.811253689166112,0.02985589995078007
2021-12-08,ETHUSDT,4306.4,4450.49,4222.95,4436.91,429403.9351,0.02985589995078007,0.02035980831488636,0.6779613915907392,52.829940144068765,-2.3149345939064503,-0.07759655003333575
2021-12-09,ETHUSDT,4436.91,4488.0,4076.16,4105.64,462173.711,-0.07759655003333575,0.0735427686624942,0.7429025815180526,44.84117385656432,-16.80629878163749,-0.05191342972413053
2021-12-10,ETHUSDT,4105.64,4231.08,3887.37,3897.94,563236.5671,-0.05191342972413053,0.19775891186763853,0.9032133048578113,40.68691606952579,-38.275543830276035,0.047942715502466884
2021-12-11,ETHUSDT,3898.31,4097.08,3828.22,4089.37,427853.4343,0.047942715502466884,-0.2749190364049754,0.7046325415194601,45.68174338610885,-37.43415425053931,0.00988648301255014
2021-12-12,ETHUSDT,4089.68,4173.63,3986.25,4130.0,260535.5157,0.00988648301255014,-0.4960415051497351,0.5113573165100261,46.70753069793845,-32.19138184067294,-0.08804294563350627
2021-12-13,ETHUSDT,4130.0,4142.75,3671.45,3781.93,533467.2307,-0.08804294563350627,0.7166584570518941,1.1347966367434699,39.77725157193288,-49.19729798989652,0.020171029867780976
2021-12-14,ETHUSDT,3781.92,3882.74,3685.0,3858.99,395145.7462,0.020171029867780976,-0.30014297104548515,0.8930077593620419,41.83491015861723,-52.01384886123418,0.04064752951085382
2021-12-15,ETHUSDT,3858.99,4092.22,3643.73,4019.08,542068.0573,0.04064752951085382,0.3161368859638419,1.2352550504459796,45.965426602140084,-40.371801509617896,-0.015286382109833728
2021-12-16,ETHUSDT,4019.54,4113.43,3942.11,3958.11,368780.031,-0.015286382109833728,-0.3851912161929704,0.8106378449133591,44.66453403144605,-34.293197522709704,-0.021112594579608644
2021-12-17,ETHUSDT,3959.11,3994.1,3700.0,3875.42,463370.9225,-0.021112594579608644,0.22832751752582287,1.0493385970076972,42.89155574170567,-33.32826104456649,0.021572304313848916
2021-12-18,ETHUSDT,3875.43,3996.93,3767.01,3959.93,339593.2543,0.021572304313848916,-0.31077927128702176,0.7947098624977641,45.28216875353514,-24.872780618533398,-0.009079129396085642
2021-12-19,ETHUSDT,3959.93,4032.43,3884.0,3924.14,306006.323,-0.009079129396085642,-0.10414282543918547,0.7378826101311579,44.43384596260189,-19.786197476854795,0.005233291944611535
2021-12-20,ETHUSDT,3924.14,3983.37,3753.0,3944.73,366916.4771,0.005233291944611535,0.18152847418229157,0.8711124145423401,45.071392420965594,-13.434684347664003,0.017445107992705444
2021-12-21,ETHUSDT,3944.72,4063.0,3913.21,4014.15,340826.3553,0.017445107992705444,-0.07376111372804951,0.8576156380687417,47.268175832225815,-3.4764575342748003,-0.008666922744595622
2021-12-22,ETHUSDT,4014.41,4074.87,3933.4,3979.51,303191.8076,-0.008666922744595622,-0.11700749197757314,0.778109939981093,46.27368520224724,1.5874182910366557,0.032607339228882204
2021-12-23,ETHUSDT,3979.51,4150.0,3893.23,4111.41,380207.8166,0.032607339228882204,0.22635235540811385,1.0694220174681486,50.540765713751135,13.942728682742114,-0.01594832381346089
2021-12-24,ETHUSDT,4111.41,4134.84,4017.17,4046.36,230833.1661,-0.01594832381346089,-0.4990227641057839,0.646303663425949,48.49512636534035,17.61981602730586,0.011907490847253626
2021-12-25,ETHUSDT,4046.35,4137.91,4018.62,4094.83,208126.8805,0.011907490847253626,-0.10354732878726275,0.6424872540059532,50.11531249428428,22.86922436807089,-0.007665765703513949
2021-12-26,ETHUSDT,4094.36,4105.0,4000.0,4063.56,189309.255,-0.007665765703513949,-0.09476594845939379,0.6203638919265095,49.04345466810947,23.688006287753666,-0.0065006234506166825
2021-12-27,ETHUSDT,4063.57,4127.46,4031.0,4037.23,222225.3761,-0.0065006234506166825,0.16031012688522045,0.7703122586978309,48.11038676543377,21.948105002334813,-0.06246746360159126
2021-12-28,ETHUSDT,4037.22,4037.23,3759.36,3792.75,358064.7163,-0.06246746360159126,0.47702166729600787,1.3369741270379598,40.42063250161935,4.723831621552904,-0.043806361141283154
2021-12-29,ETHUSDT,3792.75,3827.78,3604.2,3630.19,302753.6375,-0.043806361141283154,-0.16779434462638623,1.1201487146990468,36.269468926928255,-16.08564488193778,0.021550103255039157
2021-12-30,ETHUSDT,3630.18,3769.1,3585.0,3709.27,249263.7305,0.021550103255039157,-0.19440790263828708,0.9224567179646304,39.523282071082534,-22.59382737809544,-0.008947321214971451
2021-12-31,ETHUSDT,3709.27,3815.0,3622.29,3676.23,268014.2942,-0.008947321214971451,0.07252882106919123,1.065616734182477,38.63573316901427,-26.90080673623318,0.02400350671726048
2022-01-01,ETHUSDT,3676.22,3776.45,3673.46,3765.54,154143.8968,0.02400350671726048,-0.5531537547119312,0.6001961017898692,42.40102610900012,-21.732932088835014,0.016521726756629256
2022-01-02,ETHUSDT,3765.54,3857.44,3717.3,3828.27,154791.4263,0.016521726756629256,0.004192013019124265,0.6213760618547688,44.95581234985078,-12.5440507936395,-0.016428782919867397
2022-01-03,ETHUSDT,3828.11,3853.09,3680.0,3765.89,236245.8586,-0.016428782919867397,0.42279446252188513,0.9675086514342653,42.91723890859007,-9.272214263917618,0.005090727455432364
2022-01-04,ETHUSDT,3765.89,3900.73,3713.11,3785.11,288258.5549,0.005090727455432364,0.19898480097509222,1.1709140366603608,43.76339848889982,-4.651927218925195,-0.06677027114101414
2022-01-05,ETHUSDT,3785.1,3848.0,3415.0,3540.63,397942.0363,-0.06677027114101414,0.32244851978124334,1.68469454997627,36.37677256487248,-16.246775861947327,-0.03852830782695031
2022-01-06,ETHUSDT,3539.82,3550.43,3300.0,3406.81,496745.7413,-0.03852830782695031,0.22177195102877179,1.9885058225004166,33.085008579934154,-30.298043922753294,-0.06286308798825013
2022-01-07,ETHUSDT,3406.81,3416.76,3064.42,3199.24,669631.7262,-0.06286308798825013,0.29864959060734037,2.3482410235960067,28.740617941323208,-49.78985473129484,-0.03767529061248328
2022-01-08,ETHUSDT,3198.68,3250.0,3000.0,3080.95,400692.1061,-0.03767529061248328,-0.5135345817036763,1.1697774720001033,26.59722372794573,-65.85877722598966,0.02278966319823475
2022-01-09,ETHUSDT,3080.98,3211.72,3057.35,3151.97,275874.1643,0.02278966319823475,-0.37324848187171694,0.7302929734282931,29.97385390491509,-66.70851275564334,-0.02222830567176738
2022-01-10,ETHUSDT,3151.97,3185.0,2928.83,3082.68,529818.3866,-0.02222830567176738,0.6525894457282245,1.3411231162588972,28.59191503489646,-66.77682641561256,0.049687557804675944
2022-01-11,ETHUSDT,3082.87,3263.54,3051.8,3239.72,362446.7087,0.049687557804675944,-0.3796568280251631,0.8294076118935026,35.81472309584785,-51.75572912456633,0.03979965540945987
2022-01-12,ETHUSDT,3239.73,3411.43,3206.2,3371.26,370465.8015,0.03979965540945987,0.021883683827302686,0.8276845637228578,41.18140176165093,-29.573700772642894,-0.03952497803790752
2022-01-13,ETHUSDT,3371.6,3410.0,3233.43,3240.61,336234.8799,-0.03952497803790752,-0.09695117376731187,0.757852781164681,37.80070417691299,-20.731106972469888,0.02040684557339173
2022-01-14,ETHUSDT,3240.61,3342.79,3188.0,3307.42,285326.3505,0.02040684557339173,-0.16417634843741571,0.678157347855084,40.491026990642624,-8.06426941654263,0.005613977894932952
2022-01-15,ETHUSDT,3307.42,3371.64,3261.0,3326.04,203100.3778,0.005613977894932952,-0.33993328587543176,0.5551664418198208,41.25367218700779,3.2785203638013627,0.006246161427139561
2022-01-16,ETHUSDT,3326.51,3393.6,3269.62,3346.88,210782.2277,0.006246161427139561,0.03712517553747512,0.6243373264080418,42.14731977810386,13.331017668709706,-0.04186044046482609
2022-01-17,ETHUSDT,3346.89,3357.57,3141.1,3209.67,284063.6548,-0.04186044046482609,0.2983728453765759,0.8652281984076485,38.04392232964298,11.931050275210623,-0.015643570001207946
2022-01-18,ETHUSDT,3209.68,3243.87,3082.0,3159.85,299134.2728,-0.015643570001207946,0.051694195831258706,1.0202297330379713,36.648726553897625,8.976120848009401,-0.02429061735337126
2022-01-19,ETHUSDT,3159.85,3174.87,3000.0,3084.02,332996.5703,-0.02429061735337126,0.10723964503068159,1.1718702563478514,34.57056927081196,3.521117795074616,-0.027128440411799574
2022-01-20,ETHUSDT,3084.02,3273.37,2987.15,3001.48,357596.7062,-0.027128440411799574,0.07127364187882179,1.2826028778221983,32.41587635411547,-3.6511645619149533,-0.15591970501576202
2022-01-21,ETHUSDT,3001.48,3034.12,2403.0,2568.15,1022021.70024,-0.15591970501576202,1.0501321712429492,3.626027025419703,23.969408327961332,-33.902097972676444,-0.06265489239063485
2022-01-22,ETHUSDT,2567.47,2626.0,2300.0,2412.18,1081357.54893,-0.06265489239063485,0.05643451686827399,2.793488351374564,21.770565974700204,-59.25474186404671,0.05124333832710833
2022-01-23,ETHUSDT,2412.18,2556.78,2370.8,2539.01,580497.7613,0.05124333832710833,-0.6220865758905553,1.132535652059224,27.587770119448777,-62.025516423911654,-0.040067227918663954
2022-01-24,ETHUSDT,2539.0,2539.75,2159.0,2439.29,1123134.70389,-0.040067227918663954,0.6599929529531365,1.9865088483886968,25.953637455059223,-64.813687228871,0.007978613695370262
2022-01-25,ETHUSDT,2439.56,2506.55,2348.96,2458.83,510152.954,0.007978613695370262,-0.7891683070222941,0.7444787973059864,26.867764451533617,-59.70798305185451,0.0016904319908573088
2022-01-26,ETHUSDT,2459.04,2722.0,2402.03,2462.99,806441.62289,0.0016904319908573088,0.45792092111372673,1.1272692135657563,27.074177712624504,-50.76762951409938,-0.01585386083831807
2022-01-27,ETHUSDT,2463.0,2521.0,2316.43,2424.25,599481.7159,-0.01585386083831807,-0.2965660365853601,0.7655932490098,26.32890951882419,-42.51452823309904,0.04860452251916326
2022-01-28,ETHUSDT,2424.02,2558.98,2357.88,2544.99,485149.8065,0.04860452251916326,-0.21160775246119315,0.5933944474132199,32.55982997098475,-24.850284323808523,0.02193457311118982
2022-01-29,ETHUSDT,2544.99,2636.66,2520.01,2601.43,376666.8246,0.02193457311118982,-0.2530966802952871,0.5083991323428207,35.313970644102625,-6.260144352546604,9.609637320470698e-05
2022-01-30,ETHUSDT,2601.43,2640.0,2542.5,2601.68,290770.0859,9.609637320470698e-05,-0.258828170256526,0.45417361826390096,35.32656949822346,8.364157082090799,0.03224560944220077
2022-01-31,ETHUSDT,2601.67,2706.77,2476.07,2686.94,444584.851,0.03224560944220077,0.4246080555515528,0.7424246515626531,39.64405243104461,25.142193701569568,0.036645271460084596
2022-02-01,ETHUSDT,2686.94,2813.0,2673.52,2787.23,390034.27362,0.036645271460084596,-0.13090631128595134,0.7771270412802784,44.35019784777093,43.292492748129575,-0.038981507830389076
2022-02-02,ETHUSDT,2787.48,2810.88,2612.72,2680.67,447852.1228,-0.038981507830389076,0.13822847855057513,0.9239155637514498,40.717358985943086,48.05207452204718,0.005502112974112725
2022-02-03,ETHUSDT,2680.25,2726.64,2576.05,2695.46,405043.3931,0.005502112974112725,-0.10046889006599559,0.9343439369364286,41.43441275195683,51.80386209585433,0.10537201641158946
2022-02-04,ETHUSDT,2695.21,2995.0,2671.4,2994.99,664002.9328,0.10537201641158946,0.4942923615102703,1.636568539109706,53.65927196790308,72.78067899997714,0.005879197444611901
2022-02-05,ETHUSDT,2994.99,3060.47,2958.01,3012.65,356803.3071,0.005879197444611901,-0.621101896893223,0.8273139469594323,54.26542332753738,85.30000438966593,0.013956229187492217
2022-02-06,ETHUSDT,3012.64,3074.56,2950.21,3054.99,249394.5966,0.013956229187492217,-0.35814830202712655,0.5820971073585398,55.75953397992041,93.24265820141304,0.02737322953394406
2022-02-07,ETHUSDT,3055.0,3186.0,2991.8,3139.77,455070.2529,0.02737322953394406,0.6014154415964141,1.0770108873046478,58.67105330790711,100.39627866887412,-0.007378007594245728
2022-02-08,ETHUSDT,3139.77,3232.87,3025.21,3116.69,514773.5837,-0.007378007594245728,0.12327535168110035,1.2140064749293946,57.56046937346185,99.56814707001229,0.0400170991623015
2022-02-09,ETHUSDT,3116.69,3269.7,3055.0,3243.94,370267.8913,0.0400170991623015,-0.32950038649616686,0.8379972067736612,61.84839269759855,103.14739338901954,-0.05430033262362314
2022-02-10,ETHUSDT,3243.6,3283.66,3056.74,3072.49,578212.8383,-0.05430033262362314,0.44571525904927717,1.3422925601976792,53.940579074133794,90.00403883893873,-0.04832582784232588
2022-02-11,ETHUSDT,3072.36,3138.62,2879.0,2927.54,462025.8751,-0.04832582784232588,-0.22432113702104625,1.0143187578061443,48.316065349335055,68.5543090793172,-0.002962498874057581
2022-02-12,ETHUSDT,2927.54,2985.98,2858.3,2918.88,336250.3131,-0.002962498874057581,-0.31776503415534657,0.788117893902702,47.99407610272713,51.56419480178817,-0.016494300553863334
2022-02-13,ETHUSDT,2918.58,2954.4,2836.7,2871.13,242751.3547,-0.016494300553863334,-0.3258181742736522,0.5729137378206227,46.16714166546643,35.64777326763642,0.0202114146526657
2022-02-14,ETHUSDT,2871.14,2964.97,2829.01,2929.75,381778.238,0.0202114146526657,0.4528022234442989,0.903051603012102,48.74652429000749,27.94572307581344,0.08307040769222607
2022-02-15,ETHUSDT,2929.75,3196.19,2912.06,3183.52,448971.754,0.08307040769222607,0.1621200658387727,1.0889594032764476,58.1050802549175,38.18635903892206,-0.019417593123566165
2022-02-16,ETHUSDT,3183.53,3186.77,3044.03,3122.3,319997.6244,-0.019417593123566165,-0.3386464050612351,0.7942476045530263,55.47354513812343,38.94733165483119,-0.07666655802966413
2022-02-17,ETHUSDT,3122.31,3160.0,2851.55,2891.87,488693.2624,-0.07666655802966413,0.42342144538359827,1.2349702741542306,46.86928100680253,22.83938775267574,-0.0396394918488373
2022-02-18,ETHUSDT,2891.88,2943.97,2750.0,2779.48,502977.4069,-0.0396394918488373,0.028810234991338723,1.3135173762155423,43.338468114993766,4.483720271099621,-0.005718826867157603
2022-02-19,ETHUSDT,2779.3,2830.96,2694.45,2763.63,293838.0025,-0.005718826867157603,-0.5375166488200808,0.7558061793640772,42.84823166979249,-8.167804424232969,-0.05261146152787277
2022-02-20,ETHUSDT,2763.63,2764.64,2576.0,2621.99,386384.904,-0.05261146152787277,0.2738054296811227,1.0095881343108803,38.64165252789223,-24.58987695173921,-0.020798397492321857
2022-02-21,ETHUSDT,2621.99,2759.51,2558.0,2568.02,761838.9858,-0.020798397492321857,0.6789011953820534,1.8893201570701574,37.145242725081076,-36.863443744233024,0.02623745180416111
2022-02-22,ETHUSDT,2568.03,2665.74,2500.0,2636.29,692639.4942,0.02623745180416111,-0.09522557519032472,1.5138706474196595,40.29493549588819,-38.00831638948996,-0.021695636248493144
2022-02-23,ETHUSDT,2636.28,2753.55,2575.83,2579.71,504470.1412,-0.021695636248493144,-0.317001000337337,1.0246408006337473,38.56990668921013,-39.99892971230716,0.006371847961708061
2022-02-24,ETHUSDT,2579.7,2740.0,2300.0,2596.2,1395732.7753,0.006371847961708061,1.0176661901873874,2.6908714003524072,39.384372555158116,-37.66096332046229,0.06425320773330942
2022-02-25,ETHUSDT,2596.26,2834.97,2571.72,2768.49,679394.1762,0.06425320773330942,-0.7199733595795023,1.0480130460484836,47.25323006904506,-22.703858107329296,0.00395821683492336
2022-02-26,ETHUSDT,2768.05,2878.0,2727.5,2779.47,418485.2529,0.00395821683492336,-0.48455983239864586,0.6213855111688025,47.71902813508387,-10.864077990357302,-0.0603118862715815
2022-02-27,ETHUSDT,2779.47,2836.33,2557.98,2616.79,650198.7785,-0.0603118862715815,0.44063647789949223,0.9405750144414681,41.82568913507752,-12.656651756334881,0.10996053006015137
2022-02-28,ETHUSDT,2616.79,2951.6,2568.62,2920.95,733794.4488,0.10996053006015137,0.12095081767316046,1.0066241681212733,53.410960472882444,6.921734091505471,0.018782092086540015
2022-03-01,ETHUSDT,2920.83,3037.94,2854.09,2976.33,673901.6976,0.018782092086540015,-0.08514469587136918,0.9295717731588341,55.16184782044948,22.976357626429902,-0.009801500906561036
2022-03-02,ETHUSDT,2976.33,3043.91,2914.21,2947.3,614623.7461,-0.009801500906561036,-0.09207396539284253,0.8509465119241975,54.01587419074384,30.541528546011946,-0.03920388433278596
2022-03-03,ETHUSDT,2947.31,2970.97,2785.0,2833.99,446192.2353,-0.03920388433278596,-0.32026040561498936,0.6045812083415651,49.67773491348418,26.940933245843027,-0.07771008924118722
2022-03-04,ETHUSDT,2834.0,2836.17,2573.0,2622.1,556178.7588,-0.07771008924118722,0.22033987120157295,0.9233174204557086,42.76160716928682,10.178052015706577,0.016284817772527285
2022-03-05,ETHUSDT,2622.11,2685.12,2589.38,2665.15,268730.3036,0.016284817772527285,-0.7273814633849754,0.459550410818245,44.45362267560008,2.290520268273646,-0.043661227604156416
2022-03-06,ETHUSDT,2665.16,2676.29,2535.0,2551.29,336487.9099,-0.043661227604156416,0.22485393163870648,0.5972724014977676,41.00140366513873,-9.639487108410336,-0.023866705063867934
2022-03-07,ETHUSDT,2551.3,2649.0,2445.0,2491.12,620171.6787,-0.023866705063867934,0.611434121373546,1.1959532955743726,39.26599675412277,-20.02950848229449,0.03349375366749058
2022-03-08,ETHUSDT,2491.12,2624.0,2480.15,2575.97,561659.7421,0.03349375366749058,-0.0991001154011142,1.1181166224025902,42.934054257937646,-19.609145466774358,0.05696860755825763
2022-03-09,ETHUSDT,2575.98,2775.85,2567.7,2726.98,562771.7403,0.05696860755825763,0.0019778858559542744,1.1572711012848167,48.854448619374715,-8.168209224595877,-0.0451097162386842
2022-03-10,ETHUSDT,2726.98,2733.25,2550.27,2606.7,559029.9377,-0.0451097162386842,-0.006671083757976355,1.1673582937656903,44.86212402570568,-7.714020987009533,-0.0193051103831143
2022-03-11,ETHUSDT,2606.69,2676.78,2522.57,2556.86,494583.6568,-0.0193051103831143,-0.12248671626090288,0.9991502314728641,43.283729030609976,-9.65702479441503,0.0046589206451485956
2022-03-12,ETHUSDT,2556.86,2616.79,2553.39,2568.8,219236.5711,0.0046589206451485956,-0.8135649311564452,0.45091385956636104,43.793916938243385,-9.03602108047086,-0.020907644329557794
2022-03-13,ETHUSDT,2568.8,2603.32,2493.0,2515.65,316942.1601,-0.020907644329557794,0.36856791685937473,0.66148896602287,41.983475404556664,-10.97379798412021,0.028898831069852558
2022-03-14,ETHUSDT,2515.66,2609.6,2498.67,2589.41,386630.1912,0.028898831069852558,0.19874936090218764,0.811664767755947,45.35936894776179,-6.289676319268622,0.010877479473803332
2022-03-15,ETHUSDT,2589.42,2669.0,2507.0,2617.73,461202.3014,0.010877479473803332,0.1763681205292676,1.0411377351299986,46.64313059912603,-0.5861655162623265,0.05791429638892648
2022-03-16,ETHUSDT,2617.74,2788.0,2603.38,2773.81,666224.7217,0.05791429638892648,0.36779025518857017,1.5543188911255272,53.17298974115603,13.611971907916995,0.013645697645398072
2022-03-17,ETHUSDT,2773.8,2836.0,2746.42,2811.92,379312.541,0.013645697645398072,-0.56326652191068,0.8554499027037246,54.63291532908288,24.83049266693088,0.044174642881809834
2022-03-18,ETHUSDT,2811.91,2984.0,2765.59,2938.92,556535.7966,0.044174642881809834,0.3833709814888046,1.3322758293007544,59.19815466625159,39.2095124503439,0.004047708658660071
2022-03-19,ETHUSDT,2938.84,2987.7,2890.86,2950.84,325971.5398,0.004047708658660071,-0.5349214168464277,0.7641448004378335,59.6089870237567,47.38219665367976,-0.030785849641907954
2022-03-20,ETHUSDT,2950.85,2964.17,2817.21,2861.38,377608.8214,-0.030785849641907954,0.14704871942819875,0.8546447543811815,55.123028744772206,44.65861597302245,0.009962856753148086
2022-03-21,ETHUSDT,2861.39,2960.57,2829.81,2890.03,450223.9073,0.009962856753148086,0.17588623503741485,0.999391605971021,56.25835075659143,42.683960412785154,0.027173850653313385
2022-03-22,ETHUSDT,2890.03,3052.85,2886.43,2969.64,564868.9839,0.027173850653313385,0.2268487865595078,1.2290907727028417,59.33675226230912,44.437094084657474,0.022100126186770305
2022-03-23,ETHUSDT,2969.64,3045.2,2920.65,3036.0,453962.7298,0.022100126186770305,-0.2185787156338659,0.9569352218818575,61.75304951157512,47.48796649223914,0.02432620979389752
2022-03-24,ETHUSDT,3035.99,3129.11,2999.11,3110.76,577171.5239,0.02432620979389752,0.2401243890701299,1.299733327128363,64.32498494021378,51.620138319657414,-0.0027748734185679743
2022-03-25,ETHUSDT,3110.75,3193.28,3076.0,3102.14,489099.5572,-0.0027748734185679743,-0.16557342858155555,1.0354934702649201,63.79231977131662,50.77466285386748,0.013721694243691004
2022-03-26,ETHUSDT,3102.13,3153.2,3084.9,3145.0,207134.847,0.013721694243691004,-0.8591960462521256,0.44766456729471793,65.3296338971161,50.02322332477702,0.046789526935948046
2022-03-27,ETHUSDT,3145.01,3299.37,3126.02,3295.65,335467.4145,0.046789526935948046,0.482154810552047,0.7526342750800467,70.13023266270406,56.13500833913236,0.01124537954894856
2022-03-28,ETHUSDT,3295.65,3431.15,3275.01,3332.92,527237.1133,0.01124537954894856,0.45212555120508846,1.1990724401850195,71.19293334430321,58.86454990227011,0.02007662373594018
2022-03-29,ETHUSDT,3332.91,3481.87,3329.68,3400.51,465899.8226,0.02007662373594018,-0.12367973965930615,1.0337111055869164,73.06452659063768,61.13186706668537,-0.00433815866831539
2022-03-30,ETHUSDT,3400.51,3446.9,3331.84,3385.79,356082.5231,-0.00433815866831539,-0.2688081276045351,0.8156412556426963,71.96789369058047,57.59845062085208,-0.031283579391062265
2022-03-31,ETHUSDT,3385.8,3444.83,3261.35,3281.51,455091.2395,-0.031283579391062265,0.24533541477211265,1.0769231698129695,64.57373908998963,44.767685764339774,0.051579554534772795
2022-04-01,ETHUSDT,3281.51,3481.29,3210.68,3455.21,532169.2392,0.051579554534772795,0.1564636323277299,1.313528996013699,70.08683534882361,44.42013251580224,-0.003316435323907816
2022-04-02,ETHUSDT,3455.2,3532.2,3433.14,3443.77,499893.29,-0.003316435323907816,-0.06256690190467816,1.2154057397084126,69.3216789394821,39.99858903226473,0.02243665456009444
2022-04-03,ETHUSDT,3443.77,3580.34,3412.11,3521.91,381581.7683,0.02243665456009444,-0.2700694942037423,0.8421206105257969,71.60218271817932,38.88095346089551,-0.0006845220187730097
2022-04-04,ETHUSDT,3521.9,3547.0,3405.97,3519.5,449984.1586,-0.0006845220187730097,0.16488721759244995,0.9788480926909768,71.42582973068815,34.66360128673887,-0.032489730525075915
2022-04-05,ETHUSDT,3519.5,3555.0,3400.0,3406.99,397782.7437,-0.032489730525075915,-0.12330639289099907,0.8865785958949,63.555894460319465,21.619157221874787,-0.07256775769697918
2022-04-06,ETHUSDT,3407.0,3407.5,3162.39,3168.51,736273.1047,-0.07256775769697918,0.6156951299267186,1.677386238613325,50.783225189755875,-4.362511261620369,0.01835034370763697
2022-04-07,ETHUSDT,3168.52,3268.98,3143.15,3227.19,458179.3272,0.01835034370763697,-0.4743404644837315,0.92889191594668,53.271674919448074,-18.1169793547825,-0.010841936976364482
2022-04-08,ETHUSDT,3227.2,3314.02,3173.52,3192.39,502422.5048,-0.010841936976364482,0.09218075715113025,1.0176783312106406,51.60525863082669,-29.411026130933237,0.020518596261411837
2022-04-09,ETHUSDT,3192.39,3268.4,3181.28,3258.57,212444.2566,0.020518596261411837,-0.8607617766670134,0.4340510965553855,54.518989643930055,-32.05953452723034,-0.01718808999540962
2022-04-10,ETHUSDT,3258.57,3307.22,3193.0,3203.04,232303.2326,-0.01718808999540962,0.08936392323617182,0.5180932480633477,51.705940499777434,-36.84452547144386,-0.0722643104524599
2022-04-11,ETHUSDT,3203.04,3213.63,2950.0,2979.74,693394.2912,-0.0722643104524599,1.09355524485663,1.6236627302481852,42.26249664072233,-53.340498486286776,0.015953995545066883
2022-04-12,ETHUSDT,2979.75,3085.0,2950.0,3027.66,579522.9505,0.015953995545066883,-0.17939353419798848,1.2548445094383072,44.60082774253376,-58.8817414534838,0.029491523824412797
2022-04-13,ETHUSDT,3027.65,3128.97,2996.86,3118.28,419101.494,0.029491523824412797,-0.3240921462581816,0.8591818352082687,48.82191175747973,-54.40707309805552,-0.03136932206332718
2022-04-14,ETHUSDT,3118.28,3145.0,2976.3,3021.98,408382.5572,-0.03136932206332718,-0.025908744416087284,0.9229377483995578,44.906173260605115,-55.69398807107197,0.006129463284808756
2022-04-15,ETHUSDT,3021.98,3060.92,2993.13,3040.56,249626.2981,0.006129463284808756,-0.4922393833675009,0.5733693889987542,45.80925718054618,-53.06637856060513,0.006144422645443129
2022-04-16,ETHUSDT,3040.57,3086.1,3010.03,3059.3,176352.4165,0.006144422645443129,-0.34748063247095773,0.441705282205271,46.75722675609732,-47.991804736115505,-0.023561784234964658
2022-04-17,ETHUSDT,3059.3,3083.0,2981.7,2988.06,243772.074,-0.023561784234964658,0.3237493063258462,0.6185576122679979,43.63245733929773,-47.282468989963164,0.02233853449045376
2022-04-18,ETHUSDT,2988.07,3069.6,2883.22,3055.56,510251.6536,0.02233853449045376,0.7386703766713868,1.2893738214062023,47.230891285654494,-40.384535465382314,0.015010034412271363
2022-04-19,ETHUSDT,3055.56,3131.0,3030.34,3101.77,359375.0038,0.015010034412271363,-0.3505376203235062,0.9724065880515744,49.60285085461545,-31.235943357398803,-0.008329860832956325
2022-04-20,ETHUSDT,3101.74,3166.5,3036.45,3076.04,415000.0685,-0.008329860832956325,0.14391226316539774,1.227363951349337,48.300968142361945,-25.676116069222548,-0.030519133695049935
2022-04-21,ETHUSDT,3076.03,3180.0,2942.31,2983.58,562699.697,-0.030519133695049935,0.30446740267295397,1.6670748444491752,43.84740229721332,-26.8571440220857,-0.007127546794771479
2022-04-22,ETHUSDT,2983.57,3034.32,2930.35,2962.39,452433.082,-0.007127546794771479,-0.21810622084284872,1.2582178884026656,42.8717721125001,-27.591800246966827,-0.0099603565921431
2022-04-23,ETHUSDT,2962.39,2978.03,2913.89,2933.03,187576.7324,-0.0099603565921431,-0.8804518659595301,0.48275482668403225,41.49412573121256,-28.46667044651566,-0.0041099949724494895
2022-04-24,ETHUSDT,2933.04,2967.06,2912.09,2921.0,218957.0222,-0.0041099949724494895,0.15468746373420003,0.5612004287997057,40.91398631277757,-28.212720493353032,0.02889050081606422
2022-04-25,ETHUSDT,2920.99,3025.65,2797.01,3006.62,619198.3616,0.02889050081606422,1.0395502113814836,1.601596026589076,46.632901163701575,-20.968463044882014,-0.06774948549478285
2022-04-26,ETHUSDT,3006.63,3039.54,2767.0,2809.67,531184.3504,-0.06774948549478285,-0.15331653939231313,1.320772117377237,37.61416285902626,-27.707738125322518,0.027829537040039223
2022-04-27,ETHUSDT,2809.68,2919.87,2794.46,2888.96,488951.2416,0.027829537040039223,-0.08284636281086262,1.145832670068003,42.44049818564604,-25.166193560123425,0.01646824232146928
2022-04-28,ETHUSDT,2888.95,2980.0,2853.83,2936.93,537392.9978,0.01646824232146928,0.09446689224951275,1.2289285808121515,45.20252576464714,-18.882253391251425,-0.041646181874155655
2022-04-29,ETHUSDT,2936.92,2946.46,2776.63,2817.13,525978.147,-0.041646181874155655,-0.02147000007623168,1.2128519166044425,40.035632803835945,-21.245719671342343,-0.032641219258456255
2022-04-30,ETHUSDT,2817.13,2841.63,2709.26,2726.66,367757.2469,-0.032641219258456255,-0.3578366009095988,0.827952064800729,36.63044253719049,-26.985120605226037,0.035363688743625235
2022-05-01,ETHUSDT,2726.67,2849.9,2716.13,2824.81,442544.8792,0.035363688743625235,0.18511881588834175,0.9417510533946841,42.35841591001412,-22.440830798844217,0.01116999653563879
2022-05-02,ETHUSDT,2824.81,2894.22,2778.78,2856.54,521706.8567,0.01116999653563879,0.16456397171000361,1.039550380491966,44.11700526249025,-15.876764083459413,-0.026548850637668365
2022-05-03,ETHUSDT,2856.54,2861.47,2755.19,2781.7,371331.1796,-0.026548850637668365,-0.340011521133737,0.7610324386105923,40.944024422780245,-15.155701631082039,0.05556499313764938
2022-05-04,ETHUSDT,2781.7,2965.85,2771.74,2940.64,548738.0668,0.05556499313764938,0.39052688620028897,1.1798417096439588,49.286074078167594,-3.180883981213185,-0.06776478746508298
2022-05-05,ETHUSDT,2940.65,2954.65,2683.0,2747.97,734845.3194,-0.06776478746508298,0.29203880926666415,1.5514992556179503,41.61249086118868,-7.21184922058805,-0.0202623449546493
2022-05-06,ETHUSDT,2747.96,2758.18,2632.95,2692.85,711449.3234,-0.0202623449546493,-0.03235583729353611,1.4176728230219937,39.70777863814718,-12.269062311394975,-0.021587906387850193
2022-05-07,ETHUSDT,2692.86,2704.36,2584.75,2635.34,371271.4532,-0.021587906387850193,-0.6503707151310703,0.7027144807588238,37.76546510670892,-17.8289607486266,-0.044868390391330004
2022-05-08,ETHUSDT,2635.35,2642.0,2484.0,2519.71,757615.3415,-0.044868390391330004,0.7132423169541869,1.4325956676494338,34.14862879090353,-27.08092037209559,-0.12279266576677982
2022-05-09,ETHUSDT,2519.71,2530.78,2225.0,2228.55,1574924.9793,-0.12279266576677982,0.7317871261359754,2.744483789951464,27.108438634181724,-49.30218104286655,0.049675464452423136
2022-05-10,ETHUSDT,2229.0,2457.34,2200.0,2342.05,1550626.1387,0.049675464452423136,-0.01554882913995984,2.1408297644759204,32.91458604931586,-52.55064766585909,-0.1162625551455644
2022-05-11,ETHUSDT,2342.04,2451.37,2005.0,2084.99,2022864.83806,-0.1162625551455644,0.2658559335160193,2.2658005329111632,27.560129651266948,-67.26554450393107,-0.06170734723479563
2022-05-12,ETHUSDT,2084.99,2195.0,1800.0,1960.22,2305192.90836,-0.06170734723479563,0.1306496208804353,2.089227277948825,25.400269331648673,-79.80024792289782,0.024923769479372297
2022-05-13,ETHUSDT,1960.22,2147.54,1940.23,2009.69,1134042.3387,0.024923769479372297,-0.7093758238862807,0.8541363636034326,27.815748442243105,-79.00988782776022,0.023015302058914555
2022-05-14,ETHUSDT,2009.69,2070.06,1951.21,2056.48,563788.3078,0.023015302058914555,-0.6988649790450874,0.4061650513264539,30.12043586689046,-69.90001987617092,0.042278957997049504
2022-05-15,ETHUSDT,2056.47,2167.0,2000.68,2145.29,514398.2587,0.042278957997049504,-0.09168105245111981,0.363383578406634,34.40154864992202,-53.21226538893745,-0.058366988252162674
2022-05-16,ETHUSDT,2145.29,2145.29,1979.12,2023.66,822070.8531,-0.058366988252162674,0.4688287995181054,0.5953437362446267,31.550670864457686,-45.95814575188132,0.03260075113412737
2022-05-17,ETHUSDT,2023.66,2122.42,2008.0,2090.72,568249.0448,0.03260075113412737,-0.3692668055459669,0.4462863921596631,34.76075953070844,-32.85061572097706,-0.08773344202251154
2022-05-18,ETHUSDT,2090.72,2110.72,1908.0,1915.11,631577.2341,-0.08773344202251154,0.10566045514406365,0.5574656378543433,30.70041855492923,-32.17315911840694,0.05309965208226872
2022-05-19,ETHUSDT,1915.11,2040.39,1903.18,2019.55,741476.9794,0.05309965208226872,0.16042387818316997,0.7937124491112462,35.524041571849324,-21.3766792349993,-0.03039973902804933
2022-05-20,ETHUSDT,2019.55,2064.0,1923.0,1959.08,576981.5371,-0.03039973902804933,-0.25083384720562557,0.8117349286559238,34.04639141642615,-15.279210077182853,0.008128865472563522
2022-05-21,ETHUSDT,1959.08,1990.86,1937.36,1975.07,238869.7632,0.008128865472563522,-0.8818917883453836,0.378425340539606,34.81847962335462,-7.532306230113136,0.03390847123771363
2022-05-22,ETHUSDT,1975.06,2056.41,1966.33,2043.19,355735.1927,0.03390847123771363,0.39826813377773357,0.6082987957358279,38.14081455413177,4.186308288847073,-0.034794908552463054
2022-05-23,ETHUSDT,2043.19,2088.5,1957.12,1973.32,636085.0224,-0.034794908552463054,0.5811456240892996,1.1315475819049345,36.107887506192085,8.964264101357486,0.0030814170554417973
2022-05-24,ETHUSDT,1973.33,1993.83,1913.02,1979.41,534096.972,0.0030814170554417973,-0.17475481944486684,0.9972536572472481,36.42595763888176,13.96863953309807,-0.018756095416388646
2022-05-25,ETHUSDT,1979.4,2022.34,1934.61,1942.63,524786.3091,-0.018756095416388646,-0.01758626853274708,0.988877386479309,35.28353487971012,16.084892163300452,-0.08058207055617697
2022-05-26,ETHUSDT,1942.64,1966.01,1735.0,1792.23,1168740.57514,-0.08058207055617697,0.8006908670724475,2.2674922323651816,31.001767078076625,8.992364228075814,-0.03691852711164214
2022-05-27,ETHUSDT,1792.24,1822.26,1703.0,1727.27,1296693.28537,-0.03691852711164214,0.10389065977761082,2.24936520418852,29.345337432377704,1.9318388519163534,0.03691294745507008
2022-05-28,ETHUSDT,1727.26,1808.98,1722.26,1792.22,558271.1818,0.03691294745507008,-0.8427278430808092,0.8218490896127126,33.18905930271974,3.5476461220081603,0.011880800673498414
2022-05-29,ETHUSDT,1792.21,1827.4,1759.96,1813.64,432430.611,0.011880800673498414,-0.25542295670952403,0.5965255367256699,34.45546429550511,7.730838610070833,0.09720111888622697
2022-05-30,ETHUSDT,1813.64,2013.0,1803.18,1998.78,814922.8359,0.09720111888622697,0.6336715523748164,1.107424718881559,44.285570144390405,23.734536326866902,-0.028870119196813194
2022-05-31,ETHUSDT,1998.78,2016.45,1925.0,1941.9,751103.4226,-0.028870119196813194,-0.08155007341617108,0.9864505438854356,42.19196183116067,30.808910634177522,-0.06595738261063266
2022-06-01,ETHUSDT,1941.9,1972.58,1763.75,1817.95,1037841.2706,-0.06595738261063266,0.32335477807053037,1.3097091598609092,37.97846887262426,27.565237175537987,0.008833500757757908
2022-06-02,ETHUSDT,1817.96,1853.05,1782.42,1834.08,788784.4017,0.008833500757757908,-0.27440510516369077,0.9111366191897214,38.83450397688042,26.901201589802497,-0.03267496710853838
2022-06-03,ETHUSDT,1834.09,1843.91,1737.0,1775.12,741282.5346,-0.03267496710853838,-0.062111187488508024,0.9135448586966802,36.83327309970869,23.035461233539223,0.01645985145239517
2022-06-04,ETHUSDT,1775.13,1816.0,1748.43,1804.58,388279.4579,0.01645985145239517,-0.6466565081976614,0.5303705606326617,38.537584724689815,22.955858210758123,0.0009139224245239042
2022-06-05,ETHUSDT,1804.58,1830.17,1773.05,1806.23,371974.5061,0.0009139224245239042,-0.04290001275016355,0.5255314533008919,38.63744665125791,23.426415365802114,0.029248662366728604
2022-06-06,ETHUSDT,1806.22,1920.0,1804.35,1859.84,804250.3567,0.029248662366728604,0.7710852897023687,1.150293368984605,41.93830274558581,27.479707150977475,-0.02532552855691377
2022-06-07,ETHUSDT,1859.84,1874.98,1725.13,1813.33,1397598.2288,-0.02532552855691377,0.5525998818658021,2.0033082110030453,39.93141498705513,27.114051027494156,-0.011899585937941203
2022-06-08,ETHUSDT,1813.33,1838.77,1765.28,1791.88,941510.1373,-0.011899585937941203,-0.3950253762843726,1.1917826657882338,39.00439015896424,25.535324510692703,-0.0017147537219068558
2022-06-09,ETHUSDT,1791.88,1833.0,1777.33,1788.81,535310.9618,-0.0017147537219068558,-0.5646373001667254,0.6896204768256428,38.86531976865646,24.3937969163145,-0.07298151461854453
2022-06-10,ETHUSDT,1788.8,1804.32,1655.93,1662.91,955035.79239,-0.07298151461854453,0.5789010036682728,1.2905375404575652,33.577868860678706,15.691815855088976,-0.08141423709847077
2022-06-11,ETHUSDT,1662.91,1682.21,1496.74,1532.89,1220325.2542,-0.08141423709847077,0.24512388527781487,1.5836746406517588,29.165051390429696,2.408567660348041,-0.0661014978485426
2022-06-12,ETHUSDT,1532.89,1547.0,1423.0,1434.84,1563225.37018,-0.0661014978485426,0.2476338068025031,1.757559972118332,26.35246307398063,-11.015039100542396,-0.17058175652519614
2022-06-13,ETHUSDT,1434.84,1455.0,1165.45,1209.82,3626351.66536,-0.17058175652519614,0.8414758601904586,3.4223520545328587,21.280430467493588,-31.90075551633882,-0.0007607329863464822
2022-06-14,ETHUSDT,1209.35,1268.45,1075.8,1208.9,2716493.80131,-0.0007607329863464822,-0.2888850868689949,1.8570947226183687,21.262411714284283,-41.99446719599757,0.023398521720463156
2022-06-15,ETHUSDT,1208.9,1250.0,1014.4,1237.52,3114823.13621,0.023398521720463156,0.13683036738428525,1.886423665099471,23.434336902105173,-42.81394266308425,-0.14685358116920716
2022-06-16,ETHUSDT,1237.53,1257.85,1051.55,1068.5,1447386.8304,-0.14685358116920716,-0.7664126279140987,0.7378406677349797,19.93673798282572,-50.29288972706297,0.01711061304646468
2022-06-17,ETHUSDT,1068.5,1118.0,1051.11,1086.94,1220677.9491,0.01711061304646468,-0.1703533442237175,0.5835123346499235,21.316513501516383,-49.47591888094931,-0.08824830591513726
2022-06-18,ETHUSDT,1086.93,1097.58,881.56,995.13,2308983.5187,-0.08824830591513726,0.6374009921080656,1.0840818796913123,19.513404597801255,-50.42518617797916,0.1257977979747236
2022-06-19,ETHUSDT,995.12,1158.62,936.15,1128.53,2018599.4499,0.1257977979747236,-0.13440346318801974,0.8832508524977383,28.921363241645594,-37.94442989747,-0.0002570044812685736
2022-06-20,ETHUSDT,1128.53,1170.0,1053.0,1128.24,1721772.9132,-0.0002570044812685736,-0.15904940586515975,0.7325216470223723,28.913451016714077,-26.14555733372677,-0.00212059047831573
2022-06-21,ETHUSDT,1128.24,1194.0,1109.23,1125.85,1306095.3757,-0.00212059047831573,-0.27631246638729007,0.6284165597049143,28.84341665820662,-15.467018750024465,-0.06956720574305485
2022-06-22,ETHUSDT,1125.86,1127.33,1043.65,1050.19,1306959.8593,-0.06956720574305485,0.0006616650271758569,0.6963375579277846,26.643268884531764,-10.691138202074427,0.0861889654358654
2022-06-23,ETHUSDT,1050.19,1155.0,1045.3,1144.72,1278257.0899,0.0861889654358654,-0.02220622055154378,0.7897108392615645,33.47139550142555,1.0202065641482534,0.06779710477768376
2022-06-24,ETHUSDT,1144.71,1245.43,1132.0,1225.02,1337137.483,0.06779710477768376,0.04503362077201676,0.8386051512376121,38.691872850152635,15.5541872821384,0.01405562618985872
2022-06-25,ETHUSDT,1225.02,1256.77,1180.0,1242.36,861986.6177,0.01405562618985872,-0.4390466554511095,0.5350248523443488,39.79058627622203,27.042034992584206,-0.03653460440968186
2022-06-26,ETHUSDT,1242.31,1280.0,1194.6,1197.79,884184.273,-0.03653460440968186,0.02542574870090931,0.6295809474103764,37.90997884247532,32.0058277528137,-0.004417862684769171
2022-06-27,ETHUSDT,1197.79,1238.93,1172.49,1192.51,868734.2061,-0.004417862684769171,-0.017628277849149866,0.6992714122838917,37.68276408580381,35.05470729925926,-0.041485731193213714
2022-06-28,ETHUSDT,1192.51,1237.99,1136.32,1144.05,1104065.2211,-0.041485731193213714,0.2397170854904256,0.9853508660010847,35.57527456975795,33.90798554505986,-0.039073527621807665
2022-06-29,ETHUSDT,1144.05,1156.8,1087.42,1100.21,1295517.796,-0.039073527621807665,0.15991143451358986,1.186786960190551,33.73703784302083,30.4092096760437,-0.02689894218423035
2022-06-30,ETHUSDT,1100.21,1106.62,998.0,1071.01,1420670.3656,-0.02689894218423035,0.09221839095833503,1.3033873478034874,32.5313034953207,26.484605325515815,-0.010587969793218431
2022-07-01,ETHUSDT,1071.02,1117.0,1033.44,1059.73,1562255.1439,-0.010587969793218431,0.09500153377927349,1.4070213049095528,32.0547106946662,23.582082940391814,0.006846185649962798
2022-07-02,ETHUSDT,1059.73,1078.88,1028.29,1067.01,714812.0804,0.006846185649962798,-0.7818659778924092,0.6256628453178275,32.73958756801164,22.603044253053184,0.006771708102821149
2022-07-03,ETHUSDT,1067.01,1088.34,1040.78,1074.26,644746.3337,0.006771708102821149,-0.10316272517896802,0.5749155263170679,33.45892764223228,22.827499269297164,0.06899907728999789
2022-07-04,ETHUSDT,1074.26,1160.9,1045.37,1151.0,1150108.9861,0.06899907728999789,0.5787550290333799,1.057807548432005,40.68953130814579,28.177175490879677,-0.01620355136469359
2022-07-05,ETHUSDT,1151.01,1174.9,1076.34,1132.5,1398961.4495,-0.01620355136469359,0.1958734311431116,1.2408149840205867,39.57313139150588,30.316586419882782,0.046639213828519155
2022-07-06,ETHUSDT,1132.51,1205.0,1111.44,1186.57,1211768.0757,0.046639213828519155,-0.14364962689663918,1.036069594734479,44.37669170735748,34.89386403094565,0.04201834241640652
2022-07-07,ETHUSDT,1186.57,1254.29,1163.18,1237.49,1001316.079,0.04201834241640652,-0.19076529892580024,0.8649800880207106,48.52654892777665,40.478644977578,-0.019131493596315344
2022-07-08,ETHUSDT,1237.49,1276.46,1193.15,1214.04,1189518.3631,-0.019131493596315344,0.17223327457747137,1.0836365249044118,46.79507628537649,41.56376737271502,0.0024516067004322632
2022-07-09,ETHUSDT,1214.03,1235.4,1204.67,1217.02,576337.1809,0.0024516067004322632,-0.72461089435399,0.5518031181770012,47.05361799514441,41.36367567298687,-0.04080419162975006
2022-07-10,ETHUSDT,1217.02,1219.95,1153.0,1168.36,1018038.6506,-0.04080419162975006,0.5689402906475558,0.9935191005009875,43.349353881099326,36.97870547145328,-0.06356897064785066
2022-07-11,ETHUSDT,1168.37,1171.29,1091.71,1096.4,1201652.3048,-0.06356897064785066,0.16581964577647004,1.1146980854976634,38.519902141345156,28.62936836659729,-0.05417768989552516
2022-07-12,ETHUSDT,1096.37,1098.26,1033.46,1038.58,1261349.6321,-0.05417768989552516,0.04848475391858017,1.1621375962676788,35.13300423278403,19.070058581698945,0.0710000093611134
2022-07-13,ETHUSDT,1038.58,1119.18,1006.32,1115.0,2035605.8299,0.0710000093611134,0.4786111954065347,1.910090946977334,42.34813078388388,17.77689484685051,0.06796872989362288
2022-07-14,ETHUSDT,1115.01,1214.65,1072.11,1193.42,1605101.9262,0.06796872989362288,-0.23760621971359397,1.356344795190294,48.658997406498564,21.81969928252812,0.03120677869845652
2022-07-15,ETHUSDT,1193.42,1287.82,1181.05,1231.25,1466037.2584,0.03120677869845652,-0.090624241837831,1.1546712633219312,51.42156742012213,26.354964220978815,0.09639865042623087
2022-07-16,ETHUSDT,1231.25,1422.91,1191.23,1355.85,1493809.9226,0.09639865042623087,0.018766833292868657,1.1410442336839763,59.20727442661993,36.4385381747162,-0.012766920485781647
2022-07-17,ETHUSDT,1355.84,1387.0,1319.04,1338.65,1246202.8795,-0.012766920485781647,-0.18122861969158083,0.8652817041919674,57.829435038138314,40.338691593053866,0.16642121490543102
2022-07-18,ETHUSDT,1338.65,1597.47,1336.07,1581.04,2029918.76521,0.16642121490543102,0.487894543365445,1.378250482669698,68.83592239590132,56.63323163828642,-0.024795082040965585
2022-07-19,ETHUSDT,1581.03,1631.0,1493.11,1542.32,1846048.6816,-0.024795082040965585,-0.09494826798450032,1.1602002476041595,65.87801118967292,61.77328432105173,-0.013538507645356856
2022-07-20,ETHUSDT,1542.33,1620.4,1484.23,1521.58,1351177.4247,-0.013538507645356856,-0.31207112835192813,0.8068296202779653,64.2845743421689,60.65911815321142,0.03479167709103766
2022-07-21,ETHUSDT,1521.63,1605.98,1463.56,1575.45,1247327.4963,0.03479167709103766,-0.07997311921562503,0.7909999691307349,66.54786887071175,60.30651670284275,-0.025834684417970613
2022-07-22,ETHUSDT,1575.45,1650.05,1516.11,1535.27,1170723.0873,-0.025834684417970613,-0.06338167831777787,0.7672903330438229,63.32453781817914,54.310231181728454,0.008690236730156871
2022-07-23,ETHUSDT,1535.27,1596.51,1488.0,1548.67,851284.7339,0.008690236730156871,-0.3186302001893232,0.5737962099279933,63.95163646453158,48.38649544146601,0.031168596984445608
2022-07-24,ETHUSDT,1548.66,1664.34,1545.67,1597.7,1009935.8997,0.031168596984445608,0.170895482139671,0.7256267342566018,66.22710255189166,44.98230526546307,-0.10337352078442748
2022-07-25,ETHUSDT,1597.7,1609.55,1435.58,1440.79,1418390.9809,-0.10337352078442748,0.3396362539185284,1.0444248151615787,54.393762913752944,30.090637252318245,0.005764901377539924
2022-07-26,ETHUSDT,1440.79,1454.11,1356.17,1449.12,1199643.7408,0.005764901377539924,-0.16749848706519807,0.944082252437733,54.85493280021433,19.256134645067377,0.12113882570088544
2022-07-27,ETHUSDT,1449.12,1644.44,1420.83,1635.74,1513426.0413,0.12113882570088544,0.23235135223080272,1.2843551744130959,63.7088474032754,22.86670989979382,0.05285344954663206
2022-07-28,ETHUSDT,1635.74,1784.79,1593.27,1724.52,1578145.07555,0.05285344954663206,0.04187417226156094,1.3134428198230745,67.02234343541531,29.04586970445807,-0.001648192584826196
2022-07-29,ETHUSDT,1724.52,1765.99,1655.02,1721.68,1205266.5703,-0.001648192584826196,-0.26954939189824795,0.9651453594951453,66.8121934780653,30.597871004327345,-0.014438572055103257
2022-07-30,ETHUSDT,1721.68,1744.85,1673.01,1697.0,735132.5286,-0.014438572055103257,-0.4944052476459912,0.5863574685579478,64.90753841688579,27.70478400853864,-0.011187867057264347
2022-07-31,ETHUSDT,1697.0,1754.69,1666.0,1678.12,696326.8079,-0.011187867057264347,-0.05423169226913398,0.562854613785576,63.41812413245582,22.48425982890643,-0.028922339987396926
2022-08-01,ETHUSDT,1678.12,1704.68,1606.12,1630.28,801566.5648,-0.028922339987396926,0.14074891717181506,0.6722673055412689,59.68105824142986,14.17920589598792,0.000386362038297038
2022-08-02,ETHUSDT,1630.28,1678.0,1559.28,1630.91,1081964.5104,0.000386362038297038,0.2999656399866473,0.9798491999793325,59.71472472529834,7.437118008442468,-0.00784843998302193
2022-08-03,ETHUSDT,1630.91,1685.03,1589.71,1618.16,777724.7413,-0.00784843998302193,-0.3301610002494341,0.7152123140986978,58.64741171097059,1.1572673080940348,-0.006323406437222392
2022-08-04,ETHUSDT,1618.16,1662.79,1580.39,1607.96,735552.181,-0.006323406437222392,-0.05575117479910071,0.7488031296719431,57.75801140816349,-4.343564531219329,0.07708380245522739
2022-08-05,ETHUSDT,1607.97,1742.07,1605.64,1736.81,1005846.4712,0.07708380245522739,0.3129632420718846,1.1669653987329132,64.98243636005913,-0.18401372980356712,-0.0269666017680178
2022-08-06,ETHUSDT,1736.81,1749.93,1685.26,1690.6,523314.6444,-0.0269666017680178,-0.6534018281928454,0.6278935641493577,60.9560801906598,-1.3590735916402679,0.005656514010153265
2022-08-07,ETHUSDT,1690.6,1729.79,1668.0,1700.19,439904.764,0.005656514010153265,-0.17362463966893596,0.5477003329722103,61.48937104179033,-2.2520422443160157,0.04421467656389727
2022-08-08,ETHUSDT,1700.2,1818.0,1693.87,1777.05,781620.5443,0.04421467656389727,0.5748111272814189,1.0196556861781851,65.55061142234582,1.3767564050596945,-0.04270422211195693
2022-08-09,ETHUSDT,1777.05,1790.83,1667.93,1702.76,818171.1019,-0.04270422211195693,0.04570210044495039,1.0713196786277783,59.06672178935546,-1.9996942157104343,0.08486304530864872
2022-08-10,ETHUSDT,1702.76,1885.0,1656.78,1853.57,1317767.5127,0.08486304530864872,0.4766228197406976,1.8150587480716125,66.34450774974701,4.780013589054008,0.014259326281607759
2022-08-11,ETHUSDT,1853.58,1942.0,1850.32,1880.19,1105261.9009,0.014259326281607759,-0.17585670523960986,1.376127611108649,67.44479426496193,9.633590964014118,0.04069370138366628
2022-08-12,ETHUSDT,1880.19,1964.71,1853.06,1958.28,717628.1015,0.04069370138366628,-0.4318861298839189,0.8383664046576652,70.49238094359258,16.288212808981612,0.012821631671543106
2022-08-13,ETHUSDT,1958.28,2020.0,1946.5,1983.55,695876.0293,0.012821631671543106,-0.03077994472606236,0.8540349330564646,71.42460928481893,20.314875027758177,-0.024620648251884012
2022-08-14,ETHUSDT,1983.55,2030.0,1906.0,1935.31,569583.4852,-0.024620648251884012,-0.20026615964987346,0.6785106143231939,67.06854990649097,17.74576060092342,-0.018908493460727118
2022-08-15,ETHUSDT,1935.32,2012.47,1872.31,1899.06,949162.3305,-0.018908493460727118,0.5106744722517991,1.106266623778622,63.91406985117146,11.901945988728045,-0.011860097226792179
2022-08-16,ETHUSDT,1899.05,1915.0,1853.0,1876.67,622729.1499,-0.011860097226792179,-0.42146816535815174,0.7061049693574102,61.975161407739776,5.169341038338928,-0.022863251068879646
2022-08-17,ETHUSDT,1876.67,1959.43,1818.74,1834.25,951824.8975,-0.022863251068879646,0.424269413785156,1.1145474736870187,58.362745103714325,-3.057455980842093,0.006596702760469762
2022-08-18,ETHUSDT,1834.24,1882.37,1821.25,1846.39,606254.024,0.006596702760469762,-0.45108200692103123,0.7561882286400411,59.0975335688238,-8.300661049016469,-0.13761329834110575
2022-08-19,ETHUSDT,1846.39,1848.0,1602.37,1609.01,1419826.9515,-0.13761329834110575,0.8509911982728638,1.9438051799345692,43.08617175991608,-27.30381560062375,-0.020703711207068178
2022-08-20,ETHUSDT,1609.0,1657.08,1523.67,1576.04,914615.9226,-0.020703711207068178,-0.4397860575966053,1.1009507582615172,41.40812526925989,-40.82806357139094,0.026355789690766056
2022-08-21,ETHUSDT,1576.03,1646.52,1562.34,1618.13,780662.6062,0.026355789690766056,-0.1583611662366266,0.9056415605886454,44.385924833238676,-45.32606635325779,0.004027401605630431
2022-08-22,ETHUSDT,1618.13,1629.72,1529.92,1624.66,941192.8954,0.004027401605630431,0.1870050541808591,1.0549672080972492,44.85418751339824,-46.096849631344014,0.024772776244363897
2022-08-23,ETHUSDT,1624.65,1676.07,1563.76,1665.41,940246.932,0.024772776244363897,-0.00100557399278486,1.0552535185703356,47.807516994308784,-42.20217369902116,-0.00532817631539061
2022-08-24,ETHUSDT,1665.4,1694.13,1604.92,1656.56,744667.6078,-0.00532817631539061,-0.23320457959121446,0.7952665282287606,47.21610536080138,-38.656612501471685,0.02300447243224016
2022-08-25,ETHUSDT,1656.56,1722.0,1653.68,1695.11,603090.713,0.02300447243224016,-0.2108703332265571,0.6650897170852448,50.11119850514745,-32.40267032866247,-0.11684400962412589
2022-08-26,ETHUSDT,1695.11,1706.45,1486.85,1508.18,1149912.8292,-0.11684400962412589,0.6453737962232531,1.2687586023216764,38.95405359030702,-39.09476401100911,-0.011416349436118464
2022-08-27,ETHUSDT,1508.18,1518.42,1447.52,1491.06,756136.6768,-0.011416349436118464,-0.41921926853154073,0.8713561638083286,38.11701288019813,-42.6243891838694,-0.044081137075116225
2022-08-28,ETHUSDT,1491.06,1511.0,1424.0,1426.76,544846.4486,-0.044081137075116225,-0.3277181399796874,0.6446894851887297,35.06904905116042,-46.90057935212915,0.08400940813119989
2022-08-29,ETHUSDT,1426.76,1559.99,1422.08,1551.8,826252.0831,0.08400940813119989,0.41639590303509344,1.0182515424962584,44.38276556861692,-39.23040466685705,-0.017690026024654703
2022-08-30,ETHUSDT,1551.79,1606.13,1473.61,1524.59,1003075.0172,-0.017690026024654703,0.19392566567413613,1.2616948274158235,42.939351310095184,-34.10138845081123,0.019171078486372013
2022-08-31,ETHUSDT,1524.59,1619.78,1524.59,1554.1,949227.6775,0.019171078486372013,-0.05517689508485136,1.180635346660783,45.02743538049493,-27.136530784179662,0.020419400908740976
2022-09-01,ETHUSDT,1554.11,1599.0,1512.77,1586.16,728710.482,0.020419400908740976,-0.264372173808617,0.8745713033934852,47.284423275062636,-19.16152792469869,-0.0068385310360521735
2022-09-02,ETHUSDT,1586.17,1650.0,1546.41,1575.35,919009.6598,-0.0068385310360521735,0.23202012441512027,1.0797068738341993,46.58984474660661,-13.663638705809525,-0.011421180645425143
2022-09-03,ETHUSDT,1575.35,1582.71,1534.28,1557.46,321397.2189,-0.011421180645425143,-1.0506188333225792,0.392819830121693,45.40123242107872,-10.427251628211188,0.013912757808582676
2022-09-04,ETHUSDT,1557.45,1583.66,1540.66,1579.28,296591.1166,0.013912757808582676,-0.08032332170585711,0.39227785071183013,47.17152926179423,-6.220021792804747,0.02409815462643991
2022-09-05,ETHUSDT,1579.29,1631.99,1556.56,1617.8,503492.937,0.02409815462643991,0.5292152057750208,0.6987047227237011,50.23892110288324,-0.5449047916417378,-0.03701619717846296
2022-09-06,ETHUSDT,1617.8,1687.4,1555.0,1559.01,1010722.8578,-0.03701619717846296,0.6968513703808435,1.4984758757519063,45.8621163267915,-0.4560984814231759,0.044529010395418796
2022-09-07,ETHUSDT,1559.01,1657.5,1490.66,1630.0,850991.4243,0.044529010395418796,-0.1720190033163989,1.259621182314484,51.371307733625194,4.409957089961239,0.0032890636228218167
2022-09-08,ETHUSDT,1630.0,1663.56,1595.06,1635.37,645124.0085,0.0032890636228218167,-0.2769594917630495,0.9751566116849338,51.77111949055594,7.817446989753151,0.04942561276059681
2022-09-09,ETHUSDT,1635.37,1746.13,1630.51,1718.23,837458.2126,0.04942561276059681,0.2609288074951604,1.2891539628752573,57.56820493785878,15.059523158780816,0.03200983414051685
2022-09-10,ETHUSDT,1718.24,1789.0,1706.03,1774.12,411046.2466,0.03200983414051685,-0.7116656367442068,0.6443051738616766,60.97552877692367,22.569916020671165,-0.004525137444914798
2022-09-11,ETHUSDT,1774.12,1789.0,1720.1,1766.11,409287.7263,-0.004525137444914798,-0.004287334309538735,0.6289233057068683,60.229060789403995,25.725387261348644,-0.028567792358462483
2022-09-12,ETHUSDT,1766.12,1783.0,1693.0,1716.37,630774.6032,-0.028567792358462483,0.4325301970251548,0.9458666431159785,55.67136406511469,23.26411850970611,-0.0863373482233775
2022-09-13,ETHUSDT,1716.37,1760.51,1560.54,1574.4,1134549.7256,-0.0863373482233775,0.5870425406464155,1.6561370620142262,45.16569895536468,11.47248295439439,0.039839805012948044
2022-09-14,ETHUSDT,1574.4,1647.01,1552.38,1638.39,764562.5393,0.039839805012948044,-0.394687307460165,1.0879620706348458,49.767003578339185,7.568629196937283,-0.1065826509091404
2022-09-15,ETHUSDT,1638.4,1655.2,1458.0,1472.75,1335499.8047,-0.1065826509091404,0.5577570601035613,1.9343843547470758,40.3324549645893,-5.858369855939621,-0.02673339668080316
2022-09-16,ETHUSDT,1472.76,1483.35,1405.52,1433.9,693597.2425,-0.02673339668080316,-0.6551694364885826,0.8790554899745533,38.48942846187309,-16.44563240321733,0.024068160773249497
2022-09-17,ETHUSDT,1433.9,1476.13,1409.12,1468.83,421391.3743,0.024068160773249497,-0.49832941781391593,0.5483482629964126,41.095679924825056,-19.95205116694976,-0.09590198223450286
2022-09-18,ETHUSDT,1468.82,1469.63,1325.55,1334.51,804113.468,-0.09590198223450286,0.646178356564248,1.044368499365274,34.96117697776181,-29.592186800864127,0.030602021244195365
2022-09-19,ETHUSDT,1334.51,1393.35,1280.0,1375.98,974855.198,0.030602021244195365,0.19254855652223685,1.1797043216713399,38.03654348899723,-31.28551179755692,-0.039317230841676196
2022-09-20,ETHUSDT,1375.98,1384.78,1312.71,1322.93,658027.1465,-0.039317230841676196,-0.3930427585432907,0.7515930326702067,35.7103071821427,-33.86990252198234,-0.060087133912322815
2022-09-21,ETHUSDT,1322.94,1408.9,1220.0,1245.78,1192266.7379,-0.060087133912322815,0.5943654094444653,1.4766097132680287,32.58885220168848,-38.33812728844222,0.06275189983117246
2022-09-22,ETHUSDT,1245.79,1350.08,1237.32,1326.46,904282.2725,0.06275189983117246,-0.27647003600428444,1.0411571027755109,38.63018735426346,-33.593148783432184,0.000595392882671749
2022-09-23,ETHUSDT,1326.47,1360.0,1262.15,1327.25,974052.3644,0.000595392882671749,0.07432350442154102,1.2071038657358344,38.68812911138729,-28.344080152330832,-0.007654005404383535
2022-09-24,ETHUSDT,1327.24,1349.33,1306.52,1317.13,517557.3497,-0.007654005404383535,-0.6323447247393629,0.6110488172239485,38.19069842957598,-23.685871267526764,-0.01723018703557612
2022-09-25,ETHUSDT,1317.13,1337.0,1269.27,1294.63,515533.8409,-0.01723018703557612,-0.003917391622606719,0.5989451165341952,37.05010472644587,-20.378270618198002,0.031582372486728946
2022-09-26,ETHUSDT,1294.62,1340.42,1277.85,1336.17,799166.4333,0.031582372486728946,0.4383662780238395,0.9751751037793939,40.57856446142047,-13.95726554510182,-0.006118201346611302
2022-09-27,ETHUSDT,1336.17,1400.0,1303.75,1328.02,860584.8944,-0.006118201346611302,0.07404304176822747,1.083297536310796,40.10361275554374,-9.060726875652676,0.006888764382004825
2022-09-28,ETHUSDT,1328.01,1355.7,1253.2,1337.2,919314.9131,0.006888764382004825,0.06601646512728328,1.116555398310415,40.942107745121476,-4.249767519079711,-0.0011223765628838153
2022-09-29,ETHUSDT,1337.2,1352.02,1288.52,1335.7,770591.6895,-0.0011223765628838153,-0.17647008529220654,0.9824514377579581,40.841499220339664,-0.4165326268329608,-0.005239426192316352
2022-09-30,ETHUSDT,1335.69,1373.19,1313.35,1328.72,740753.611,-0.005239426192316352,-0.03949058644937405,0.9679797340314554,40.34467851140995,2.254167570064297,-0.012823456073443866
2022-10-01,ETHUSDT,1328.71,1333.69,1302.68,1311.79,252081.9056,-0.012823456073443866,-1.0779140043054927,0.34440761165469813,39.10220959526688,3.4160875656631333,-0.027098327626368574
2022-10-02,ETHUSDT,1311.79,1317.93,1270.0,1276.72,371740.0407,-0.027098327626368574,0.38844073773995963,0.5356454648649,36.58854188197931,2.4059852186483965,0.03567562092116324
2022-10-03,ETHUSDT,1276.72,1329.9,1263.04,1323.09,483775.2435,0.03567562092116324,0.26342563126292046,0.7183408953772501,41.906221918355214,5.279279394810942,0.028609778234496886
2022-10-04,ETHUSDT,1323.1,1369.55,1318.66,1361.49,476207.6702,0.028609778234496886,-0.0157663849073429,0.757802500232201,45.94862850353334,9.915329122944343,-0.0068467925900135215
2022-10-05,ETHUSDT,1361.5,1364.77,1316.29,1352.2,483508.7782,-0.0068467925900135215,0.01521542924021167,0.8430915166400664,45.130447884260725,12.347147065145009,-0.0001035403401485927
2022-10-06,ETHUSDT,1352.2,1383.99,1345.01,1352.06,573975.324,-0.0001035403401485927,0.17151693558733674,1.122718687872372,45.117409679486606,13.82570529026907,-0.015623687263455519
2022-10-07,ETHUSDT,1352.07,1361.75,1317.26,1331.1,491999.8776,-0.015623687263455519,-0.15410793813666174,1.018319275603139,43.10939003126386,13.269074987383831,-0.011804050032933833
2022-10-08,ETHUSDT,1331.1,1337.35,1303.51,1315.48,203391.6612,-0.011804050032933833,-0.8833449819878793,0.4543920784816246,41.622673378351834,11.776550842393192,0.005798523794401447
2022-10-09,ETHUSDT,1315.48,1329.0,1307.26,1323.13,186201.9185,0.005798523794401447,-0.08830181749685913,0.4225552820531509,42.66555975431237,11.233863045923727,-0.02533466791518214
2022-10-10,ETHUSDT,1323.13,1338.0,1288.0,1290.03,393663.0114,-0.02533466791518214,0.7486635740770449,0.9505290094063845,39.38690359637781,8.688788815530643,-0.007719462178011686
2022-10-11,ETHUSDT,1290.03,1298.0,1267.01,1280.11,429430.3941,-0.007719462178011686,0.08696442335568065,1.0701559803475869,38.43367149130605,6.481564497740514,0.011132157454090616
2022-10-12,ETHUSDT,1280.11,1306.87,1275.25,1294.44,369712.5759,0.011132157454090616,-0.14973378379587365,0.9369398433670091,40.667543826306,6.134609856935683,-0.0057020824489079506
2022-10-13,ETHUSDT,1294.44,1301.58,1190.0,1287.08,945618.3163,-0.0057020824489079506,0.939113134629945,2.499392573636988,39.86743385274985,5.5736370008657445,0.0071148228207480535
2022-10-14,ETHUSDT,1287.08,1343.12,1283.39,1296.27,669742.8093,0.0071148228207480535,-0.3449452445209423,1.5523748684384804,41.417297610094835,5.951407687794884,-0.016607478021246645
2022-10-15,ETHUSDT,1296.26,1301.69,1263.64,1274.92,287100.9529,-0.016607478021246645,-0.8470598657988005,0.6284731307938999,38.908338834063464,4.935205362388082,0.024047313738358313
2022-10-16,ETHUSDT,1274.93,1315.35,1274.67,1305.95,293321.3632,0.024047313738358313,0.02143490452467082,0.6257102932269205,44.19913775490368,6.430079663145925,0.01930027490231382
2022-10-17,ETHUSDT,1305.96,1338.57,1295.64,1331.4,459848.4941,0.01930027490231382,0.4496282638810588,0.9499349306695297,48.16428322212105,9.049726348210193,-0.0156620450592596
2022-10-18,ETHUSDT,1331.39,1341.73,1286.72,1310.71,572728.9189,-0.0156620450592596,0.2195154392671294,1.1604525740792477,45.343372015867146,9.271859199837998,-0.019740220320127733
2022-10-19,ETHUSDT,1310.71,1313.5,1280.31,1285.09,368637.5105,-0.019740220320127733,-0.4405987090032503,0.717178963484826,42.05847924045524,7.643878731847877,-0.0019628773350881907
2022-10-20,ETHUSDT,1285.09,1310.87,1270.36,1282.57,428531.6103,-0.0019628773350881907,0.15055070013488325,0.8339512469956906,41.73818652717897,6.3983905923754065,0.013306060811697405
2022-10-21,ETHUSDT,1282.57,1306.97,1252.65,1299.75,468076.7986,0.013306060811697405,0.08826787704883717,1.06384141909157,44.823201614785646,6.700556531439055,0.010607134072841059
2022-10-22,ETHUSDT,1299.76,1320.2,1294.32,1313.61,221776.7007,0.010607134072841059,-0.7469613590671638,0.5393691486023973,47.24992956323775,7.729775458462914,0.03778910388395278
2022-10-23,ETHUSDT,1313.62,1371.55,1299.44,1364.2,432269.46,0.03778910388395278,0.6673781208326638,1.0757094826681346,55.02526814965887,11.487148826305045,-0.015208154818900862
2022-10-24,ETHUSDT,1364.19,1370.6,1324.17,1343.61,611830.797,-0.015208154818900862,0.3474066250028016,1.450882428579952,51.686041565801226,12.1887859774825,0.08289831625036694
2022-10-25,ETHUSDT,1343.61,1525.16,1334.94,1459.74,1127932.9012,0.08289831625036694,0.6116861767412074,2.5437845706986195,64.69828739258108,19.635736177007725,0.07033011482030309
2022-10-26,ETHUSDT,1459.74,1594.99,1457.44,1566.1,1236044.7023,0.07033011482030309,0.0915298587360711,2.364629959295092,72.10768344282687,30.251884091700312,-0.03380027292123538
2022-10-27,ETHUSDT,1566.11,1578.58,1503.2,1514.05,869454.4851,-0.03380027292123538,-0.35180581790973386,1.3445777499789293,64.92590303535869,32.11960143212821,0.026307872841872658
2022-10-28,ETHUSDT,1514.04,1574.9,1479.82,1554.41,858954.4425,0.026307872841872658,-0.012150101291859903,1.210431660683899,67.6190226232918,34.23024638922898,0.04105228046823375
2022-10-29,ETHUSDT,1554.4,1663.06,1547.66,1619.55,914161.0846,0.04105228046823375,0.06229091221072006,1.1942539976945223,71.43173687401008,37.88589422765705,-0.01813762536979552
2022-10-30,ETHUSDT,1619.55,1640.06,1576.56,1590.44,476036.4243,-0.01813762536979552,-0.6525124243396961,0.5507269701042836,67.60104810456865,36.21712040877178,-0.011223178506764802
2022-10-31,ETHUSDT,1590.45,1635.8,1545.43,1572.69,810334.2414,-0.011223178506764802,0.5319524333137446,0.9307439420373019,65.30146341970763,31.941004644961716,0.003674829676506621
2022-11-01,ETHUSDT,1572.69,1612.92,1563.69,1578.48,527539.2965,0.003674829676506621,-0.42922344794603945,0.5868144015813375,65.71120784631714,27.684286312646606,-0.03884472586553249
2022-11-02,ETHUSDT,1578.47,1621.68,1502.32,1518.34,981395.3648,-0.03884472586553249,0.6207520422857941,1.206805054656778,58.04413198082076,19.392273459514513,0.008310015519320951
2022-11-03,ETHUSDT,1518.33,1559.01,1515.17,1531.01,560202.8813,0.008310015519320951,-0.5606763944414984,0.7211309426002591,59.12614815183297,13.608062381739998,0.07167898833885042
2022-11-04,ETHUSDT,1531.01,1680.0,1528.4,1644.78,935531.4781,0.07167898833885042,0.5128157874169069,1.2768962366059091,67.28492098347539,16.1198610603877,-0.010881101073359998
2022-11-05,ETHUSDT,1644.78,1666.97,1621.42,1626.98,351385.5362,-0.010881101073359998,-0.9792307791663255,0.47254637459977433,65.0956078181201,15.266534844099318,-0.036739681791493305
2022-11-06,ETHUSDT,1626.98,1639.02,1564.39,1568.29,414863.9525,-0.036739681791493305,0.16606662677800652,0.6255453837711105,58.35363708930538,9.70444651276405,-0.0001211584020051137
2022-11-07,ETHUSDT,1568.25,1608.04,1545.03,1568.1,642409.4494,-0.0001211584020051137,0.4372752308681097,0.9815800154258539,58.33257407648099,5.1937861095656075,-0.16110570303953478
2022-11-08,ETHUSDT,1568.09,1579.98,1233.0,1334.77,2339916.5089,-0.16110570303953478,1.2926446557067948,3.711352456741878,39.48409200719797,-13.31169119756079,-0.19097006900385916
2022-11-09,ETHUSDT,1334.78,1337.16,1073.53,1102.73,2494797.9357,-0.19097006900385916,0.06409248945261044,2.805077508438117,29.33324454656649,-39.506096092878046,0.16402134152275558
2022-11-10,ETHUSDT,1102.73,1350.0,1085.93,1299.28,1975955.6767,0.16402134152275558,-0.23315556997414724,1.7872460492644315,42.75758528178341,-41.70496293250811,-0.007726341863364996
2022-11-11,ETHUSDT,1299.28,1310.0,1201.26,1289.28,1308087.1498,-0.007726341863364996,-0.4124862891513603,1.0001911018843852,42.31712615207908,-41.8351075714363,-0.02515712695090829
2022-11-12,ETHUSDT,1289.35,1292.16,1238.7,1257.25,547772.9172,-0.02515712695090829,-0.8704603416896113,0.40246068149068187,40.86506062441559,-41.97234727712275,-0.028855371043540967
2022-11-13,ETHUSDT,1257.25,1274.23,1200.66,1221.49,547410.5304,-0.028855371043540967,-0.0006617828529456491,0.3940714841938911,39.24590120658195,-42.24921611751145,0.017681623598823245
2022-11-14,ETHUSDT,1221.5,1291.2,1171.13,1243.28,934742.0059,0.017681623598823245,0.5350715281519334,0.6638556798110722,40.785508191121295,-38.83008680997229,0.007971169901038475
2022-11-15,ETHUSDT,1243.29,1291.0,1234.01,1253.23,632825.568,0.007971169901038475,-0.3900757415060134,0.4364880739903705,41.5143514372442,-33.94071339208169,-0.030017642122180853
2022-11-16,ETHUSDT,1253.22,1268.67,1187.06,1216.17,673339.7215,-0.030017642122180853,0.06205516886997024,0.5583518098566592,39.56117135482888,-31.30883910780406,-0.013026750462845106
2022-11-17,ETHUSDT,1216.16,1228.22,1181.05,1200.43,530537.3488,-0.013026750462845106,-0.23835963046648895,0.5609798356199164,38.727776924126935,-28.797936974350726,0.01007049509316885
2022-11-18,ETHUSDT,1200.42,1234.0,1199.18,1212.58,360218.5337,0.01007049509316885,-0.387179473259244,0.48727893578166326,39.78231374812997,-24.64897251285621,0.004188875582935169
2022-11-19,ETHUSDT,1212.58,1235.0,1197.67,1217.67,209789.5888,0.004188875582935169,-0.5406058150059697,0.34742853283120617,40.24628302729306,-20.085170603817396,-0.06397421437289094
2022-11-20,ETHUSDT,1217.67,1227.07,1132.65,1142.21,531108.7607,-0.06397421437289094,0.928861752352568,0.9560020604664622,35.83779067865838,-20.595333310686456,-0.031004239269978077
2022-11-21,ETHUSDT,1142.21,1146.99,1079.76,1107.34,922647.9454,-0.031004239269978077,0.5522809147941854,1.6677683678111106,33.9852222496898,-21.621715262697315,0.02871658066714913
2022-11-22,ETHUSDT,1107.34,1146.13,1075.0,1139.6,748884.5791,0.02871658066714913,-0.20866286583082974,1.3579163918999533,37.21863313488744,-18.58448876400726,0.038660305594043654
2022-11-23,ETHUSDT,1139.59,1190.0,1127.75,1184.52,636927.1594,0.038660305594043654,-0.16192957205937744,1.1212021699004011,41.5142898347724,-12.309198212355767,0.016087440010925196
2022-11-24,ETHUSDT,1184.52,1217.71,1180.6,1203.73,486080.6123,0.016087440010925196,-0.27028082050741226,0.863570028361169,43.3009696526781,-5.946009928308165,-0.0036870159910469204
2022-11-25,ETHUSDT,1203.72,1207.77,1171.2,1199.3,391430.1658,-0.0036870159910469204,-0.2165673555456189,0.7033501754438286,42.97492793995274,-1.3563953062454743,0.005239315074610342
2022-11-26,ETHUSDT,1199.29,1235.66,1196.2,1205.6,379840.8116,0.005239315074610342,-0.030054875422033195,0.6771007153112276,43.62503271144531,2.5688375538866666,-0.009768860923016917
2022-11-27,ETHUSDT,1205.61,1223.33,1188.65,1193.88,286386.7986,-0.009768860923016917,-0.28240890835777904,0.4893206539098399,42.65090147124889,4.716032401784325,-0.02211256020017287
2022-11-28,ETHUSDT,1193.88,1199.25,1151.02,1167.77,478795.6093,-0.02211256020017287,0.5139304636741879,0.8700407409699759,40.48215269126425,4.707142993800879,0.04087371569654329
2022-11-29,ETHUSDT,1167.77,1228.37,1158.27,1216.49,512143.5861,0.04087371569654329,0.0673312239001131,1.0518314103903503,45.999887096373364,8.11207499441582,0.06212395686716445
2022-11-30,ETHUSDT,1216.49,1309.77,1212.5,1294.46,815679.2717,0.06212395686716445,0.4654162009880205,1.8002731627646493,53.43929043377437,15.326409562223766,-0.014042169844776358
2022-12-01,ETHUSDT,1294.46,1299.9,1262.77,1276.41,430018.7391,-0.014042169844776358,-0.6401924412723118,0.8984509124299298,51.66480441294458,18.387512452211055,0.014914739927744848
2022-12-02,ETHUSDT,1276.4,1297.18,1265.24,1295.59,371559.585,0.014914739927744848,-0.14611954543416425,0.7895216151114228,53.43423967528681,21.019004879924836,-0.0434436044707897
2022-12-03,ETHUSDT,1295.58,1309.0,1236.26,1240.51,347148.2588,-0.0434436044707897,-0.06795729411878094,0.7421267110521844,47.99995888092427,18.45627233249914,0.030876448784335594
2022-12-04,ETHUSDT,1240.5,1287.19,1240.1,1279.41,324129.5466,0.030876448784335594,-0.06860867642271083,0.6999057701764777,51.733401555785086,18.727761341984504,-0.015755676837173074
2022-12-05,ETHUSDT,1279.4,1305.11,1246.61,1259.41,391628.5166,-0.015755676837173074,0.18917045767577095,0.8359264679293902,49.755468021009904,16.959908857659197,0.009412373448134082
2022-12-06,ETHUSDT,1259.41,1274.76,1241.56,1271.32,301631.839,0.009412373448134082,-0.26110653120237143,0.661409613710616,50.95794229033983,16.004276971587366,-0.032082671682039744
2022-12-07,ETHUSDT,1271.31,1278.69,1218.01,1231.18,398559.5166,-0.032082671682039744,0.27864964110868873,0.9356498042622742,46.88531976283927,12.249638637487969,0.03902763394865509
2022-12-08,ETHUSDT,1231.18,1292.58,1222.01,1280.18,406653.5447,0.03902763394865509,0.020104742760634047,1.1099159546910187,51.93532345736506,12.598248781654497,-0.01343167624696493
2022-12-09,ETHUSDT,1280.18,1296.64,1250.0,1263.1,406008.0032,-0.01343167624696493,-0.0015887096847315815,1.118342555438752,50.14559802620755,11.254635676648792,0.0025697300112286145
2022-12-10,ETHUSDT,1263.11,1283.61,1259.6,1266.35,182278.6396,0.0025697300112286145,-0.8008363685982486,0.4953686915174751,50.495181760133335,10.192565756181255,-0.002640985815637715
2022-12-11,ETHUSDT,1266.35,1284.75,1255.85,1263.01,180494.902,-0.002640985815637715,-0.00983396951770985,0.5240656024640807,50.10632642821703,8.918847785941411,0.009762093905650984
2022-12-12,ETHUSDT,1263.0,1278.9,1240.03,1275.4,363750.5481,0.009762093905650984,0.7007657916819309,1.1230558008309772,51.59546027946905,8.562767312778172,0.03489447239766374
2022-12-13,ETHUSDT,1275.41,1349.0,1255.1,1320.69,659393.8825,0.03489447239766374,0.594852727932535,2.0611791545220024,56.68462000101967,10.880595432813864,-0.010083300494032527
2022-12-14,ETHUSDT,1320.69,1352.72,1301.0,1307.44,554465.5717,-0.010083300494032527,-0.17331633726732718,1.4944363574896011,54.86713631571298,10.992188158971501,-0.03178225373876851
2022-12-15,ETHUSDT,1307.45,1311.14,1259.27,1266.54,390051.2447,-0.03178225373876851,-0.35172658879532576,0.9917595323928505,49.58238222528641,7.925493582161527,-0.08199810303572418
2022-12-16,ETHUSDT,1266.53,1280.06,1155.32,1166.83,751422.2779,-0.08199810303572418,0.6556896540645444,1.922187432919094,39.57476058120686,-0.7437093174554956,0.017273230112821638
2022-12-17,ETHUSDT,1166.82,1190.03,1161.92,1187.16,328881.6281,0.017273230112821638,-0.8262698882078982,0.7470078420328972,42.139080271951386,-4.807634525364788,-0.0034595979186281527
2022-12-18,ETHUSDT,1187.16,1199.54,1170.32,1183.06,252260.144,-0.0034595979186281527,-0.2652370205167251,0.5469545783182999,41.75423559302723,-7.320131175948108,-0.01296553928147506
2022-12-19,ETHUSDT,1183.06,1195.0,1150.51,1167.82,296832.7228,-0.01296553928147506,0.16270788473898717,0.6296021854898228,40.281607697611975,-9.42275795210611,0.041200748287920794
2022-12-20,ETHUSDT,1167.82,1230.47,1163.12,1216.94,465184.1943,0.041200748287920794,0.44926468669053105,1.007107857387877,46.794943493004666,-7.029481846735642,-0.002600054124051634
2022-12-21,ETHUSDT,1216.95,1223.39,1203.02,1213.78,245723.8377,-0.002600054124051634,-0.6382251495709502,0.5659794407533252,46.443999044588516,-5.264086256821173,0.0032325885956782634
2022-12-22,ETHUSDT,1213.78,1237.99,1182.54,1217.71,336761.6598,0.0032325885956782634,0.31516714483288355,0.8633788326001255,46.976594210755856,-3.520313810067613,0.0018706162898215746
2022-12-23,ETHUSDT,1217.72,1231.99,1210.0,1219.99,278604.2882,0.0018706162898215746,-0.18958298600289636,0.7284951805226838,47.30400551122844,-1.9787814016826992,0.000344205871288915
2022-12-24,ETHUSDT,1219.98,1227.99,1214.69,1220.41,123701.5301,0.000344205871288915,-0.8119208044229091,0.3928371599482603,47.368477505624334,-0.7590096190362736,-0.0015580670004475847
2022-12-25,ETHUSDT,1220.42,1225.0,1193.18,1218.51,231652.0612,-0.0015580670004475847,0.6273648609652552,0.8111600619257436,47.08781073792926,0.04881934090974838,0.007847601399340806
2022-12-26,ETHUSDT,1218.52,1231.09,1211.67,1228.11,162723.0857,0.007847601399340806,-0.35318661435919163,0.5757313418403265,48.74045223250575,1.2898946560416373,-0.013575870686164657
2022-12-27,ETHUSDT,1228.12,1233.73,1200.58,1211.55,262437.6398,-0.013575870686164657,0.47796359577232783,0.9960489192375961,46.06749911902257,1.0650511581178996,-0.017821181974358467
2022-12-28,ETHUSDT,1211.55,1215.78,1181.06,1190.15,367828.8914,-0.017821181974358467,0.3376043698730447,1.5684672302407334,42.800921164949976,-0.3781201444692286,0.008650457182000732
2022-12-29,ETHUSDT,1190.15,1206.57,1186.77,1200.49,249130.4869,0.008650457182000732,-0.3896410580387551,0.9887760701188109,44.836290838522544,-0.48282782581064154,-0.00041658335602117456
2022-12-30,ETHUSDT,1200.48,1202.15,1181.08,1199.99,266014.2115,-0.00041658335602117456,0.06557293106945206,1.1109861826558605,44.75336038046296,-0.4338065035299987,-0.003221878152229308
2022-12-31,ETHUSDT,1199.98,1208.46,1191.66,1196.13,139379.2811,-0.003221878152229308,-0.6463508758910734,0.5865116084277039,44.075587050283175,-0.5044392163784011,0.0035135047223095435
2023-01-01,ETHUSDT,1196.13,1204.67,1190.57,1200.34,117762.0685,0.0035135047223095435,-0.16853263794167522,0.4909190917340495,45.05300928002209,-0.13020781081887556,0.011315842641327302
2023-01-02,ETHUSDT,1200.33,1224.29,1193.0,1214.0,252794.14,0.011315842641327302,0.7639092614107617,1.1305094812887486,48.215531517920894,1.1066116700572017,0.00045294518078942554
2023-01-03,ETHUSDT,1213.99,1219.89,1204.93,1214.55,205519.4944,0.00045294518078942554,-0.20703458892689108,0.869084672179897,48.34444649289614,1.980076760008533,0.03427473413055879
2023-01-04,ETHUSDT,1214.56,1272.6,1212.71,1256.9,457799.6648,0.03427473413055879,0.8008907826233368,2.0048425723406575,57.183241126737585,5.243075225838519,-0.004513312341289764
2023-01-05,ETHUSDT,1256.91,1259.95,1242.81,1251.24,272805.33,-0.004513312341289764,-0.5176732114191246,1.1310341437687097,55.808799177563934,6.75689907839622,0.01420444612878775
2023-01-06,ETHUSDT,1251.25,1276.7,1236.0,1269.14,342344.2023,0.01420444612878775,0.2270582065140327,1.3997111980761108,59.15262089137823,8.583160842436579,-0.004002831798053262
2023-01-07,ETHUSDT,1269.13,1271.09,1261.3,1264.07,129474.2884,-0.004002831798053262,-0.9723343541624953,0.5067758331019706,57.81814396651673,9.024062479393553,0.020429567752023686
2023-01-08,ETHUSDT,1264.06,1296.0,1257.77,1290.16,213636.7848,0.020429567752023686,0.5007949894890013,0.8408536272346381,62.50576387454947,10.541525176003475,0.02316090581551178
2023-01-09,ETHUSDT,1290.15,1344.91,1285.44,1320.39,581727.6968,0.02316090581551178,1.0017251575875823,2.1725088400927954,67.07183789430192,12.894386446303555,0.011468456012886432
2023-01-10,ETHUSDT,1320.4,1347.69,1316.8,1335.62,459660.2307,0.011468456012886432,-0.2355148756803667,1.4603597868767078,69.11266103952757,14.660864610282452,0.039469198380846296
2023-01-11,ETHUSDT,1335.63,1398.0,1321.04,1389.39,472465.9556,0.039469198380846296,0.027478105048379692,1.3458113551125044,75.00311305384305,18.393325186523334,0.018914694600993435
2023-01-12,ETHUSDT,1389.4,1438.0,1361.92,1415.92,877712.4492,0.018914694600993435,0.6193533406894517,2.4853165873719076,77.30305767604426,21.382048429275578,0.02461130387837389
2023-01-13,ETHUSDT,1415.91,1464.0,1401.03,1451.2,499377.8649,0.02461130387837389,-0.5639559799118965,1.1360482635022204,79.9455741093513,24.25760825385809,0.06579961234213291
2023-01-14,ETHUSDT,1451.21,1599.98,1449.14,1549.9,940691.7774,0.06579961234213291,0.6332524845268072,2.036094590611484,85.15334810067017,30.903526085925872,0.0016890044693156662
2023-01-15,ETHUSDT,1549.91,1566.66,1516.03,1552.52,387832.7138,0.0016890044693156662,-0.8860414413507158,0.6711114819863635,85.26275057653007,33.362204751805386,0.015606843142374753
2023-01-16,ETHUSDT,1552.52,1604.5,1521.31,1576.94,574622.8953,0.015606843142374753,0.3931398947317287,0.9532859618458875,86.27772216273125,34.38270088829739,-0.007236285399048734
2023-01-17,ETHUSDT,1576.94,1609.0,1541.15,1565.57,506771.7219,-0.007236285399048734,-0.12565334184882215,0.8421404580767677,83.3977308789384,32.08587666556609,-0.0351937523795323
2023-01-18,ETHUSDT,1565.56,1610.0,1501.39,1511.43,752534.8857,-0.0351937523795323,0.39538670574837603,1.236711973259428,71.20872749084691,25.027611945218844,0.025901687036221963
2023-01-19,ETHUSDT,1511.44,1564.43,1509.15,1551.09,308679.4645,0.025901687036221963,-0.8911439485010452,0.4759852762306826,74.18519996437536,21.284028341175244,0.06696772883159907
2023-01-20,ETHUSDT,1551.09,1669.9,1542.02,1658.52,440570.9974,0.06696772883159907,0.3557682001817296,0.7767253964362104,80.16652467588364,24.090679954306225,-0.019396805593906385
2023-01-21,ETHUSDT,1658.53,1679.26,1616.21,1626.66,494248.6009,-0.019396805593906385,0.1149670243296973,0.8844584873975458,74.6429256185701,21.911692861264328,0.0004793952336671706
2023-01-22,ETHUSDT,1626.65,1663.89,1604.0,1627.44,431729.6909,0.0004793952336671706,-0.13523895439984923,0.8721154315775166,74.68890610057977,18.75509748578679,-0.0007068810552112466
2023-01-23,ETHUSDT,1627.43,1648.09,1585.29,1626.29,407267.1156,-0.0007068810552112466,-0.05833040303818391,0.8124084469083447,74.47448387559447,14.9853153718026,-0.04420220164166934
2023-01-24,ETHUSDT,1626.28,1641.46,1535.0,1555.97,462275.3243,-0.04420220164166934,0.1266913797682586,0.9683179339497603,62.633539076048045,6.580395525990667,0.035339277183372556
2023-01-25,ETHUSDT,1555.97,1641.0,1518.0,1611.94,646474.9166,0.035339277183372556,0.33537374507337503,1.372430798769128,67.11516541817039,3.7553956452499904,-0.006753775247761214
2023-01-26,ETHUSDT,1611.95,1632.84,1577.43,1601.09,532777.8466,-0.006753775247761214,-0.19342985953911684,1.1686484831990194,65.47573431592988,0.30301705683137925,-0.0021696254810138083
2023-01-27,ETHUSDT,1601.08,1621.0,1552.54,1597.62,512093.3875,-0.0021696254810138083,-0.039597533289485294,1.0495731018003345,64.92947505010126,-2.8913272390163485,-0.01610271660394524
2023-01-28,ETHUSDT,1597.61,1606.83,1555.99,1572.1,313675.6574,-0.01610271660394524,-0.49014749202469077,0.6297142035685301,60.90501716067712,-7.157077400390136,0.04515785174820973
2023-01-29,ETHUSDT,1572.1,1660.0,1566.33,1644.72,551767.9134,0.04515785174820973,0.5647679972820917,1.1681887530801351,67.14552925486132,-5.591368375228399,-0.0489178536288406
2023-01-30,ETHUSDT,1644.73,1647.53,1535.0,1566.2,595055.3281,-0.0489178536288406,0.07552687850038568,1.2156986247935817,56.62135173135856,-10.085348610252098,0.012140284216281837
2023-01-31,ETHUSDT,1566.21,1605.18,1561.63,1585.33,348856.6751,0.012140284216281837,-0.5339932248385908,0.6756821779748413,58.3347730952112,-11.887061386666545,0.03492752019938955
2023-02-01,ETHUSDT,1585.32,1647.77,1555.18,1641.68,474617.1709,0.03492752019938955,0.3078473582902448,0.9490440653251351,62.97412320841771,-9.504477852284964,0.0008767657648843299
2023-02-02,ETHUSDT,1641.67,1714.68,1626.85,1643.12,629188.8874,0.0008767657648843299,0.2819229864757766,1.3230785941259642,63.08723638879017,-8.106722712135735,0.012338965732266772
2023-02-03,ETHUSDT,1643.12,1676.0,1625.93,1663.52,464815.032,0.012338965732266772,-0.3027919637467806,0.9499161975361424,64.73105064644633,-6.171051797457608,0.0017177697247712745
2023-02-04,ETHUSDT,1663.52,1695.29,1645.43,1666.38,308227.1295,0.0017177697247712745,-0.41080260116179507,0.6387225611421167,64.96659843851342,-5.104993512396604,-0.02267500195691283
2023-02-05,ETHUSDT,1666.39,1673.81,1609.3,1629.02,413579.6748,-0.02267500195691283,0.29401323517566647,0.8584235939660164,59.38699441012997,-7.1949872391617475,-0.009083375488667503
2023-02-06,ETHUSDT,1629.01,1658.56,1605.01,1614.29,384119.4197,-0.009083375488667503,-0.07389668677754313,0.8313399404091537,57.29755443489846,-9.692979735835465,0.03454497124674816
2023-02-07,ETHUSDT,1614.28,1678.37,1613.14,1671.03,451922.4,0.03454497124674816,0.16255699063454465,1.0463228900573733,62.736267805001745,-7.732608368271386,-0.012404342752227635
2023-02-08,ETHUSDT,1671.03,1697.91,1630.47,1650.43,417966.2539,-0.012404342752227635,-0.07810978670828247,0.9358042919520373,59.760361772434656,-7.998620750952902,-0.0657854381103781
2023-02-09,ETHUSDT,1650.42,1656.17,1524.4,1545.35,658011.6964,-0.0657854381103781,0.4538220098821439,1.5004409637634608,47.40710435644859,-15.019228292072967,-0.021116331578965423
2023-02-10,ETHUSDT,1545.35,1555.01,1490.0,1513.06,484654.2199,-0.021116331578965423,-0.3057870188422894,1.0948602550234854,44.37176245624797,-21.225933763296233,0.01668032526444855
2023-02-11,ETHUSDT,1513.05,1543.0,1505.0,1538.51,289691.5708,0.01668032526444855,-0.5146188799634578,0.6502656676198041,47.23911244076869,-22.863925322672117,-0.015511194152279386
2023-02-12,ETHUSDT,1538.5,1548.02,1493.08,1514.83,286758.374,-0.015511194152279386,-0.010176849323775678,0.6475303482825028,44.91907596205461,-24.63571960125855,-0.006350867518422775
2023-02-13,ETHUSDT,1514.82,1526.1,1461.93,1505.24,643152.3904,-0.006350867518422775,0.8077417365029519,1.5142546465202356,43.97709693459571,-25.44315777676595,0.032979679139187305
2023-02-14,ETHUSDT,1505.25,1569.0,1482.66,1555.71,668964.3768,0.032979679139187305,0.03934911505533589,1.448800530004121,49.9282677638894,-21.712949994074023,0.07383336987757323
2023-02-15,ETHUSDT,1555.7,1680.0,1542.55,1674.92,581207.8586,0.07383336987757323,-0.14062235734010298,1.179536219611964,60.57994695864845,-10.897862873496685,-0.02238710238021172
2023-02-16,ETHUSDT,1674.92,1742.97,1633.72,1637.84,832723.6731,-0.02238710238021172,0.3595934092240719,1.6136087868681228,56.55025585184149,-6.15827962296224,0.03363755128252365
2023-02-17,ETHUSDT,1637.83,1722.0,1630.51,1693.87,579934.663,0.03363755128252365,-0.36178641496897884,1.0719247983856108,60.79410396735755,0.48093736113042596,-0.0013292021723714732
2023-02-18,ETHUSDT,1693.81,1713.13,1679.77,1691.62,267305.7813,-0.0013292021723714732,-0.7745221957767016,0.4819504970378063,60.53839257718044,4.242379641481641,-0.007041676854215978
2023-02-19,ETHUSDT,1691.62,1726.59,1666.14,1679.75,401023.0477,-0.007041676854215978,0.40562564979773413,0.7272349918713578,59.125477190918026,5.379312302189639,0.013904960042027494
2023-02-20,ETHUSDT,1679.74,1719.89,1650.56,1703.27,451314.8335,0.013904960042027494,0.1181462734570274,0.7949058857771661,61.06458246393137,7.0578998713866845,-0.02587691925740261
2023-02-21,ETHUSDT,1703.27,1716.66,1636.3,1659.76,520354.4688,-0.02587691925740261,0.14234507543967903,0.9629890532652866,55.79162628590421,4.694207522342108,-0.010063968196039556
2023-02-22,ETHUSDT,1659.77,1666.95,1595.07,1643.14,528875.4809,-0.010063968196039556,0.01624276821568616,1.01878552256659,53.87780541194891,1.6261590228459433,0.004487403049425096
2023-02-23,ETHUSDT,1643.15,1679.0,1628.75,1650.53,501305.9717,0.004487403049425096,-0.05353638170220898,0.9797879378308043,54.62316285033692,-0.19397833114291885,-0.026229663544409202
2023-02-24,ETHUSDT,1650.52,1664.66,1575.64,1607.8,512515.4982,-0.026229663544409202,0.022114314319382444,1.10384073139026,49.62899384954783,-4.3346337421404115,-0.008256406234486072
2023-02-25,ETHUSDT,1607.8,1608.98,1557.33,1594.58,290188.0391,-0.008256406234486072,-0.5688018274027844,0.6382377894522338,48.16184967148981,-7.819546150248847,0.02891478779857588
2023-02-26,ETHUSDT,1594.58,1651.26,1587.76,1641.36,308607.9941,0.02891478779857588,0.061542720457755135,0.6739054247143482,53.410404186116494,-6.863884524553519,-0.004830824006812237
2023-02-27,ETHUSDT,1641.37,1665.22,1608.0,1633.45,431861.4129,-0.004830824006812237,0.33603288930289993,0.971047960976322,52.443501327638884,-6.649598337195741,-0.01742729397311297
2023-02-28,ETHUSDT,1633.45,1647.52,1596.66,1605.23,393523.1647,-0.01742729397311297,-0.09296479881779836,0.8904076862050544,49.03305556882116,-8.19220612024177,0.036690198339970156
2023-03-01,ETHUSDT,1605.24,1669.72,1595.0,1665.22,474456.8235,0.036690198339970156,0.18703068574660325,1.1194252865321883,55.63757578551979,-5.107107138002021,-0.010479770413468176
2023-03-02,ETHUSDT,1665.23,1677.86,1619.18,1647.86,423023.8082,-0.010479770413468176,-0.11474215860911081,1.0167239280629026,53.47792865729298,-4.207833361459986,-0.04875223690936088
2023-03-03,ETHUSDT,1647.86,1649.25,1544.39,1569.45,742816.5976,-0.04875223690936088,0.5630207122476678,1.8346478215454363,44.98448571733619,-8.61221176740439,-0.0017345947503006707
2023-03-04,ETHUSDT,1569.45,1577.53,1549.12,1566.73,237640.2606,-0.0017345947503006707,-1.139691153767138,0.5428271669752774,44.71915658698638,-11.259943871535997,-0.0013732273954761825
2023-03-05,ETHUSDT,1566.74,1588.77,1553.05,1564.58,299240.7415,-0.0013732273954761825,0.23049038484158862,0.6954627589816144,44.49575052687624,-12.60580585540497,0.0008050038448790274
2023-03-06,ETHUSDT,1564.57,1583.49,1554.44,1565.84,307709.3011,0.0008050038448790274,0.027907104745190005,0.7173755370724036,44.6702030241632,-12.818779145128284,-0.002480978317154744
2023-03-07,ETHUSDT,1565.84,1584.49,1536.14,1561.96,437947.9032,-0.002480978317154744,0.3529444511460274,1.0650444446242937,44.209404074057524,-12.609321538671823,-0.019119360558395224
2023-03-08,ETHUSDT,1561.95,1570.89,1523.61,1532.38,460101.7658,-0.019119360558395224,0.04934773417891615,1.1019136832890697,40.75754762409998,-13.757447309902842,-0.06404181387886924
2023-03-09,ETHUSDT,1532.38,1546.45,1408.0,1437.32,718485.1364,-0.06404181387886924,0.44569732330293,1.7292177705040717,32.08692179206835,-19.843718012907686,-0.007598438659315794
2023-03-10,ETHUSDT,1437.32,1439.43,1368.39,1426.44,960262.4509,-0.007598438659315794,0.2900616151344861,2.0979898427279324,31.267051595140657,-23.288671136552555,0.03141980986582175
2023-03-11,ETHUSDT,1426.43,1478.07,1408.4,1471.97,1374859.6201,0.03141980986582175,0.35890027696314,2.8128989111383946,38.364487713015365,-21.244473428734526,0.07103204632577907
2023-03-12,ETHUSDT,1471.93,1594.19,1448.3,1580.33,1002355.0929,0.07103204632577907,-0.3159993074186271,1.5391732112404142,51.26327521007038,-11.808858274076105,0.05725367773066491
2023-03-13,ETHUSDT,1580.33,1693.49,1565.0,1673.45,1228063.6053,0.05725367773066491,0.20308630021531296,1.6337705468093888,59.170904345659615,0.8192571827999906,0.015387883866641848
2023-03-14,ETHUSDT,1673.44,1780.02,1655.24,1699.4,1283321.2355,0.015387883866641848,0.04401280847353523,1.4531120721669994,61.06669468705429,10.497883569406149,-0.029524202392909437
2023-03-15,ETHUSDT,1699.41,1716.9,1611.0,1649.96,963142.4833,-0.029524202392909437,-0.28700535309646985,0.9593804910456588,55.755032997495114,12.985317284135949,0.014303623541625463
2023-03-16,ETHUSDT,1649.95,1691.42,1632.18,1673.73,627985.6119,0.014303623541625463,-0.4276841033712233,0.5837468083159664,57.661783857748006,15.477550366412393,0.06675304670589965
2023-03-17,ETHUSDT,1673.73,1800.0,1662.65,1789.27,907528.2825,0.06675304670589965,0.3682074757241575,0.8538583912343358,65.45480111063073,23.6634151633706,-0.017153214596847183
2023-03-18,ETHUSDT,1789.26,1841.0,1747.47,1758.84,711614.731,-0.017153214596847183,-0.24318807412857218,0.6743103478734539,62.207162140975456,25.619423358719644,0.012340812978825897
2023-03-19,ETHUSDT,1758.84,1841.36,1757.92,1780.68,541131.8908,0.012340812978825897,-0.27387361692186274,0.5633428041260291,63.6029759085035,26.845498386446753,-0.027268258638845883
2023-03-20,ETHUSDT,1780.67,1803.05,1722.0,1732.78,682848.1248,-0.027268258638845883,0.23260943009095136,0.7632282931319979,58.4998067162624,23.03796237116461,0.03874270968448265
2023-03-21,ETHUSDT,1732.77,1835.0,1717.01,1801.23,742348.4999,0.03874270968448265,0.08354633933588049,0.9088541731165377,63.0609234528536,23.647730809792073,-0.03784859319942085
2023-03-22,ETHUSDT,1801.23,1819.98,1710.12,1734.33,891287.6009,-0.03784859319942085,0.1828483504676522,1.205233871503861,56.52240910542962,18.30259627389379,0.0447974070589959
2023-03-23,ETHUSDT,1734.34,1857.16,1729.35,1813.79,732061.103,0.0447974070589959,-0.19680317526542038,1.0038558204563741,61.61343320364258,18.803882661203104,-0.03604853527210302
2023-03-24,ETHUSDT,1813.78,1818.99,1726.4,1749.57,564770.1417,-0.03604853527210302,-0.25944516500168785,0.7589801174034677,55.91477408168545,13.731134368883119,-0.004405053737011967
2023-03-25,ETHUSDT,1749.57,1763.23,1713.09,1741.88,355679.3743,-0.004405053737011967,-0.46238912847077845,0.511657182538236,55.25572872706487,9.006927477033898,0.01820424813649747
2023-03-26,ETHUSDT,1741.88,1801.0,1739.31,1773.88,354933.2372,0.01820424813649747,-0.0020999834850274676,0.5508786795055878,57.50054308254878,7.2612247815717055,-0.033627885582368316
2023-03-27,ETHUSDT,1773.88,1780.48,1686.13,1715.22,570563.5023,-0.033627885582368316,0.4746947654474664,0.9236843075422682,52.318782050882376,1.6716442313416877,0.033126034644116106
2023-03-28,ETHUSDT,1715.21,1795.73,1701.13,1772.99,536511.3973,0.033126034644116106,-0.061536667363706256,0.8917136071447508,56.47841605037101,1.3922911417673163,0.011261847656573554
2023-03-29,ETHUSDT,1773.0,1827.99,1772.48,1793.07,536865.5972,0.011261847656573554,0.0006599729911696695,0.9381529823862741,57.85468437314971,2.0474688364638,0.000301114124527503
2023-03-30,ETHUSDT,1793.06,1829.69,1763.0,1793.61,579690.0394,0.000301114124527503,0.07674576722367882,1.1113128291920464,57.893246849054584,2.0023830778497995,0.015440968668430453
2023-03-31,ETHUSDT,1793.6,1847.28,1777.91,1821.52,554525.4762,0.015440968668430453,-0.04438079567290717,1.1093637012352184,59.93378481054388,3.262874845639999,-0.0004008445243675286
2023-04-01,ETHUSDT,1821.52,1842.83,1807.81,1820.79,272904.9674,-0.0004008445243675286,-0.7089891203689431,0.547567058105587,59.85208521304405,3.440425608886109,-0.01453846867051438
2023-04-02,ETHUSDT,1820.8,1824.81,1771.7,1794.51,322122.9385,-0.01453846867051438,0.16580963944196145,0.6620271280102411,56.84774810071293,1.291519689709169,0.008876569371509933
2023-04-03,ETHUSDT,1794.51,1839.99,1762.77,1810.51,628503.6619,0.008876569371509933,0.6684085851629313,1.3042649733481624,58.22270473771582,0.49235218371769207,0.03252769871276309
2023-04-04,ETHUSDT,1810.51,1891.91,1802.01,1870.37,622208.6411,0.03252769871276309,-0.010066382080179147,1.2693975469303738,62.97576232203618,3.3789888123814364,0.020280870614801574
2023-04-05,ETHUSDT,1870.38,1942.98,1864.58,1908.69,548595.5155,0.020280870614801574,-0.12591406831918917,1.0919430523253586,65.66852851266802,7.042159927104628,-0.019190771703289936
2023-04-06,ETHUSDT,1908.68,1909.91,1853.7,1872.41,396241.4352,-0.019190771703289936,-0.32533769370538573,0.7860705025215958,61.13507242901744,6.223170103025566,-0.0046518807808922
2023-04-07,ETHUSDT,1872.41,1882.61,1841.46,1863.72,284256.4873,-0.0046518807808922,-0.33214675543505967,0.5948383735090176,60.065441425164124,4.3843269175341035,-0.008026892640481205
2023-04-08,ETHUSDT,1863.73,1879.38,1847.0,1848.82,197905.5407,-0.008026892640481205,-0.36208710519553744,0.4505410516424775,58.18564600404953,1.5963541410689146,0.00544807617683312
2023-04-09,ETHUSDT,1848.82,1873.99,1824.01,1858.92,287131.3079,0.00544807617683312,0.37214978025506157,0.6700100764788256,59.11959023411735,-0.04856135402905437,0.027212274694365286
2023-04-10,ETHUSDT,1858.91,1918.79,1846.4,1910.2,434739.7984,0.027212274694365286,0.41480805757403555,1.0264216385297436,63.56877692613589,1.7373205756415686,-0.010705196364642943
2023-04-11,ETHUSDT,1910.21,1937.37,1881.11,1889.86,405203.4892,-0.010705196364642943,-0.07035830412544486,1.0235813214848526,60.74479398981668,1.0053601961460288,0.01446213399745325
2023-04-12,ETHUSDT,1889.86,1933.0,1852.65,1917.39,630844.4186,0.01446213399745325,0.4426698855128164,1.7289677849563023,63.1320920918464,1.7862957562778021,0.048169336152757536
2023-04-13,ETHUSDT,1917.4,2023.0,1899.55,2012.01,676164.5188,0.048169336152757536,0.06937714853242381,1.7953614067909764,69.90614560280778,7.752002985374467,0.04279836040920956
2023-04-14,ETHUSDT,2012.0,2128.76,2009.22,2099.99,896307.3934,0.04279836040920956,0.2818470096909576,2.151448368382152,74.58260223931391,16.213274749424265,-0.004481476696807716
2023-04-15,ETHUSDT,2099.99,2111.85,2071.13,2090.6,321823.7851,-0.004481476696807716,-1.0242792826243619,0.6384856025478655,73.27385891877262,19.544284910715206,
